Time,Frame,x,y,yaw,vel_x,vel_y,vel_yaw
motor,2025-03-31 12:59:51.259619,90.9000015258789,94.58000183105469
motor,2025-03-31 12:59:51.820342,91.0,94.58000183105469
odom,2025-03-31 12:59:51.821470,0.0,0.0,0.0,0.0,0.0,0.0
motor,2025-03-31 12:59:51.821854,90.9000015258789,94.58000183105469
motor,2025-03-31 12:59:51.840461,91.0,94.51000213623047
motor,2025-03-31 12:59:51.840825,90.9000015258789,94.7699966430664
motor,2025-03-31 12:59:51.841233,90.9000015258789,94.58000183105469
motor,2025-03-31 12:59:51.859570,90.9000015258789,94.58999633789062
motor,2025-03-31 12:59:51.879073,91.0,94.5199966430664
odom,2025-03-31 12:59:51.879905,0.0016785138405492252,-0.0005159325478872518,-0.056536052643263,-0.0136348446772234,0.004176284435080446,-0.008013027501169464
motor,2025-03-31 12:59:51.899783,90.9000015258789,94.7699966430664
motor,2025-03-31 12:59:51.925574,90.9000015258789,94.58999633789062
motor,2025-03-31 12:59:51.939773,90.9000015258789,94.66999816894531
motor,2025-03-31 12:59:51.960538,91.0,94.51000213623047
motor,2025-03-31 12:59:51.979474,91.0,94.48999786376953
motor,2025-03-31 12:59:52.000425,91.0,94.51000213623047
motor,2025-03-31 12:59:52.027822,91.0,94.51000213623047
motor,2025-03-31 12:59:52.039514,91.0,94.58000183105469
motor,2025-03-31 12:59:52.060554,91.0,94.58000183105469
motor,2025-03-31 12:59:52.079433,91.0,94.58000183105469
motor,2025-03-31 12:59:52.102196,91.0,94.58000183105469
motor,2025-03-31 12:59:52.130398,90.9000015258789,94.7699966430664
motor,2025-03-31 12:59:52.141264,91.0,94.51000213623047
motor,2025-03-31 12:59:52.159505,90.9000015258789,94.51000213623047
motor,2025-03-31 12:59:52.180856,90.9000015258789,94.58000183105469
motor,2025-03-31 12:59:52.199523,91.0,94.58999633789062
motor,2025-03-31 12:59:52.219759,91.0,94.58000183105469
motor,2025-03-31 12:59:52.242843,90.9000015258789,94.58000183105469
motor,2025-03-31 12:59:52.259925,91.0,94.58000183105469
motor,2025-03-31 12:59:52.280017,90.9000015258789,94.58000183105469
motor,2025-03-31 12:59:52.299966,91.0,94.7699966430664
motor,2025-03-31 12:59:52.319798,91.0,94.7699966430664
motor,2025-03-31 12:59:52.345951,91.0,94.51000213623047
motor,2025-03-31 12:59:52.359178,90.9000015258789,94.58000183105469
motor,2025-03-31 12:59:52.379009,91.0,94.51000213623047
motor,2025-03-31 12:59:52.399655,90.4000015258789,94.76000213623047
motor,2025-03-31 12:59:52.419495,91.0,94.58999633789062
motor,2025-03-31 12:59:52.447060,90.9000015258789,94.58000183105469
motor,2025-03-31 12:59:52.459529,90.9000015258789,94.58000183105469
motor,2025-03-31 12:59:52.480631,91.0,94.51000213623047
motor,2025-03-31 12:59:52.499293,91.0,94.76000213623047
motor,2025-03-31 12:59:52.519103,91.0,94.58000183105469
motor,2025-03-31 12:59:52.543629,90.9000015258789,94.58000183105469
odom,2025-03-31 12:59:52.549192,0.001440884569708332,-0.0004846511209348975,-0.054034663461015146,0.0019375751910832805,-0.00025320293343229555,-0.007688732172453921
motor,2025-03-31 12:59:52.559366,91.0,94.48999786376953
motor,2025-03-31 12:59:52.579683,90.9000015258789,94.56999969482422
motor,2025-03-31 12:59:52.603917,91.0,94.58000183105469
odom,2025-03-31 12:59:52.606282,0.0017347259303505046,-0.00032026897825403856,-0.06800426792005412,-0.002171815206206842,-0.0012183539631993561,-0.00877833727512844
motor,2025-03-31 12:59:52.619347,91.0,94.58999633789062
motor,2025-03-31 12:59:52.642035,90.9000015258789,94.58000183105469
odom,2025-03-31 12:59:52.664241,0.001151143394946735,-0.00015850408384893868,-0.08219493606606805,0.0047471765580986425,-0.0013085527807248057,-0.011664961644119372
motor,2025-03-31 12:59:52.671674,91.0,94.58000183105469
motor,2025-03-31 12:59:52.683356,90.9000015258789,94.76000213623047
motor,2025-03-31 12:59:52.699661,90.9000015258789,94.58000183105469
odom,2025-03-31 12:59:52.722643,0.0018457631481896457,-0.0016261246392986213,-0.1417793630789457,-0.0051703087312590474,0.01085449201509648,-0.018322991456724884
motor,2025-03-31 12:59:52.723006,90.9000015258789,94.58000183105469
motor,2025-03-31 12:59:52.748518,91.0,94.58000183105469
motor,2025-03-31 12:59:52.759288,91.0,94.58000183105469
motor,2025-03-31 12:59:52.779434,91.0,94.7699966430664
odom,2025-03-31 12:59:52.781343,0.002439063314169282,-0.0016161820842537,-0.18569167421849106,-0.004828854771082174,-9.657748510477108e-05,-0.026379426383887458
motor,2025-03-31 12:59:52.814707,90.9000015258789,94.76000213623047
motor,2025-03-31 12:59:52.819440,91.0,94.56999969482422
odom,2025-03-31 12:59:52.839379,0.0024525508706499557,-0.001758239370206042,-0.20057735919462524,-0.00011394993009753195,0.0011571108656182492,-0.02852448182787027
motor,2025-03-31 12:59:52.847058,90.9000015258789,94.56999969482422
motor,2025-03-31 12:59:52.860533,91.0,94.58000183105469
motor,2025-03-31 12:59:52.883469,90.9000015258789,94.58000183105469
odom,2025-03-31 12:59:52.897904,0.0028918674918458538,-0.001713112202415355,-0.18810931494909383,-0.0032507859502039246,-0.0003447139448773623,-0.024302292474674882
motor,2025-03-31 12:59:52.930761,90.9000015258789,94.56999969482422
motor,2025-03-31 12:59:52.931108,90.9000015258789,94.56999969482422
odom,2025-03-31 12:59:52.956292,0.0050448200124862735,-0.001775040230727862,-0.24087815069401688,-0.01753617840365844,0.0004306380715291542,-0.03423943646441159
motor,2025-03-31 12:59:52.960805,91.0,94.58000183105469
motor,2025-03-31 12:59:52.961157,91.0,94.58000183105469
motor,2025-03-31 12:59:53.000476,91.0,94.51000213623047
motor,2025-03-31 12:59:53.000856,90.9000015258789,94.7699966430664
odom,2025-03-31 12:59:53.015274,0.00476679403156385,-0.002055166986533991,-0.26060663902922715,0.0022523945658366952,0.002290154124089331,-0.03701871248166537
motor,2025-03-31 12:59:53.025713,90.9000015258789,94.58000183105469
motor,2025-03-31 12:59:53.065111,91.0,94.51000213623047
motor,2025-03-31 12:59:53.065469,91.0,94.58000183105469
odom,2025-03-31 12:59:53.076567,0.004598590830777646,-0.002018924115647403,-0.25453542947245966,0.001249557529650758,-0.00026343976080566665,-0.03297132367011748
motor,2025-03-31 12:59:53.085177,91.0,94.58000183105469
motor,2025-03-31 12:59:53.109297,90.9000015258789,94.58000183105469
motor,2025-03-31 12:59:53.119903,91.0,94.58999633789062
odom,2025-03-31 12:59:53.139202,0.005153517521030832,-0.002207962274752876,-0.28916992427869065,-0.0045182856580295635,0.001513766973525479,-0.04102306141352116
motor,2025-03-31 12:59:53.140131,90.9000015258789,94.58000183105469
motor,2025-03-31 12:59:53.164041,90.9000015258789,94.58999633789062
motor,2025-03-31 12:59:53.179511,90.9000015258789,94.58000183105469
odom,2025-03-31 12:59:53.197716,0.005506196525206946,-0.0021574788269362604,-0.31698721997454266,-0.002865985345031519,-0.0004264389227710907,-0.04499499512971273
motor,2025-03-31 12:59:53.199877,90.9000015258789,94.58000183105469
motor,2025-03-31 12:59:53.221688,90.9000015258789,94.76000213623047
motor,2025-03-31 12:59:53.239654,91.0,94.51000213623047
odom,2025-03-31 12:59:53.256031,0.005295089338698456,-0.002337711062100164,-0.3477491734487076,0.0015551473975666706,0.001344106953373966,-0.044944473795656525
motor,2025-03-31 12:59:53.262342,90.9000015258789,94.58999633789062
motor,2025-03-31 12:59:53.280557,91.0,94.58000183105469
motor,2025-03-31 12:59:53.300213,91.0,94.7699966430664
odom,2025-03-31 12:59:53.318103,0.0056519928680955215,-0.002701612933247128,-0.4033627773932501,-0.0029281967096702146,0.002943867789506171,-0.05734916097426529
motor,2025-03-31 12:59:53.322879,90.9000015258789,94.58000183105469
motor,2025-03-31 12:59:53.339738,90.9000015258789,94.58000183105469
motor,2025-03-31 12:59:53.360587,91.0,94.51000213623047
motor,2025-03-31 12:59:53.379904,91.0,94.48999786376953
motor,2025-03-31 12:59:53.401321,91.0,94.58000183105469
motor,2025-03-31 12:59:53.420627,91.0,94.58000183105469
odom,2025-03-31 12:59:53.432985,0.005536790260513748,-0.002630234946132522,-0.3950732217017116,0.0008558852368865023,-0.0005221624395281352,-0.0510113764617437
motor,2025-03-31 12:59:53.446422,91.0,94.58000183105469
motor,2025-03-31 12:59:53.481785,90.9000015258789,94.58000183105469
motor,2025-03-31 12:59:53.482268,90.9000015258789,94.58000183105469
motor,2025-03-31 12:59:53.499935,90.9000015258789,94.76000213623047
motor,2025-03-31 12:59:53.519902,91.0,94.58000183105469
motor,2025-03-31 12:59:53.540242,90.9000015258789,94.58000183105469
odom,2025-03-31 12:59:53.554297,0.005268052234327135,-0.0025611223109293702,-0.3774185084576648,0.0021910189110984166,-0.0005481133156839148,-0.05361568954999535
motor,2025-03-31 12:59:53.564408,91.0,94.58000183105469
motor,2025-03-31 12:59:53.579874,90.9000015258789,94.58000183105469
motor,2025-03-31 12:59:53.600264,91.0,94.58000183105469
motor,2025-03-31 12:59:53.623267,91.0,94.58000183105469
motor,2025-03-31 12:59:53.641069,90.9000015258789,94.58000183105469
motor,2025-03-31 12:59:53.666292,91.0,94.56999969482422
motor,2025-03-31 12:59:53.680635,90.9000015258789,94.58000183105469
odom,2025-03-31 12:59:53.687926,0.004785173598219018,-0.0030138328116709086,-0.4154357187185612,0.003907956343396534,0.003717410790555351,-0.059083564405402196
motor,2025-03-31 12:59:53.700225,91.0,94.51000213623047
motor,2025-03-31 12:59:53.720368,90.9000015258789,94.76000213623047
motor,2025-03-31 12:59:53.742017,91.0,94.76000213623047
motor,2025-03-31 12:59:53.787728,90.9000015258789,94.51000213623047
motor,2025-03-31 12:59:53.788065,90.9000015258789,94.58000183105469
motor,2025-03-31 12:59:53.800756,91.0,94.58000183105469
odom,2025-03-31 12:59:53.813652,0.00493105064680106,-0.0029050599951624865,-0.42095717771734126,-0.0010728390204905874,-0.0008122919123574947,-0.05433259007657835
motor,2025-03-31 12:59:53.820248,91.0,94.58000183105469
motor,2025-03-31 12:59:53.840417,90.9000015258789,94.58000183105469
motor,2025-03-31 12:59:53.870638,90.9000015258789,94.58000183105469
motor,2025-03-31 12:59:53.882076,91.0,94.51000213623047
motor,2025-03-31 12:59:53.900819,90.9000015258789,94.7699966430664
motor,2025-03-31 12:59:53.920119,91.0,94.51000213623047
odom,2025-03-31 12:59:53.939010,0.007421765287146754,-0.003116408673852592,-0.4552936319210549,-0.020318076246394517,0.0015615715430172656,-0.0647811321596577
motor,2025-03-31 12:59:53.942927,91.0,94.58000183105469
motor,2025-03-31 12:59:53.961432,90.9000015258789,94.58000183105469
motor,2025-03-31 12:59:53.988666,90.9000015258789,94.58999633789062
motor,2025-03-31 12:59:54.000130,90.9000015258789,94.58999633789062
motor,2025-03-31 12:59:54.020007,91.0,94.58000183105469
motor,2025-03-31 12:59:54.040338,90.9000015258789,94.58000183105469
motor,2025-03-31 12:59:54.060047,90.9000015258789,94.58000183105469
odom,2025-03-31 12:59:54.069856,0.008382792080582761,-0.003309158065564736,-0.46410618207965293,-0.007839024967325298,0.0015062965072199866,-0.06596757676421267
motor,2025-03-31 12:59:54.082014,91.0,94.51000213623047
motor,2025-03-31 12:59:54.101085,90.80000305175781,94.68000030517578
motor,2025-03-31 12:59:54.120285,91.0,94.58000183105469
motor,2025-03-31 12:59:54.140305,90.9000015258789,94.58000183105469
motor,2025-03-31 12:59:54.159823,90.9000015258789,94.58000183105469
motor,2025-03-31 12:59:54.184131,91.0,94.58000183105469
odom,2025-03-31 12:59:54.191473,0.009222789079233802,-0.003205225546660981,-0.4955695146833679,-0.006208773641886105,-0.0008227928363828106,-0.06400167287488982
motor,2025-03-31 12:59:54.200263,91.0,94.58000183105469
motor,2025-03-31 12:59:54.220469,90.9000015258789,94.58000183105469
motor,2025-03-31 12:59:54.240552,91.0,94.58000183105469
motor,2025-03-31 12:59:54.260724,90.9000015258789,94.58000183105469
motor,2025-03-31 12:59:54.280434,91.0,94.56999969482422
motor,2025-03-31 12:59:54.299938,90.9000015258789,94.58000183105469
odom,2025-03-31 12:59:54.313266,0.00927270414818383,-0.0038212047298603427,-0.5449394588123758,-0.00045416496543053804,0.005012039105441075,-0.07745127080764277
motor,2025-03-31 12:59:54.320631,91.0,94.58000183105469
motor,2025-03-31 12:59:54.340039,90.9000015258789,94.56999969482422
motor,2025-03-31 12:59:54.360096,91.0999984741211,94.58000183105469
motor,2025-03-31 12:59:54.381426,91.0999984741211,94.56999969482422
motor,2025-03-31 12:59:54.400567,91.0999984741211,94.48999786376953
motor,2025-03-31 12:59:54.420455,91.0999984741211,94.76000213623047
motor,2025-03-31 12:59:54.440877,91.19999694824219,94.56999969482422
odom,2025-03-31 12:59:54.450377,0.011262470099803891,-0.00424392009026947,-0.5731121934834625,-0.01622761741398179,0.003278180624094679,-0.08140846840053231
motor,2025-03-31 12:59:54.459967,91.19999694824219,94.51000213623047
motor,2025-03-31 12:59:54.484291,91.19999694824219,94.58000183105469
motor,2025-03-31 12:59:54.500244,91.19999694824219,94.58000183105469
motor,2025-03-31 12:59:54.520436,91.4000015258789,94.58000183105469
motor,2025-03-31 12:59:54.540743,91.4000015258789,94.58000183105469
motor,2025-03-31 12:59:54.560081,91.4000015258789,94.58000183105469
odom,2025-03-31 12:59:54.575608,0.012216442557384785,-0.0040326732516169535,-0.5768358774547453,-0.007042639849636412,-0.0016340646469693424,-0.07449388418898087
motor,2025-03-31 12:59:54.586902,91.5999984741211,94.48999786376953
motor,2025-03-31 12:59:54.600311,91.80000305175781,94.58000183105469
motor,2025-03-31 12:59:54.621033,92.0999984741211,94.58000183105469
motor,2025-03-31 12:59:54.640341,92.80000305175781,94.66999816894531
motor,2025-03-31 12:59:54.659963,93.5,95.20999908447266
motor,2025-03-31 12:59:54.689269,94.0999984741211,95.30000305175781
motor,2025-03-31 12:59:54.700638,94.4000015258789,95.30999755859375
odom,2025-03-31 12:59:54.707605,0.010738992134959066,-0.004513101852212427,-0.6075373095448311,0.011983995491442584,0.0040378853502995435,-0.08631048724752206
motor,2025-03-31 12:59:54.720455,94.69999694824219,95.27999877929688
motor,2025-03-31 12:59:54.740676,95.19999694824219,95.30000305175781
motor,2025-03-31 12:59:54.760353,95.5,95.30000305175781
motor,2025-03-31 12:59:54.779639,95.80000305175781,95.27999877929688
motor,2025-03-31 12:59:54.800813,96.4000015258789,95.30000305175781
motor,2025-03-31 12:59:54.820291,96.69999694824219,95.02999877929688
odom,2025-03-31 12:59:54.832509,0.01000869468438771,-0.004723722249305878,-0.6516869739010004,0.00539343057056936,0.001622154066411564,-0.08428239394756011
motor,2025-03-31 12:59:54.841094,97.0,95.12000274658203
motor,2025-03-31 12:59:54.859886,97.5,95.12000274658203
motor,2025-03-31 12:59:54.880160,97.4000015258789,95.12000274658203
motor,2025-03-31 12:59:54.901288,97.80000305175781,95.30000305175781
motor,2025-03-31 12:59:54.921666,97.9000015258789,95.27999877929688
motor,2025-03-31 12:59:54.940303,97.9000015258789,95.11000061035156
motor,2025-03-31 12:59:54.960358,97.9000015258789,95.12000274658203
odom,2025-03-31 12:59:54.961570,0.009951394987639809,-0.004373876585161061,-0.6585256682843781,0.0004984825233532464,-0.0028385741381155654,-0.09343742938026843
motor,2025-03-31 12:59:54.979785,98.0,94.93000030517578
motor,2025-03-31 12:59:55.002020,97.9000015258789,95.27999877929688
motor,2025-03-31 12:59:55.020141,98.0999984741211,94.86000061035156
motor,2025-03-31 12:59:55.040216,98.0999984741211,94.86000061035156
motor,2025-03-31 12:59:55.060768,98.30000305175781,94.93000030517578
motor,2025-03-31 12:59:55.081037,98.4000015258789,94.93000030517578
odom,2025-03-31 12:59:55.089087,0.009818490029280168,-0.004507751927261943,-0.6540107728084703,0.0010702857884792494,0.001103000596187713,-0.09299761813951372
motor,2025-03-31 12:59:55.104692,98.30000305175781,95.11000061035156
motor,2025-03-31 12:59:55.175109,98.5999984741211,95.27999877929688
motor,2025-03-31 12:59:55.175501,98.69999694824219,95.63999938964844
motor,2025-03-31 12:59:55.175957,98.9000015258789,96.16000366210938
motor,2025-03-31 12:59:55.179721,99.0,96.69000244140625
motor,2025-03-31 12:59:55.213068,99.30000305175781,97.4000015258789
motor,2025-03-31 12:59:55.220541,99.30000305175781,97.91999816894531
odom,2025-03-31 12:59:55.237423,0.008406342173651254,-0.004877522185486662,-0.6705510697698778,0.010411806433271498,0.0028569404914699234,-0.08656013172841419
motor,2025-03-31 12:59:55.239769,99.5,98.55000305175781
motor,2025-03-31 12:59:55.260958,99.69999694824219,99.33000183105469
motor,2025-03-31 12:59:55.280404,100.0,100.04000091552734
motor,2025-03-31 12:59:55.305533,100.4000015258789,101.08999633789062
motor,2025-03-31 12:59:55.320116,100.69999694824219,101.62000274658203
odom,2025-03-31 12:59:55.334582,0.008908926331081538,-0.005099737196886164,-0.695022912786777,-0.004114302328477411,0.0017597681438243106,-0.09878082945460197
motor,2025-03-31 12:59:55.340428,100.69999694824219,101.9800033569336
motor,2025-03-31 12:59:55.360127,100.80000305175781,102.5
motor,2025-03-31 12:59:55.380291,100.69999694824219,102.66999816894531
motor,2025-03-31 12:59:55.407738,100.9000015258789,103.38999938964844
motor,2025-03-31 12:59:55.419803,101.4000015258789,103.56999969482422
motor,2025-03-31 12:59:55.440239,101.5,103.91999816894531
motor,2025-03-31 12:59:55.460581,101.5,104.08000183105469
motor,2025-03-31 12:59:55.480135,101.5,104.43000030517578
odom,2025-03-31 12:59:55.481178,0.008992337701622362,-0.0051095599767181565,-0.6988618067477903,-0.0006814601682988413,7.183517664002533e-05,-0.09951597489512345
motor,2025-03-31 12:59:55.510214,101.4000015258789,104.9800033569336
motor,2025-03-31 12:59:55.520757,101.5,104.95999908447266
motor,2025-03-31 12:59:55.541249,101.5,105.1500015258789
motor,2025-03-31 12:59:55.559835,101.5,105.33000183105469
motor,2025-03-31 12:59:55.579739,101.5,105.48999786376953
odom,2025-03-31 12:59:55.593624,0.00850937071842323,-0.005374515057305253,-0.7414822678902702,0.0035436185103324587,0.002004115462509845,-0.09563976604300624
motor,2025-03-31 12:59:55.617427,101.5,105.86000061035156
motor,2025-03-31 12:59:55.623741,101.5,106.0199966430664
motor,2025-03-31 12:59:55.639921,101.69999694824219,106.0199966430664
motor,2025-03-31 12:59:55.660913,102.5,106.20999908447266
motor,2025-03-31 12:59:55.679842,102.69999694824219,106.27999877929688
motor,2025-03-31 12:59:55.700184,103.0999984741211,106.37000274658203
odom,2025-03-31 12:59:55.714907,0.007728853352794791,-0.0053304608117009855,-0.7153980520694634,0.006361810738385659,-0.00027944067109850353,-0.1017070760087208
motor,2025-03-31 12:59:55.721131,103.19999694824219,106.70999908447266
motor,2025-03-31 12:59:55.739786,103.0999984741211,106.55000305175781
motor,2025-03-31 12:59:55.760473,103.0999984741211,106.72000122070312
motor,2025-03-31 12:59:55.779380,103.0999984741211,106.72000122070312
motor,2025-03-31 12:59:55.799301,103.0999984741211,106.73999786376953
motor,2025-03-31 12:59:55.826343,103.19999694824219,106.72000122070312
motor,2025-03-31 12:59:55.839835,103.5999984741211,106.91000366210938
odom,2025-03-31 12:59:55.850044,0.01046121525381371,-0.005839399785900069,-0.741369197709751,-0.022298783397409642,0.003855606345064992,-0.10535270565288914
motor,2025-03-31 12:59:55.860010,103.80000305175781,106.91000366210938
motor,2025-03-31 12:59:55.879928,103.80000305175781,106.91000366210938
motor,2025-03-31 12:59:55.900018,103.80000305175781,107.25
motor,2025-03-31 12:59:55.924990,103.80000305175781,107.06999969482422
motor,2025-03-31 12:59:55.940235,103.69999694824219,107.25
motor,2025-03-31 12:59:55.959885,103.9000015258789,107.41999816894531
odom,2025-03-31 12:59:55.979412,0.010988201677313292,-0.00622680516357935,-0.6739205225629737,-0.003936182563715987,0.0028229095729965076,-0.08710691124755278
motor,2025-03-31 12:59:55.979783,103.80000305175781,107.62000274658203
motor,2025-03-31 12:59:56.000738,103.80000305175781,107.94999694824219
motor,2025-03-31 12:59:56.034917,103.80000305175781,107.94999694824219
motor,2025-03-31 12:59:56.039803,103.80000305175781,108.30000305175781
motor,2025-03-31 12:59:56.059306,103.9000015258789,108.83000183105469
motor,2025-03-31 12:59:56.079930,103.80000305175781,108.91999816894531
motor,2025-03-31 12:59:56.100102,103.80000305175781,109.18000030517578
odom,2025-03-31 12:59:56.107134,0.012404277463027627,-0.0074095091535046715,-0.6888262444241312,-0.011651345266166454,0.009495749048078846,-0.09794195558010908
motor,2025-03-31 12:59:56.139038,103.80000305175781,109.36000061035156
motor,2025-03-31 12:59:56.139416,103.80000305175781,109.54000091552734
motor,2025-03-31 12:59:56.160530,103.80000305175781,109.55000305175781
motor,2025-03-31 12:59:56.180725,103.80000305175781,109.80000305175781
motor,2025-03-31 12:59:56.199957,103.80000305175781,110.05999755859375
motor,2025-03-31 12:59:56.223811,103.80000305175781,110.05999755859375
motor,2025-03-31 12:59:56.241287,103.80000305175781,110.23999786376953
odom,2025-03-31 12:59:56.256358,0.0204775660688381,-0.008752975547814798,-0.8678929834567325,-0.05984023622609444,0.009028677825772788,-0.11200637096471931
motor,2025-03-31 12:59:56.260039,103.80000305175781,110.05999755859375
motor,2025-03-31 12:59:56.280106,103.80000305175781,110.05999755859375
motor,2025-03-31 12:59:56.300054,103.80000305175781,110.41999816894531
motor,2025-03-31 12:59:56.323519,103.80000305175781,110.30999755859375
motor,2025-03-31 12:59:56.341285,103.80000305175781,110.23999786376953
odom,2025-03-31 12:59:56.352644,0.023905135716542503,-0.01035081409635842,-0.8369511877542068,-0.028096356451790597,0.012601481494378838,-0.11894329095327491
motor,2025-03-31 12:59:56.362345,103.80000305175781,110.43000030517578
motor,2025-03-31 12:59:56.379745,103.80000305175781,110.5
motor,2025-03-31 12:59:56.399427,103.80000305175781,110.41999816894531
motor,2025-03-31 12:59:56.429519,103.80000305175781,110.41999816894531
motor,2025-03-31 12:59:56.443108,103.80000305175781,110.43000030517578
motor,2025-03-31 12:59:56.459984,103.80000305175781,110.58999633789062
motor,2025-03-31 12:59:56.479825,103.80000305175781,110.58999633789062
odom,2025-03-31 12:59:56.491683,0.02832354560808782,-0.012846028657540136,-0.927218124738,-0.03626510872426894,0.019712940451047472,-0.13163996116413046
motor,2025-03-31 12:59:56.499988,103.80000305175781,110.58999633789062
motor,2025-03-31 12:59:56.531214,103.80000305175781,110.41999816894531
motor,2025-03-31 12:59:56.540287,103.80000305175781,110.5
motor,2025-03-31 12:59:56.560090,103.80000305175781,110.58999633789062
motor,2025-03-31 12:59:56.580313,103.80000305175781,110.58999633789062
motor,2025-03-31 12:59:56.599912,103.80000305175781,110.86000061035156
motor,2025-03-31 12:59:56.620071,103.80000305175781,110.58999633789062
odom,2025-03-31 12:59:56.639575,0.03869554712547618,-0.014539280203146942,-1.0047783615880554,-0.07696859174842079,0.01118335513198292,-0.12978475454795893
motor,2025-03-31 12:59:56.639911,103.80000305175781,110.5
motor,2025-03-31 12:59:56.660124,103.80000305175781,110.41999816894531
motor,2025-03-31 12:59:56.680631,103.80000305175781,110.58999633789062
motor,2025-03-31 12:59:56.723733,103.80000305175781,110.66000366210938
motor,2025-03-31 12:59:56.724115,103.80000305175781,110.94000244140625
motor,2025-03-31 12:59:56.742473,103.80000305175781,111.12000274658203
motor,2025-03-31 12:59:56.760175,103.80000305175781,111.30000305175781
motor,2025-03-31 12:59:56.779798,103.80000305175781,111.54000091552734
odom,2025-03-31 12:59:56.782703,0.0520683929089628,-0.016669638572272744,-1.4283668054252043,-0.10923639604366732,0.014620011409699409,-0.20289619282286925
motor,2025-03-31 12:59:56.818630,103.80000305175781,111.73999786376953
motor,2025-03-31 12:59:56.819977,104.0,111.73999786376953
motor,2025-03-31 12:59:56.840458,103.80000305175781,112.0
motor,2025-03-31 12:59:56.860697,103.80000305175781,112.62000274658203
odom,2025-03-31 12:59:56.904300,0.0630313704870436,-0.020157532930987317,-1.5509936095287813,-0.09021843687789101,0.026036093480297815,-0.22094699564245057
motor,2025-03-31 12:59:56.916218,103.80000305175781,112.69999694824219
motor,2025-03-31 12:59:56.916565,103.80000305175781,112.94999694824219
motor,2025-03-31 12:59:56.921290,103.80000305175781,113.05000305175781
motor,2025-03-31 12:59:56.940837,103.80000305175781,113.4800033569336
motor,2025-03-31 12:59:56.996597,103.80000305175781,113.58000183105469
motor,2025-03-31 12:59:56.996969,103.80000305175781,114.18000030517578
motor,2025-03-31 12:59:57.003219,103.80000305175781,114.4800033569336
motor,2025-03-31 12:59:57.020747,103.80000305175781,114.9000015258789
motor,2025-03-31 12:59:57.061885,103.80000305175781,115.43000030517578
motor,2025-03-31 12:59:57.062303,103.80000305175781,115.88999938964844
motor,2025-03-31 12:59:57.080334,103.80000305175781,116.41000366210938
motor,2025-03-31 12:59:57.100986,103.80000305175781,117.27999877929688
odom,2025-03-31 12:59:57.101483,0.07723957728816735,-0.021373209502252778,-2.287381320119252,-0.10528167680138709,0.0047863833177538805,-0.2950488362085965
motor,2025-03-31 12:59:57.119979,103.80000305175781,118.16000366210938
motor,2025-03-31 12:59:57.148501,104.0,119.12000274658203
motor,2025-03-31 12:59:57.160155,104.0,119.58000183105469
motor,2025-03-31 12:59:57.180708,103.9000015258789,119.93000030517578
motor,2025-03-31 12:59:57.200809,104.0,120.52999877929688
odom,2025-03-31 12:59:57.209106,0.0909764323864117,-0.025375937681576068,-2.710907775345136,-0.11322526883089791,0.02725505566430886,-0.38510880209754467
motor,2025-03-31 12:59:57.228820,104.5999984741211,121.25
motor,2025-03-31 12:59:57.247472,104.80000305175781,122.04000091552734
motor,2025-03-31 12:59:57.260319,105.0999984741211,122.81999969482422
motor,2025-03-31 12:59:57.280351,105.0999984741211,123.5199966430664
motor,2025-03-31 12:59:57.300050,104.9000015258789,124.2300033569336
odom,2025-03-31 12:59:57.317326,0.10653524269660859,-0.030016464064594878,-3.2960106143913475,-0.11708639085545983,0.027703030820110143,-0.4263032566756931
motor,2025-03-31 12:59:57.320181,105.0999984741211,124.33000183105469
motor,2025-03-31 12:59:57.349733,105.0999984741211,124.86000061035156
motor,2025-03-31 12:59:57.362768,105.0999984741211,125.45999908447266
motor,2025-03-31 12:59:57.379826,105.0999984741211,125.80999755859375
motor,2025-03-31 12:59:57.399925,105.0999984741211,126.33999633789062
motor,2025-03-31 12:59:57.420178,105.0999984741211,126.62000274658203
odom,2025-03-31 12:59:57.429365,0.11994533650966398,-0.034006734260760216,-3.788385361321175,-0.11118821193970115,0.025225361686132586,-0.5388088524192437
motor,2025-03-31 12:59:57.452607,105.0999984741211,126.97000122070312
motor,2025-03-31 12:59:57.461123,105.0999984741211,127.30999755859375
motor,2025-03-31 12:59:57.480092,105.0999984741211,127.56999969482422
motor,2025-03-31 12:59:57.500369,104.9000015258789,128.10000610351562
motor,2025-03-31 12:59:57.520204,105.0999984741211,128.10000610351562
motor,2025-03-31 12:59:57.540166,105.0999984741211,128.1999969482422
motor,2025-03-31 12:59:57.569600,105.0999984741211,128.4499969482422
motor,2025-03-31 12:59:57.580105,105.0999984741211,128.6300048828125
odom,2025-03-31 12:59:57.592013,0.1341741667976683,-0.04134213177076536,-4.589236280817952,-0.12013087324822423,0.05021058440883203,-0.6514605752942267
motor,2025-03-31 12:59:57.600030,105.0999984741211,128.6300048828125
motor,2025-03-31 12:59:57.620132,105.0999984741211,129.14999389648438
motor,2025-03-31 12:59:57.640363,105.0999984741211,129.30999755859375
motor,2025-03-31 12:59:57.660274,105.0999984741211,129.50999450683594
motor,2025-03-31 12:59:57.680290,105.0999984741211,129.66000366210938
motor,2025-03-31 12:59:57.700040,105.0999984741211,129.83999633789062
motor,2025-03-31 12:59:57.719954,105.0999984741211,130.02999877929688
motor,2025-03-31 12:59:57.740073,105.0999984741211,129.9600067138672
motor,2025-03-31 12:59:57.760165,105.0999984741211,130.38999938964844
motor,2025-03-31 12:59:57.780136,105.0999984741211,131.0
odom,2025-03-31 12:59:57.781013,0.15247324917954863,-0.04677405831539286,-6.028234904127824,-0.13887273452371082,0.025750668151220516,-0.7784998304778659
motor,2025-03-31 12:59:57.799445,105.0999984741211,131.6199951171875
motor,2025-03-31 12:59:57.820326,105.0999984741211,132.1300048828125
motor,2025-03-31 12:59:57.840378,105.0999984741211,132.32000732421875
motor,2025-03-31 12:59:57.864572,105.0999984741211,132.5
motor,2025-03-31 12:59:57.880111,105.0999984741211,132.85000610351562
motor,2025-03-31 12:59:57.899915,105.0999984741211,133.3800048828125
motor,2025-03-31 12:59:57.920358,105.0999984741211,133.72999572753906
motor,2025-03-31 12:59:57.940296,105.0999984741211,134.42999267578125
motor,2025-03-31 12:59:57.964304,105.0999984741211,134.9600067138672
odom,2025-03-31 12:59:57.970768,0.17732191367184896,-0.052793196026207904,-7.461368394134168,-0.20710030518125858,0.022334514011775056,-1.0609694427887062
motor,2025-03-31 12:59:57.979783,105.0999984741211,135.13999938964844
motor,2025-03-31 12:59:58.000556,105.0999984741211,135.67999267578125
motor,2025-03-31 12:59:58.020300,105.0999984741211,136.02000427246094
motor,2025-03-31 12:59:58.040698,105.0999984741211,136.19000244140625
motor,2025-03-31 12:59:58.066056,105.0999984741211,136.5399932861328
motor,2025-03-31 12:59:58.080036,105.0999984741211,136.5399932861328
motor,2025-03-31 12:59:58.099656,105.0999984741211,136.97999572753906
motor,2025-03-31 12:59:58.120664,105.19999694824219,137.4199981689453
motor,2025-03-31 12:59:58.140418,105.0999984741211,137.77000427246094
motor,2025-03-31 12:59:58.168637,105.30000305175781,137.60000610351562
motor,2025-03-31 12:59:58.182499,105.4000015258789,137.41000366210938
odom,2025-03-31 12:59:58.183265,0.19969104288619124,-0.06065011289113224,-9.15029804892411,-0.1898712956056044,0.0341734354023265,-1.299523936967108
motor,2025-03-31 12:59:58.202285,106.19999694824219,137.60000610351562
motor,2025-03-31 12:59:58.222326,106.5999984741211,137.60000610351562
motor,2025-03-31 12:59:58.242751,106.69999694824219,137.8800048828125
motor,2025-03-31 12:59:58.275291,106.9000015258789,138.05999755859375
motor,2025-03-31 12:59:58.286450,106.9000015258789,138.1300048828125
motor,2025-03-31 12:59:58.305057,106.9000015258789,138.3000030517578
motor,2025-03-31 12:59:58.324807,106.9000015258789,138.47999572753906
motor,2025-03-31 12:59:58.342713,106.9000015258789,138.38999938964844
odom,2025-03-31 12:59:58.349084,0.22435891190876867,-0.0703217349955376,-10.57674756542,-0.19266768495833428,0.036865177922115744,-1.3666716929310068
motor,2025-03-31 12:59:58.373200,106.9000015258789,138.41000366210938
motor,2025-03-31 12:59:58.391015,107.0,138.64999389648438
motor,2025-03-31 12:59:58.401643,106.9000015258789,138.8300018310547
motor,2025-03-31 12:59:58.443986,106.69999694824219,139.02000427246094
motor,2025-03-31 12:59:58.444354,106.69999694824219,139.00999450683594
motor,2025-03-31 12:59:58.461416,106.69999694824219,139.25
motor,2025-03-31 12:59:58.490091,106.9000015258789,138.8300018310547
motor,2025-03-31 12:59:58.499889,106.9000015258789,139.25
motor,2025-03-31 12:59:58.520096,106.80000305175781,139.17999267578125
motor,2025-03-31 12:59:58.540410,107.0,139.16000366210938
motor,2025-03-31 12:59:58.563225,106.9000015258789,139.0800018310547
motor,2025-03-31 12:59:58.579778,107.0,139.17999267578125
motor,2025-03-31 12:59:58.600819,106.9000015258789,139.16000366210938
motor,2025-03-31 12:59:58.619996,106.69999694824219,139.00999450683594
odom,2025-03-31 12:59:58.626323,0.24596325768732186,-0.08019364311262414,-12.434641638976277,-0.18891676840917068,0.040579421186571346,-1.7654624277970157
motor,2025-03-31 12:59:58.639954,106.9000015258789,139.36000061035156
motor,2025-03-31 12:59:58.662753,106.9000015258789,139.42999267578125
motor,2025-03-31 12:59:58.683722,107.0,139.36000061035156
motor,2025-03-31 12:59:58.744625,106.9000015258789,139.42999267578125
motor,2025-03-31 12:59:58.747903,106.9000015258789,139.36000061035156
motor,2025-03-31 12:59:58.748278,106.9000015258789,139.36000061035156
motor,2025-03-31 12:59:58.762798,107.0,139.33999633789062
motor,2025-03-31 12:59:58.783222,107.0,139.33999633789062
motor,2025-03-31 12:59:58.799941,107.0,139.33999633789062
odom,2025-03-31 12:59:58.808836,0.26871248070459364,-0.09078801226000134,-14.264187637164765,-0.18271240100238673,0.03454805604837214,-1.8447192842756912
motor,2025-03-31 12:59:58.835120,106.9000015258789,139.42999267578125
motor,2025-03-31 12:59:58.840201,107.5,139.33999633789062
motor,2025-03-31 12:59:58.860005,108.19999694824219,139.33999633789062
motor,2025-03-31 12:59:58.886261,108.30000305175781,139.36000061035156
motor,2025-03-31 12:59:58.900582,108.5999984741211,139.36000061035156
motor,2025-03-31 12:59:58.920269,108.80000305175781,139.36000061035156
motor,2025-03-31 12:59:58.940212,108.9000015258789,139.33999633789062
motor,2025-03-31 12:59:58.960323,108.9000015258789,139.17999267578125
motor,2025-03-31 12:59:58.997989,108.80000305175781,139.25
motor,2025-03-31 12:59:59.000205,108.80000305175781,139.36000061035156
odom,2025-03-31 12:59:59.016788,0.2876122800299302,-0.10290981154280376,-16.070496952018345,-0.17506195200962135,0.052203115301055245,-2.2820284803281417
motor,2025-03-31 12:59:59.030589,108.80000305175781,139.33999633789062
motor,2025-03-31 12:59:59.039938,108.9000015258789,139.16000366210938
motor,2025-03-31 12:59:59.061255,108.80000305175781,139.17999267578125
motor,2025-03-31 12:59:59.093390,108.80000305175781,139.36000061035156
motor,2025-03-31 12:59:59.101211,108.9000015258789,139.33999633789062
motor,2025-03-31 12:59:59.148429,108.80000305175781,139.16000366210938
motor,2025-03-31 12:59:59.148673,108.9000015258789,138.80999755859375
motor,2025-03-31 12:59:59.164809,108.80000305175781,139.0800018310547
motor,2025-03-31 12:59:59.179523,108.80000305175781,138.89999389648438
odom,2025-03-31 12:59:59.200459,0.3031154900731372,-0.11514201361654862,-18.162141388833735,-0.15097447126881897,0.055283724567959824,-2.580786472846014
motor,2025-03-31 12:59:59.205636,108.9000015258789,138.64999389648438
motor,2025-03-31 12:59:59.274312,108.9000015258789,138.3000030517578
motor,2025-03-31 12:59:59.274589,108.80000305175781,138.72999572753906
motor,2025-03-31 12:59:59.280818,108.9000015258789,138.63999938964844
motor,2025-03-31 12:59:59.336497,108.80000305175781,138.8300018310547
motor,2025-03-31 12:59:59.336730,108.80000305175781,139.00999450683594
motor,2025-03-31 12:59:59.339884,108.80000305175781,139.16000366210938
motor,2025-03-31 12:59:59.359916,108.80000305175781,139.41000366210938
motor,2025-03-31 12:59:59.383273,108.80000305175781,139.25
odom,2025-03-31 12:59:59.385608,0.3250663956846248,-0.12726167442845068,-19.47967162534054,-0.18304671359410865,0.030383770004957684,-2.5158883312883886
motor,2025-03-31 12:59:59.401647,108.9000015258789,139.16000366210938
motor,2025-03-31 12:59:59.422663,108.9000015258789,138.99000549316406
motor,2025-03-31 12:59:59.453260,108.80000305175781,138.80999755859375
motor,2025-03-31 12:59:59.461170,108.9000015258789,138.63999938964844
motor,2025-03-31 12:59:59.484403,108.80000305175781,138.52999877929688
motor,2025-03-31 12:59:59.500895,108.9000015258789,138.11000061035156
motor,2025-03-31 12:59:59.520590,108.80000305175781,138.1300048828125
motor,2025-03-31 12:59:59.544696,108.80000305175781,138.3000030517578
motor,2025-03-31 12:59:59.562635,108.80000305175781,138.4600067138672
motor,2025-03-31 12:59:59.584170,108.80000305175781,138.63999938964844
odom,2025-03-31 12:59:59.595609,0.33941338842419594,-0.1382308401542351,-21.683752715143065,-0.14154176615032224,0.0398293203203859,-3.0812687795720923
motor,2025-03-31 12:59:59.634346,108.9000015258789,138.99000549316406
motor,2025-03-31 12:59:59.634672,108.9000015258789,138.99000549316406
motor,2025-03-31 12:59:59.681164,108.80000305175781,138.99000549316406
motor,2025-03-31 12:59:59.681549,108.80000305175781,138.80999755859375
motor,2025-03-31 12:59:59.705140,108.9000015258789,138.80999755859375
motor,2025-03-31 12:59:59.720485,108.9000015258789,138.4600067138672
motor,2025-03-31 12:59:59.740275,108.80000305175781,138.3000030517578
motor,2025-03-31 12:59:59.761877,108.80000305175781,138.2899932861328
odom,2025-03-31 12:59:59.777921,0.35240343439808,-0.15062698117436657,-23.07873144663177,-0.13693836915987687,0.051420172794081946,-3.281374779687272
motor,2025-03-31 12:59:59.780147,108.9000015258789,137.92999267578125
motor,2025-03-31 12:59:59.805361,108.80000305175781,137.50999450683594
motor,2025-03-31 12:59:59.819992,108.9000015258789,137.75999450683594
motor,2025-03-31 12:59:59.839353,108.9000015258789,138.11000061035156
motor,2025-03-31 12:59:59.859490,108.80000305175781,138.64999389648438
motor,2025-03-31 12:59:59.879381,108.9000015258789,138.63999938964844
motor,2025-03-31 12:59:59.907984,108.80000305175781,138.63999938964844
motor,2025-03-31 12:59:59.923598,108.9000015258789,138.4600067138672
odom,2025-03-31 12:59:59.937884,0.370437925885774,-0.1628023647604116,-24.24496499180014,-0.1586222395817718,0.027338870726824525,-3.1301658520542
motor,2025-03-31 12:59:59.960343,108.80000305175781,138.63999938964844
motor,2025-03-31 12:59:59.961690,108.9000015258789,138.63999938964844
motor,2025-03-31 12:59:59.981445,108.80000305175781,138.47999572753906
motor,2025-03-31 13:00:00.011956,109.0,138.5500030517578
motor,2025-03-31 13:00:00.024721,109.0,138.11000061035156
motor,2025-03-31 13:00:00.040273,108.80000305175781,137.92999267578125
motor,2025-03-31 13:00:00.060208,108.80000305175781,137.9499969482422
motor,2025-03-31 13:00:00.079834,108.9000015258789,137.92999267578125
motor,2025-03-31 13:00:00.100272,108.80000305175781,138.4600067138672
odom,2025-03-31 13:00:00.124687,0.3850912725631963,-0.1789370826694739,-25.981101615509385,-0.1649424000821841,0.06588400048426456,-3.6952374697292285
motor,2025-03-31 13:00:00.134288,109.0,138.4600067138672
motor,2025-03-31 13:00:00.143433,108.9000015258789,138.4600067138672
motor,2025-03-31 13:00:00.161630,109.0,138.47999572753906
motor,2025-03-31 13:00:00.180045,108.80000305175781,138.3000030517578
motor,2025-03-31 13:00:00.200294,108.80000305175781,138.1300048828125
motor,2025-03-31 13:00:00.241103,109.0,138.1300048828125
motor,2025-03-31 13:00:00.241454,108.9000015258789,137.9499969482422
motor,2025-03-31 13:00:00.260311,108.9000015258789,138.02000427246094
motor,2025-03-31 13:00:00.279643,108.80000305175781,138.1999969482422
motor,2025-03-31 13:00:00.319880,109.0,138.11000061035156
motor,2025-03-31 13:00:00.329004,109.0,138.11000061035156
motor,2025-03-31 13:00:00.339905,108.80000305175781,138.2899932861328
odom,2025-03-31 13:00:00.359856,0.40763909712666885,-0.19449387288476172,-27.94813667907189,-0.221595526186001,0.02585686093104379,-3.972612047926679
motor,2025-03-31 13:00:00.408477,109.0,138.64999389648438
motor,2025-03-31 13:00:00.408812,109.0,138.1300048828125
motor,2025-03-31 13:00:00.420067,108.80000305175781,137.5800018310547
motor,2025-03-31 13:00:00.450123,108.80000305175781,136.6999969482422
motor,2025-03-31 13:00:00.496206,108.80000305175781,135.13999938964844
motor,2025-03-31 13:00:00.496588,109.0,133.5399932861328
motor,2025-03-31 13:00:00.536907,108.9000015258789,131.77999877929688
motor,2025-03-31 13:00:00.537476,109.0,130.5399932861328
motor,2025-03-31 13:00:00.543251,108.80000305175781,128.4199981689453
motor,2025-03-31 13:00:00.560297,108.9000015258789,127.38999938964844
motor,2025-03-31 13:00:00.581421,108.80000305175781,125.98999786376953
odom,2025-03-31 13:00:00.593123,0.42826939670869163,-0.21461978646829777,-30.699319872804104,-0.2072499519354577,0.05010704075542468,-3.9639149774661004
motor,2025-03-31 13:00:00.612326,108.80000305175781,123.79000091552734
motor,2025-03-31 13:00:00.652409,108.9000015258789,122.62999725341797
motor,2025-03-31 13:00:00.653455,108.9000015258789,121.04000091552734
motor,2025-03-31 13:00:00.662399,108.80000305175781,119.73999786376953
motor,2025-03-31 13:00:00.680788,109.0,118.7699966430664
motor,2025-03-31 13:00:00.700495,108.9000015258789,117.08999633789062
motor,2025-03-31 13:00:00.726795,109.0,115.58999633789062
motor,2025-03-31 13:00:00.742502,108.80000305175781,114.63999938964844
motor,2025-03-31 13:00:00.760388,108.9000015258789,112.86000061035156
motor,2025-03-31 13:00:00.780550,109.0,111.9000015258789
motor,2025-03-31 13:00:00.800330,108.9000015258789,110.48999786376953
odom,2025-03-31 13:00:00.802105,0.4483401348737228,-0.23525086998353076,-32.24674986942139,-0.22781679572858274,0.05487061589417149,-4.58198972013754
motor,2025-03-31 13:00:00.829767,109.0,109.36000061035156
motor,2025-03-31 13:00:00.846095,108.80000305175781,107.94999694824219
motor,2025-03-31 13:00:00.860174,109.0,106.87999725341797
motor,2025-03-31 13:00:00.902382,108.9000015258789,105.83000183105469
motor,2025-03-31 13:00:00.902901,109.0,104.41999816894531
motor,2025-03-31 13:00:00.930843,108.9000015258789,103.54000091552734
motor,2025-03-31 13:00:00.946721,108.80000305175781,102.12999725341797
motor,2025-03-31 13:00:00.960265,108.80000305175781,101.33999633789062
motor,2025-03-31 13:00:00.980242,108.80000305175781,101.08000183105469
motor,2025-03-31 13:00:00.999823,108.9000015258789,100.36000061035156
motor,2025-03-31 13:00:01.021001,108.80000305175781,100.11000061035156
motor,2025-03-31 13:00:01.049789,108.9000015258789,99.51000213623047
odom,2025-03-31 13:00:01.063239,0.46800654832835376,-0.25888590113607685,-34.82022357056598,-0.21958963696971517,0.060552525752528445,-4.502266299785531
motor,2025-03-31 13:00:01.098027,109.0,99.12999725341797
motor,2025-03-31 13:00:01.098382,108.9000015258789,98.77999877929688
motor,2025-03-31 13:00:01.100825,109.0,98.26000213623047
motor,2025-03-31 13:00:01.120183,108.80000305175781,97.91000366210938
motor,2025-03-31 13:00:01.140250,108.9000015258789,96.8499984741211
motor,2025-03-31 13:00:01.160344,108.9000015258789,96.33999633789062
motor,2025-03-31 13:00:01.211601,108.80000305175781,95.2699966430664
motor,2025-03-31 13:00:01.211973,108.9000015258789,94.91999816894531
motor,2025-03-31 13:00:01.220209,109.0,94.04000091552734
motor,2025-03-31 13:00:01.239770,108.9000015258789,93.51000213623047
odom,2025-03-31 13:00:01.296384,0.4956749225947777,-0.2814046798627911,-36.51068932362229,-0.28977253726120455,0.013314681993879139,-5.181563341445619
motor,2025-03-31 13:00:01.301630,108.9000015258789,92.80999755859375
motor,2025-03-31 13:00:01.302054,108.9000015258789,91.93000030517578
motor,2025-03-31 13:00:01.302384,109.0,91.4000015258789
motor,2025-03-31 13:00:01.320086,108.9000015258789,91.05000305175781
motor,2025-03-31 13:00:01.340315,108.9000015258789,90.26000213623047
motor,2025-03-31 13:00:01.361647,109.0,89.98999786376953
motor,2025-03-31 13:00:01.380295,109.0,89.11000061035156
motor,2025-03-31 13:00:01.400258,108.80000305175781,88.22000122070312
motor,2025-03-31 13:00:01.420446,109.0,87.87999725341797
motor,2025-03-31 13:00:01.443179,108.80000305175781,87.2699966430664
motor,2025-03-31 13:00:01.460678,108.80000305175781,87.08999633789062
motor,2025-03-31 13:00:01.480274,109.0,86.98999786376953
motor,2025-03-31 13:00:01.500319,108.80000305175781,86.80999755859375
motor,2025-03-31 13:00:01.520373,108.80000305175781,86.11000061035156
odom,2025-03-31 13:00:01.531028,0.5132437103761478,-0.29912152911651446,-38.92648813258692,-0.20193084222460359,0.02234306454530762,-5.531982903389672
motor,2025-03-31 13:00:01.545634,108.80000305175781,85.58000183105469
motor,2025-03-31 13:00:01.563187,108.80000305175781,85.7699966430664
motor,2025-03-31 13:00:01.579712,108.9000015258789,85.51000213623047
motor,2025-03-31 13:00:01.602968,109.0,85.23999786376953
motor,2025-03-31 13:00:01.621603,108.80000305175781,84.88999938964844
motor,2025-03-31 13:00:01.649853,108.80000305175781,84.19000244140625
motor,2025-03-31 13:00:01.666754,108.9000015258789,83.66000366210938
motor,2025-03-31 13:00:01.686404,109.0,83.05999755859375
motor,2025-03-31 13:00:01.716288,109.0,82.5999984741211
motor,2025-03-31 13:00:01.719990,108.80000305175781,82.23999786376953
motor,2025-03-31 13:00:01.749365,109.0,82.08000183105469
odom,2025-03-31 13:00:01.761299,0.5354592437302708,-0.32580153919263755,-41.217964990654,-0.2538919209830428,0.04020818006755683,-5.326410536823264
motor,2025-03-31 13:00:01.766734,108.80000305175781,81.83000183105469
motor,2025-03-31 13:00:01.779174,108.80000305175781,81.29000091552734
motor,2025-03-31 13:00:01.799744,108.80000305175781,80.94999694824219
motor,2025-03-31 13:00:01.857563,109.0,81.0199966430664
motor,2025-03-31 13:00:01.858117,108.80000305175781,80.31999969482422
motor,2025-03-31 13:00:01.867752,108.9000015258789,80.31999969482422
motor,2025-03-31 13:00:01.880222,109.0,80.41000366210938
motor,2025-03-31 13:00:01.899921,108.80000305175781,80.2300033569336
motor,2025-03-31 13:00:01.959179,108.80000305175781,80.12999725341797
motor,2025-03-31 13:00:01.959661,109.0,80.2300033569336
motor,2025-03-31 13:00:01.960674,108.9000015258789,79.77999877929688
motor,2025-03-31 13:00:01.980322,108.80000305175781,79.61000061035156
odom,2025-03-31 13:00:01.993403,0.5534165879095052,-0.3486960302581614,-43.60206430304855,-0.23449285291616262,0.034162813174138704,-6.197685077242267
motor,2025-03-31 13:00:02.000268,108.9000015258789,79.69999694824219
motor,2025-03-31 13:00:02.020135,108.80000305175781,79.26000213623047
motor,2025-03-31 13:00:02.040238,109.0,79.44000244140625
motor,2025-03-31 13:00:02.060454,109.0,79.77999877929688
motor,2025-03-31 13:00:02.080169,108.9000015258789,79.19000244140625
motor,2025-03-31 13:00:02.100659,108.80000305175781,79.0
motor,2025-03-31 13:00:02.120162,108.9000015258789,79.36000061035156
motor,2025-03-31 13:00:02.140482,108.80000305175781,79.26000213623047
motor,2025-03-31 13:00:02.162483,108.9000015258789,79.0
motor,2025-03-31 13:00:02.180233,108.80000305175781,79.08999633789062
motor,2025-03-31 13:00:02.200417,108.80000305175781,79.43000030517578
odom,2025-03-31 13:00:02.204373,0.5723352293953732,-0.3777703130302508,-46.2354906634613,-0.2772084802227678,0.052441471014060666,-6.563275952657103
motor,2025-03-31 13:00:02.223441,109.0,79.19000244140625
motor,2025-03-31 13:00:02.241704,109.0,79.37000274658203
motor,2025-03-31 13:00:02.262688,109.0,79.44999694824219
motor,2025-03-31 13:00:02.280187,109.0,79.08999633789062
motor,2025-03-31 13:00:02.301227,109.0,78.6500015258789
motor,2025-03-31 13:00:02.321312,108.9000015258789,78.66000366210938
motor,2025-03-31 13:00:02.340656,108.80000305175781,77.58999633789062
motor,2025-03-31 13:00:02.365803,108.9000015258789,77.5
motor,2025-03-31 13:00:02.380404,108.9000015258789,77.06999969482422
motor,2025-03-31 13:00:02.400480,108.9000015258789,76.36000061035156
odom,2025-03-31 13:00:02.414252,0.5882473350871104,-0.40525600319330457,-48.55700794220597,-0.2304993623799774,0.04637402909113774,-6.273982177655472
motor,2025-03-31 13:00:02.427174,108.9000015258789,75.55999755859375
motor,2025-03-31 13:00:02.442173,108.9000015258789,75.02999877929688
motor,2025-03-31 13:00:02.465774,108.9000015258789,73.97000122070312
motor,2025-03-31 13:00:02.482451,108.9000015258789,73.0199966430664
motor,2025-03-31 13:00:02.499542,109.0,71.95999908447266
motor,2025-03-31 13:00:02.544413,108.80000305175781,70.62999725341797
motor,2025-03-31 13:00:02.544804,109.0,69.66999816894531
motor,2025-03-31 13:00:02.600390,108.9000015258789,67.04000091552734
motor,2025-03-31 13:00:02.600722,108.9000015258789,65.44999694824219
odom,2025-03-31 13:00:02.623564,0.6039654033032734,-0.43309303508684444,-51.24122689626972,-0.2570628683955923,0.042131147859468615,-7.287450595343428
motor,2025-03-31 13:00:02.635651,108.80000305175781,64.56999969482422
motor,2025-03-31 13:00:02.640977,108.80000305175781,62.810001373291016
motor,2025-03-31 13:00:02.699092,108.9000015258789,61.7599983215332
motor,2025-03-31 13:00:02.699455,108.9000015258789,61.04999923706055
motor,2025-03-31 13:00:02.700793,108.80000305175781,60.16999816894531
motor,2025-03-31 13:00:02.723716,109.0,59.81999969482422
motor,2025-03-31 13:00:02.740350,108.80000305175781,59.470001220703125
motor,2025-03-31 13:00:02.761984,108.9000015258789,58.59000015258789
motor,2025-03-31 13:00:02.790081,108.80000305175781,58.2400016784668
motor,2025-03-31 13:00:02.800804,108.80000305175781,58.06999969482422
motor,2025-03-31 13:00:02.819963,108.80000305175781,57.709999084472656
odom,2025-03-31 13:00:02.831536,0.6201808823713607,-0.46359404052571546,-54.19596733958737,-0.2531112296204996,0.03470453512763748,-6.995743473759584
motor,2025-03-31 13:00:02.841695,108.80000305175781,57.0099983215332
motor,2025-03-31 13:00:02.860614,109.0,56.650001525878906
motor,2025-03-31 13:00:02.879940,109.0,55.77000045776367
motor,2025-03-31 13:00:02.900596,108.9000015258789,55.939998626708984
motor,2025-03-31 13:00:02.936603,109.0999984741211,55.77000045776367
motor,2025-03-31 13:00:02.939931,110.80000305175781,55.5099983215332
motor,2025-03-31 13:00:02.961061,111.30000305175781,55.599998474121094
motor,2025-03-31 13:00:02.985330,111.69999694824219,55.060001373291016
motor,2025-03-31 13:00:03.000712,111.80000305175781,54.459999084472656
motor,2025-03-31 13:00:03.020667,111.69999694824219,54.18000030517578
odom,2025-03-31 13:00:03.037418,0.6246264210280611,-0.4964487899845342,-56.17974215329306,-0.2426338288089154,0.11894088147207135,-7.991615359777501
motor,2025-03-31 13:00:03.040466,111.80000305175781,54.02000045776367
motor,2025-03-31 13:00:03.064477,111.80000305175781,54.279998779296875
motor,2025-03-31 13:00:03.111823,111.69999694824219,54.709999084472656
motor,2025-03-31 13:00:03.112199,111.69999694824219,55.060001373291016
motor,2025-03-31 13:00:03.120225,111.69999694824219,54.63999938964844
motor,2025-03-31 13:00:03.140174,111.80000305175781,54.369998931884766
motor,2025-03-31 13:00:03.163489,111.69999694824219,53.7599983215332
motor,2025-03-31 13:00:03.202195,111.69999694824219,53.4900016784668
motor,2025-03-31 13:00:03.202532,111.69999694824219,53.4900016784668
motor,2025-03-31 13:00:03.220450,111.5999984741211,53.13999938964844
motor,2025-03-31 13:00:03.240999,111.5999984741211,53.4900016784668
odom,2025-03-31 13:00:03.244300,0.6328369895846649,-0.5311872645299511,-58.76636317974863,-0.27639759179630274,0.08946370103356341,-8.347593235087622
motor,2025-03-31 13:00:03.260032,111.5999984741211,54.189998626708984
motor,2025-03-31 13:00:03.286756,111.5999984741211,54.189998626708984
motor,2025-03-31 13:00:03.302104,111.5999984741211,54.369998931884766
motor,2025-03-31 13:00:03.320673,111.5999984741211,53.93000030517578
motor,2025-03-31 13:00:03.340294,111.5999984741211,53.060001373291016
motor,2025-03-31 13:00:03.369851,111.69999694824219,52.959999084472656
motor,2025-03-31 13:00:03.407426,111.5999984741211,52.959999084472656
motor,2025-03-31 13:00:03.407761,111.5999984741211,53.4900016784668
motor,2025-03-31 13:00:03.422548,111.5999984741211,54.02000045776367
motor,2025-03-31 13:00:03.440788,111.5999984741211,54.540000915527344
odom,2025-03-31 13:00:03.445868,0.6429514644614562,-0.5708958494763341,-60.99695946899905,-0.2934556641528353,0.07705608517324959,-7.882638520425896
motor,2025-03-31 13:00:03.460589,111.5999984741211,54.369998931884766
motor,2025-03-31 13:00:03.489821,111.5999984741211,54.11000061035156
motor,2025-03-31 13:00:03.506611,111.5999984741211,53.83000183105469
motor,2025-03-31 13:00:03.553424,111.69999694824219,53.310001373291016
motor,2025-03-31 13:00:03.553918,111.5999984741211,53.310001373291016
motor,2025-03-31 13:00:03.560154,111.5999984741211,53.84000015258789
odom,2025-03-31 13:00:03.578452,0.6653921039473201,-0.6096034156417662,-61.57422046603667,-0.36420587698502843,-0.010664026360723765,-8.751705712898136
motor,2025-03-31 13:00:03.579704,111.5999984741211,53.84000015258789
motor,2025-03-31 13:00:03.603324,111.80000305175781,53.84000015258789
motor,2025-03-31 13:00:03.620289,111.69999694824219,54.189998626708984
motor,2025-03-31 13:00:03.640259,111.5999984741211,53.75
motor,2025-03-31 13:00:03.661405,111.5999984741211,53.66999816894531
motor,2025-03-31 13:00:03.681786,111.80000305175781,53.66999816894531
motor,2025-03-31 13:00:03.701312,111.69999694824219,53.7599983215332
odom,2025-03-31 13:00:03.707082,0.6826359756330342,-0.6504127197544565,-62.11150972024297,-0.3588927119462275,0.03128619583809129,-8.815064493283531
motor,2025-03-31 13:00:03.726583,111.5999984741211,54.029998779296875
motor,2025-03-31 13:00:03.739509,111.5999984741211,53.7599983215332
motor,2025-03-31 13:00:03.760871,111.5999984741211,53.58000183105469
motor,2025-03-31 13:00:03.779672,111.80000305175781,53.66999816894531
motor,2025-03-31 13:00:03.800039,111.80000305175781,53.4900016784668
motor,2025-03-31 13:00:03.819923,111.69999694824219,53.59000015258789
odom,2025-03-31 13:00:03.835635,0.7076315574307013,-0.6958807544557141,-62.38547486028333,-0.384652093704919,-0.00795532741044342,-8.07373520022114
motor,2025-03-31 13:00:03.872961,111.80000305175781,54.290000915527344
motor,2025-03-31 13:00:03.873327,111.80000305175781,54.369998931884766
motor,2025-03-31 13:00:03.879442,111.80000305175781,54.540000915527344
motor,2025-03-31 13:00:03.905772,111.69999694824219,53.84000015258789
motor,2025-03-31 13:00:03.919575,111.69999694824219,53.22999954223633
motor,2025-03-31 13:00:03.941945,111.80000305175781,52.869998931884766
motor,2025-03-31 13:00:03.960815,111.5999984741211,53.310001373291016
odom,2025-03-31 13:00:03.967068,0.7369232199414102,-0.747122304517217,-62.400392058982874,-0.47946980599083255,-0.01803686928244711,-8.853454610059794
motor,2025-03-31 13:00:03.979972,111.80000305175781,53.58000183105469
motor,2025-03-31 13:00:04.001619,111.80000305175781,53.66999816894531
motor,2025-03-31 13:00:04.023619,111.80000305175781,54.11000061035156
motor,2025-03-31 13:00:04.042673,111.69999694824219,54.369998931884766
motor,2025-03-31 13:00:04.083717,111.80000305175781,54.720001220703125
motor,2025-03-31 13:00:04.088589,111.69999694824219,53.83000183105469
odom,2025-03-31 13:00:04.100663,0.7689599201434485,-0.8007967430744924,-62.302822430514496,-0.507846660856593,-0.027811250946319383,-8.847688086915884
motor,2025-03-31 13:00:04.108669,111.80000305175781,53.13999938964844
motor,2025-03-31 13:00:04.121890,111.69999694824219,52.779998779296875
motor,2025-03-31 13:00:04.189926,111.80000305175781,53.84000015258789
motor,2025-03-31 13:00:04.190271,111.69999694824219,54.720001220703125
motor,2025-03-31 13:00:04.227426,111.80000305175781,54.720001220703125
odom,2025-03-31 13:00:04.235675,0.8108131395453759,-0.8534534476414766,-62.22136782089795,-0.48918015994296826,-0.09243296355491952,-8.037520264230388
motor,2025-03-31 13:00:04.242822,111.80000305175781,54.709999084472656
motor,2025-03-31 13:00:04.265337,111.69999694824219,54.18000030517578
motor,2025-03-31 13:00:04.275066,111.80000305175781,53.22999954223633
motor,2025-03-31 13:00:04.313772,111.80000305175781,53.47999954223633
motor,2025-03-31 13:00:04.314140,111.80000305175781,54.810001373291016
motor,2025-03-31 13:00:04.320255,111.69999694824219,55.52000045776367
motor,2025-03-31 13:00:04.340514,111.80000305175781,56.65999984741211
motor,2025-03-31 13:00:04.360278,111.69999694824219,57.529998779296875
motor,2025-03-31 13:00:04.380659,111.69999694824219,57.349998474121094
odom,2025-03-31 13:00:04.396570,0.839625802564855,-0.905428160123747,-61.486810475418764,-0.4839047969208069,-0.004130164308674064,-8.73882378762544
motor,2025-03-31 13:00:04.412274,111.80000305175781,57.18000030517578
motor,2025-03-31 13:00:04.428690,111.69999694824219,57.349998474121094
motor,2025-03-31 13:00:04.440396,111.69999694824219,58.40999984741211
motor,2025-03-31 13:00:04.460100,111.80000305175781,60.16999816894531
motor,2025-03-31 13:00:04.479733,111.80000305175781,61.04999923706055
odom,2025-03-31 13:00:04.505786,0.8545189609094184,-0.9382569915472767,-61.0927636612431,-0.29295592723996994,0.023083374694136558,-8.691983126101952
motor,2025-03-31 13:00:04.516686,111.80000305175781,62.290000915527344
motor,2025-03-31 13:00:04.519358,111.69999694824219,62.63999938964844
motor,2025-03-31 13:00:04.539398,111.80000305175781,63.33000183105469
motor,2025-03-31 13:00:04.575646,111.80000305175781,64.56999969482422
motor,2025-03-31 13:00:04.581091,111.69999694824219,65.9800033569336
motor,2025-03-31 13:00:04.600505,111.80000305175781,68.2699966430664
motor,2025-03-31 13:00:04.620219,111.69999694824219,69.4000015258789
motor,2025-03-31 13:00:04.640302,111.80000305175781,71.16999816894531
odom,2025-03-31 13:00:04.641348,0.8995348959884454,-0.9786645298104094,-60.83362076036521,-0.4230962316312572,-0.1450364675514924,-7.850415672239021
motor,2025-03-31 13:00:04.688100,111.80000305175781,71.08000183105469
motor,2025-03-31 13:00:04.688468,111.80000305175781,72.4800033569336
motor,2025-03-31 13:00:04.702083,111.69999694824219,73.44999694824219
motor,2025-03-31 13:00:04.720152,111.69999694824219,73.97000122070312
motor,2025-03-31 13:00:04.739824,111.69999694824219,74.68000030517578
motor,2025-03-31 13:00:04.760552,111.69999694824219,75.37999725341797
motor,2025-03-31 13:00:04.780148,111.80000305175781,75.66000366210938
motor,2025-03-31 13:00:04.800850,111.80000305175781,75.83000183105469
motor,2025-03-31 13:00:04.819916,111.80000305175781,76.0
odom,2025-03-31 13:00:04.823197,0.9329648181806831,-1.0269902103039448,-59.80395787736002,-0.47717526532732607,-0.037370279698211405,-8.501958963244514
motor,2025-03-31 13:00:04.841022,111.69999694824219,76.44000244140625
motor,2025-03-31 13:00:04.860573,111.80000305175781,76.54000091552734
motor,2025-03-31 13:00:04.880651,111.69999694824219,76.55000305175781
motor,2025-03-31 13:00:04.900376,111.69999694824219,76.18000030517578
motor,2025-03-31 13:00:04.922539,111.69999694824219,76.08000183105469
motor,2025-03-31 13:00:04.960013,111.69999694824219,75.37999725341797
motor,2025-03-31 13:00:04.960381,111.80000305175781,75.12000274658203
motor,2025-03-31 13:00:04.979934,111.80000305175781,74.94000244140625
odom,2025-03-31 13:00:05.007889,0.9639090596536243,-1.0742452790168393,-58.61436382528465,-0.4180656533199625,-0.01337578142655149,-7.575524654028822
motor,2025-03-31 13:00:05.028752,111.69999694824219,75.02999877929688
motor,2025-03-31 13:00:05.029160,111.69999694824219,75.19999694824219
motor,2025-03-31 13:00:05.041335,111.80000305175781,75.29000091552734
motor,2025-03-31 13:00:05.060304,111.69999694824219,75.02999877929688
motor,2025-03-31 13:00:05.079957,111.69999694824219,75.19999694824219
motor,2025-03-31 13:00:05.100223,111.80000305175781,75.12999725341797
motor,2025-03-31 13:00:05.127006,111.80000305175781,74.5999984741211
motor,2025-03-31 13:00:05.140893,111.69999694824219,74.61000061035156
motor,2025-03-31 13:00:05.162270,111.80000305175781,74.77999877929688
odom,2025-03-31 13:00:05.167955,0.999221753011532,-1.12065722060691,-57.497625168760635,-0.473096224910043,-0.039423098384072854,-8.16906874205613
motor,2025-03-31 13:00:05.282107,111.69999694824219,75.04000091552734
motor,2025-03-31 13:00:05.282520,111.69999694824219,74.94999694824219
motor,2025-03-31 13:00:05.282977,111.80000305175781,74.77999877929688
motor,2025-03-31 13:00:05.300060,111.69999694824219,74.8499984741211
odom,2025-03-31 13:00:05.350528,1.0312511625300051,-1.166771938994142,-56.018950134074835,-0.45693862088805576,-0.006390263651711871,-7.957717129144781
motor,2025-03-31 13:00:05.357443,111.69999694824219,75.02999877929688
motor,2025-03-31 13:00:05.357783,111.80000305175781,74.94999694824219
motor,2025-03-31 13:00:05.377933,111.80000305175781,74.94999694824219
motor,2025-03-31 13:00:05.380244,111.80000305175781,74.58999633789062
motor,2025-03-31 13:00:05.400387,111.69999694824219,74.86000061035156
motor,2025-03-31 13:00:05.463583,111.80000305175781,75.30000305175781
motor,2025-03-31 13:00:05.463935,111.80000305175781,75.12999725341797
motor,2025-03-31 13:00:05.487000,111.80000305175781,74.77999877929688
motor,2025-03-31 13:00:05.503072,111.69999694824219,75.04000091552734
motor,2025-03-31 13:00:05.521927,111.69999694824219,74.8499984741211
motor,2025-03-31 13:00:05.540408,111.80000305175781,74.94999694824219
motor,2025-03-31 13:00:05.562410,111.80000305175781,74.5999984741211
motor,2025-03-31 13:00:05.583268,111.80000305175781,74.86000061035156
odom,2025-03-31 13:00:05.586380,1.0691277377291277,-1.2114733342884716,-53.527618997630874,-0.43338428145855723,-0.02880842287503623,-6.925615800923528
motor,2025-03-31 13:00:05.600373,111.80000305175781,74.94999694824219
motor,2025-03-31 13:00:05.660074,111.69999694824219,75.22000122070312
motor,2025-03-31 13:00:05.660478,111.80000305175781,75.30000305175781
motor,2025-03-31 13:00:05.680272,111.80000305175781,75.30000305175781
motor,2025-03-31 13:00:05.699983,111.69999694824219,74.94999694824219
motor,2025-03-31 13:00:05.723067,111.69999694824219,75.19999694824219
motor,2025-03-31 13:00:05.741329,111.69999694824219,75.12999725341797
motor,2025-03-31 13:00:05.760383,111.80000305175781,75.12999725341797
motor,2025-03-31 13:00:05.780817,111.69999694824219,75.04000091552734
motor,2025-03-31 13:00:05.800049,111.69999694824219,75.22000122070312
motor,2025-03-31 13:00:05.825405,111.80000305175781,75.12999725341797
motor,2025-03-31 13:00:05.845188,111.80000305175781,75.30000305175781
odom,2025-03-31 13:00:05.848672,1.1089221919590473,-1.2465645473945226,-50.39241611459992,-0.4264464169306852,-0.06743716059957588,-7.157014854440088
motor,2025-03-31 13:00:05.860307,111.69999694824219,75.22000122070312
motor,2025-03-31 13:00:05.880001,111.80000305175781,75.2300033569336
motor,2025-03-31 13:00:05.901543,111.80000305175781,75.30000305175781
motor,2025-03-31 13:00:05.922662,111.80000305175781,75.30000305175781
motor,2025-03-31 13:00:05.948755,111.80000305175781,75.30000305175781
motor,2025-03-31 13:00:05.959646,111.69999694824219,75.22000122070312
motor,2025-03-31 13:00:05.980845,111.80000305175781,75.12000274658203
motor,2025-03-31 13:00:05.999895,111.80000305175781,75.4800033569336
motor,2025-03-31 13:00:06.020266,111.69999694824219,75.66000366210938
motor,2025-03-31 13:00:06.048196,111.80000305175781,75.83000183105469
motor,2025-03-31 13:00:06.062074,111.69999694824219,75.91999816894531
odom,2025-03-31 13:00:06.078870,1.1370586078174578,-1.2792123495524226,-47.40987162618812,-0.35018292570655524,0.011217960632452215,-6.726591711776782
motor,2025-03-31 13:00:06.086262,111.5999984741211,75.66000366210938
motor,2025-03-31 13:00:06.100410,111.5999984741211,75.66000366210938
motor,2025-03-31 13:00:06.120239,111.5999984741211,75.81999969482422
motor,2025-03-31 13:00:06.153493,111.5999984741211,76.18000030517578
motor,2025-03-31 13:00:06.172383,111.5999984741211,75.83000183105469
motor,2025-03-31 13:00:06.187199,111.5999984741211,75.91000366210938
motor,2025-03-31 13:00:06.213300,111.5999984741211,75.56999969482422
motor,2025-03-31 13:00:06.224041,111.5999984741211,75.66000366210938
motor,2025-03-31 13:00:06.288215,111.5999984741211,75.91999816894531
motor,2025-03-31 13:00:06.292739,111.5999984741211,76.36000061035156
motor,2025-03-31 13:00:06.293057,111.5999984741211,76.61000061035156
motor,2025-03-31 13:00:06.300244,111.5999984741211,76.54000091552734
motor,2025-03-31 13:00:06.320022,111.5999984741211,76.70999908447266
odom,2025-03-31 13:00:06.332562,1.1747676536255065,-1.3085464168285508,-44.108075038722085,-0.35157775022503046,-0.03837077612890273,-5.69884010244925
motor,2025-03-31 13:00:06.340569,111.5999984741211,76.70999908447266
motor,2025-03-31 13:00:06.360932,111.5999984741211,76.79000091552734
motor,2025-03-31 13:00:06.380683,111.5999984741211,77.05999755859375
motor,2025-03-31 13:00:06.400812,111.5999984741211,77.31999969482422
motor,2025-03-31 13:00:06.420551,111.5999984741211,77.68000030517578
motor,2025-03-31 13:00:06.440030,111.5999984741211,77.83999633789062
motor,2025-03-31 13:00:06.460196,111.5999984741211,77.94000244140625
motor,2025-03-31 13:00:06.481407,111.5999984741211,78.37000274658203
motor,2025-03-31 13:00:06.500925,111.5999984741211,78.9000015258789
motor,2025-03-31 13:00:06.521513,111.5999984741211,78.72000122070312
motor,2025-03-31 13:00:06.542845,111.69999694824219,79.44000244140625
motor,2025-03-31 13:00:06.565411,111.5999984741211,79.61000061035156
motor,2025-03-31 13:00:06.580317,111.5999984741211,79.5999984741211
motor,2025-03-31 13:00:06.601660,111.5999984741211,79.3499984741211
odom,2025-03-31 13:00:06.614061,1.2114187844385993,-1.3349883792697097,-40.152439845602494,-0.3668380165241137,-0.02786519287108901,-5.70471221539627
motor,2025-03-31 13:00:06.621158,111.5999984741211,79.69999694824219
motor,2025-03-31 13:00:06.642621,111.69999694824219,79.08999633789062
motor,2025-03-31 13:00:06.664619,111.5999984741211,79.44000244140625
motor,2025-03-31 13:00:06.689113,111.69999694824219,79.77999877929688
motor,2025-03-31 13:00:06.699828,111.5999984741211,79.69999694824219
motor,2025-03-31 13:00:06.720287,111.5999984741211,79.94999694824219
motor,2025-03-31 13:00:06.740437,111.5999984741211,79.69999694824219
motor,2025-03-31 13:00:06.764652,111.5999984741211,79.52999877929688
motor,2025-03-31 13:00:06.781238,111.5999984741211,79.77999877929688
motor,2025-03-31 13:00:06.799862,111.5999984741211,80.12999725341797
motor,2025-03-31 13:00:06.828554,111.5999984741211,80.48999786376953
motor,2025-03-31 13:00:06.841935,111.80000305175781,80.31999969482422
odom,2025-03-31 13:00:06.868753,1.2602424286186242,-1.3615130096996393,-36.133903776317645,-0.44851849325840953,-0.06000298597411322,-5.136115807450077
motor,2025-03-31 13:00:06.895515,111.80000305175781,80.94999694824219
motor,2025-03-31 13:00:06.896773,111.5999984741211,81.19999694824219
motor,2025-03-31 13:00:06.899691,111.80000305175781,82.5999984741211
motor,2025-03-31 13:00:06.920336,111.80000305175781,83.06999969482422
motor,2025-03-31 13:00:06.940279,111.5999984741211,83.76000213623047
motor,2025-03-31 13:00:06.970448,111.5999984741211,84.11000061035156
motor,2025-03-31 13:00:06.989159,111.80000305175781,85.06999969482422
motor,2025-03-31 13:00:07.002169,111.80000305175781,85.23999786376953
motor,2025-03-31 13:00:07.044798,111.80000305175781,85.7699966430664
motor,2025-03-31 13:00:07.045155,111.80000305175781,86.58000183105469
motor,2025-03-31 13:00:07.071195,111.80000305175781,87.70999908447266
motor,2025-03-31 13:00:07.080549,111.80000305175781,88.41000366210938
motor,2025-03-31 13:00:07.109133,111.80000305175781,89.12999725341797
motor,2025-03-31 13:00:07.120028,111.69999694824219,89.56999969482422
odom,2025-03-31 13:00:07.123129,1.3049501064091387,-1.38397535561774,-32.193992173032925,-0.368663617599198,-0.03561388795923536,-4.159490484572333
motor,2025-03-31 13:00:07.140071,111.80000305175781,89.76000213623047
motor,2025-03-31 13:00:07.174067,111.80000305175781,89.98999786376953
motor,2025-03-31 13:00:07.197827,111.80000305175781,90.3499984741211
motor,2025-03-31 13:00:07.204038,111.80000305175781,91.2300033569336
motor,2025-03-31 13:00:07.220015,111.80000305175781,91.58000183105469
motor,2025-03-31 13:00:07.240317,111.80000305175781,92.02999877929688
motor,2025-03-31 13:00:07.259630,111.80000305175781,92.45999908447266
motor,2025-03-31 13:00:07.279853,111.80000305175781,93.16000366210938
motor,2025-03-31 13:00:07.331907,111.80000305175781,94.2300033569336
motor,2025-03-31 13:00:07.332281,111.69999694824219,94.73999786376953
motor,2025-03-31 13:00:07.343726,111.69999694824219,97.9000015258789
motor,2025-03-31 13:00:07.364446,111.80000305175781,99.66999816894531
motor,2025-03-31 13:00:07.381178,111.69999694824219,101.5199966430664
odom,2025-03-31 13:00:07.398930,1.338821217327523,-1.402876771445994,-27.932867361203183,-0.31548210458429105,0.0067757174243912015,-3.966152093532827
motor,2025-03-31 13:00:07.404894,111.80000305175781,104.06999969482422
motor,2025-03-31 13:00:07.419937,111.69999694824219,105.30999755859375
motor,2025-03-31 13:00:07.440678,111.80000305175781,106.18000030517578
motor,2025-03-31 13:00:07.460289,111.69999694824219,106.97000122070312
motor,2025-03-31 13:00:07.480446,111.5999984741211,108.37999725341797
motor,2025-03-31 13:00:07.500243,111.5999984741211,109.5199966430664
motor,2025-03-31 13:00:07.569045,111.69999694824219,111.37000274658203
motor,2025-03-31 13:00:07.569784,111.80000305175781,113.66000366210938
motor,2025-03-31 13:00:07.570263,111.80000305175781,115.94000244140625
motor,2025-03-31 13:00:07.604158,111.69999694824219,118.2300033569336
motor,2025-03-31 13:00:07.604516,111.80000305175781,120.69000244140625
motor,2025-03-31 13:00:07.619911,111.80000305175781,121.83999633789062
motor,2025-03-31 13:00:07.640054,111.69999694824219,122.80000305175781
odom,2025-03-31 13:00:07.651581,1.3876553881945037,-1.4196347856361164,-23.923388883215,-0.381082246441454,-0.033227351806741544,-3.0936080055383566
motor,2025-03-31 13:00:07.661585,111.80000305175781,123.68000030517578
motor,2025-03-31 13:00:07.685479,111.69999694824219,124.31999969482422
motor,2025-03-31 13:00:07.700718,111.80000305175781,124.38999938964844
motor,2025-03-31 13:00:07.723256,111.69999694824219,124.38999938964844
motor,2025-03-31 13:00:07.739930,111.80000305175781,124.38999938964844
motor,2025-03-31 13:00:07.762252,111.80000305175781,124.38999938964844
motor,2025-03-31 13:00:07.787912,111.80000305175781,124.73999786376953
motor,2025-03-31 13:00:07.806705,111.80000305175781,125.44000244140625
motor,2025-03-31 13:00:07.827310,111.80000305175781,126.2699966430664
motor,2025-03-31 13:00:07.842997,111.80000305175781,127.02999877929688
motor,2025-03-31 13:00:07.865585,111.5999984741211,128.27000427246094
odom,2025-03-31 13:00:07.883103,1.4400873039373505,-1.432373073237063,-19.954793047585007,-0.4367283224060372,-0.048210616837290395,-2.836072976546221
motor,2025-03-31 13:00:07.892103,111.69999694824219,128.6300048828125
motor,2025-03-31 13:00:07.910456,111.5999984741211,129.83999633789062
motor,2025-03-31 13:00:07.920327,111.80000305175781,130.47000122070312
motor,2025-03-31 13:00:07.939470,111.80000305175781,131.4199981689453
motor,2025-03-31 13:00:07.959415,111.80000305175781,131.7899932861328
motor,2025-03-31 13:00:07.980014,111.80000305175781,131.4199981689453
motor,2025-03-31 13:00:08.000863,111.80000305175781,131.6199951171875
motor,2025-03-31 13:00:08.048158,111.80000305175781,132.08999633789062
motor,2025-03-31 13:00:08.053618,111.80000305175781,132.8800048828125
motor,2025-03-31 13:00:08.061197,111.80000305175781,133.72999572753906
motor,2025-03-31 13:00:08.117967,111.80000305175781,134.00999450683594
motor,2025-03-31 13:00:08.118406,111.80000305175781,133.5500030517578
odom,2025-03-31 13:00:08.141355,1.4897043621791004,-1.4414036582081289,-15.720719484400387,-0.4087476598939055,-0.03867744852251839,-2.2337419131779215
motor,2025-03-31 13:00:08.204127,111.80000305175781,133.89999389648438
motor,2025-03-31 13:00:08.204508,111.80000305175781,134.27000427246094
motor,2025-03-31 13:00:08.205125,111.80000305175781,134.61000061035156
motor,2025-03-31 13:00:08.212719,111.80000305175781,134.94000244140625
motor,2025-03-31 13:00:08.213033,111.80000305175781,134.9600067138672
motor,2025-03-31 13:00:08.227913,111.80000305175781,134.77999877929688
motor,2025-03-31 13:00:08.240185,111.80000305175781,134.97999572753906
motor,2025-03-31 13:00:08.260064,111.80000305175781,135.47000122070312
motor,2025-03-31 13:00:08.282576,111.9000015258789,135.83999633789062
motor,2025-03-31 13:00:08.300089,112.0,136.3699951171875
motor,2025-03-31 13:00:08.320571,111.9000015258789,136.3699951171875
motor,2025-03-31 13:00:08.342941,112.5,136.02999877929688
motor,2025-03-31 13:00:08.360422,113.30000305175781,135.83999633789062
odom,2025-03-31 13:00:08.369601,1.5379336026179726,-1.4463383977320636,-11.556525098280677,-0.35709584342994904,-0.03573381566918281,-1.4930730979768245
motor,2025-03-31 13:00:08.381404,113.69999694824219,135.30999755859375
motor,2025-03-31 13:00:08.402292,113.9000015258789,135.30999755859375
motor,2025-03-31 13:00:08.421906,114.0999984741211,135.75
motor,2025-03-31 13:00:08.440196,114.19999694824219,136.6999969482422
motor,2025-03-31 13:00:08.462123,114.0999984741211,137.38999938964844
motor,2025-03-31 13:00:08.480382,114.0999984741211,137.1199951171875
motor,2025-03-31 13:00:08.502971,114.19999694824219,137.0500030517578
motor,2025-03-31 13:00:08.521996,114.0999984741211,136.61000061035156
motor,2025-03-31 13:00:08.539356,114.0999984741211,135.92999267578125
motor,2025-03-31 13:00:08.561188,114.19999694824219,135.64999389648438
motor,2025-03-31 13:00:08.579962,114.19999694824219,136.0
odom,2025-03-31 13:00:08.597293,1.5969907299511268,-1.4448768344496785,-7.525141358257272,-0.47544820192341314,-0.07481732783587859,-1.070043876304797
motor,2025-03-31 13:00:08.603689,114.19999694824219,136.6999969482422
motor,2025-03-31 13:00:08.626993,114.19999694824219,137.41000366210938
motor,2025-03-31 13:00:08.640101,114.19999694824219,136.72000122070312
motor,2025-03-31 13:00:08.661225,114.19999694824219,135.82000732421875
motor,2025-03-31 13:00:08.679929,114.0999984741211,135.64999389648438
motor,2025-03-31 13:00:08.700103,114.19999694824219,136.0
motor,2025-03-31 13:00:08.723523,114.19999694824219,136.1699981689453
motor,2025-03-31 13:00:08.743225,114.0999984741211,136.61000061035156
motor,2025-03-31 13:00:08.760288,114.19999694824219,136.3699951171875
motor,2025-03-31 13:00:08.780317,114.0999984741211,136.24000549316406
motor,2025-03-31 13:00:08.800178,114.19999694824219,136.52999877929688
motor,2025-03-31 13:00:08.820672,114.0999984741211,136.27999877929688
odom,2025-03-31 13:00:08.825133,1.6521277086912216,-1.443838484925968,-3.5609089901927433,-0.4065083168322069,-0.03299100406672685,-0.45963514409534756
motor,2025-03-31 13:00:08.840378,114.0999984741211,136.08999633789062
motor,2025-03-31 13:00:08.860183,114.19999694824219,136.0
motor,2025-03-31 13:00:08.880323,114.4000015258789,135.64999389648438
motor,2025-03-31 13:00:08.900596,114.4000015258789,135.47000122070312
motor,2025-03-31 13:00:08.920540,114.0999984741211,135.72000122070312
motor,2025-03-31 13:00:08.940055,114.0999984741211,136.52999877929688
motor,2025-03-31 13:00:08.960649,114.19999694824219,136.52999877929688
motor,2025-03-31 13:00:08.980252,114.0999984741211,136.4199981689453
motor,2025-03-31 13:00:09.000723,114.30000305175781,135.64999389648438
motor,2025-03-31 13:00:09.020758,114.4000015258789,135.2899932861328
motor,2025-03-31 13:00:09.040350,114.19999694824219,134.94000244140625
motor,2025-03-31 13:00:09.060327,114.0999984741211,135.19000244140625
odom,2025-03-31 13:00:09.075931,1.709395398567768,-1.4387936703423814,0.23544255777667403,-0.46717495946198173,-0.03922034278199684,0.03351032916662723
motor,2025-03-31 13:00:09.081774,114.19999694824219,136.1699981689453
motor,2025-03-31 13:00:09.100429,114.0999984741211,136.60000610351562
motor,2025-03-31 13:00:09.120408,114.0999984741211,136.07000732421875
motor,2025-03-31 13:00:09.140024,114.19999694824219,135.64999389648438
motor,2025-03-31 13:00:09.160071,114.19999694824219,135.64999389648438
motor,2025-03-31 13:00:09.180116,114.0999984741211,135.3699951171875
motor,2025-03-31 13:00:09.201713,114.19999694824219,134.94000244140625
motor,2025-03-31 13:00:09.220885,114.19999694824219,135.64999389648438
motor,2025-03-31 13:00:09.240441,114.19999694824219,136.35000610351562
motor,2025-03-31 13:00:09.261239,114.19999694824219,136.0
motor,2025-03-31 13:00:09.280378,114.19999694824219,134.77000427246094
motor,2025-03-31 13:00:09.301492,114.19999694824219,134.94000244140625
motor,2025-03-31 13:00:09.320358,114.19999694824219,135.64999389648438
odom,2025-03-31 13:00:09.326398,1.7559079060852167,-1.427542090329798,4.00260509851503,-0.3833795492276459,-0.06481801878678223,0.5676102609191499
motor,2025-03-31 13:00:09.343664,114.19999694824219,136.0
motor,2025-03-31 13:00:09.360264,114.19999694824219,136.1699981689453
motor,2025-03-31 13:00:09.408468,114.0999984741211,135.82000732421875
motor,2025-03-31 13:00:09.409304,114.19999694824219,135.64999389648438
motor,2025-03-31 13:00:09.425088,114.19999694824219,135.2899932861328
motor,2025-03-31 13:00:09.439931,114.19999694824219,135.02999877929688
motor,2025-03-31 13:00:09.459921,114.19999694824219,135.47000122070312
motor,2025-03-31 13:00:09.480087,114.19999694824219,135.27999877929688
odom,2025-03-31 13:00:09.551312,1.8112151521225996,-1.41247218371043,7.558890086941352,-0.4206723108844606,-0.05674881336586554,0.9769269491762863
motor,2025-03-31 13:00:09.553263,114.0999984741211,135.3699951171875
motor,2025-03-31 13:00:09.553691,114.0999984741211,135.72000122070312
motor,2025-03-31 13:00:09.565673,114.19999694824219,135.6300048828125
motor,2025-03-31 13:00:09.580285,114.0999984741211,135.88999938964844
motor,2025-03-31 13:00:09.600530,113.9000015258789,135.72000122070312
motor,2025-03-31 13:00:09.621602,114.19999694824219,134.58999633789062
motor,2025-03-31 13:00:09.640305,114.19999694824219,135.10000610351562
motor,2025-03-31 13:00:09.660468,114.19999694824219,135.4499969482422
motor,2025-03-31 13:00:09.681571,114.19999694824219,136.50999450683594
motor,2025-03-31 13:00:09.699871,114.19999694824219,135.97999572753906
motor,2025-03-31 13:00:09.720165,114.19999694824219,135.27999877929688
odom,2025-03-31 13:00:09.730103,1.86773501903944,-1.3984558115459327,9.659080800842407,-0.4729761613478276,-0.035303681994982156,1.3730864721773055
motor,2025-03-31 13:00:09.740289,114.0999984741211,135.5399932861328
motor,2025-03-31 13:00:09.759582,114.0999984741211,135.2899932861328
motor,2025-03-31 13:00:09.780479,114.0999984741211,134.9600067138672
motor,2025-03-31 13:00:09.801293,114.0999984741211,135.72999572753906
motor,2025-03-31 13:00:09.820158,114.0999984741211,136.27999877929688
motor,2025-03-31 13:00:09.840459,114.0999984741211,135.83999633789062
motor,2025-03-31 13:00:09.859830,114.19999694824219,134.77000427246094
motor,2025-03-31 13:00:09.880086,114.0999984741211,134.58999633789062
motor,2025-03-31 13:00:09.900081,114.19999694824219,134.77000427246094
odom,2025-03-31 13:00:09.908977,1.931783689494213,-1.3819290652904934,11.697579987665367,-0.4890215177766288,-0.023669762125532276,1.5111316717806194
motor,2025-03-31 13:00:09.920131,114.19999694824219,135.47000122070312
motor,2025-03-31 13:00:09.939295,114.0999984741211,136.07000732421875
motor,2025-03-31 13:00:09.959172,114.19999694824219,135.83999633789062
motor,2025-03-31 13:00:09.979322,114.19999694824219,134.77999877929688
motor,2025-03-31 13:00:09.999667,114.0999984741211,135.0500030517578
motor,2025-03-31 13:00:10.020052,114.19999694824219,134.94000244140625
motor,2025-03-31 13:00:10.040276,114.0999984741211,135.2899932861328
motor,2025-03-31 13:00:10.062871,114.0999984741211,135.13999938964844
motor,2025-03-31 13:00:10.079926,114.0999984741211,135.30999755859375
odom,2025-03-31 13:00:10.087013,1.9970445899760187,-1.3633097643211942,13.614762745887512,-0.5513392121551652,-0.02223064606966869,1.9320260168555379
motor,2025-03-31 13:00:10.100477,114.19999694824219,135.1199951171875
motor,2025-03-31 13:00:10.120826,114.19999694824219,135.47000122070312
motor,2025-03-31 13:00:10.144002,114.19999694824219,135.49000549316406
motor,2025-03-31 13:00:10.159787,114.19999694824219,135.2899932861328
motor,2025-03-31 13:00:10.182701,114.0999984741211,135.02999877929688
motor,2025-03-31 13:00:10.201675,114.19999694824219,134.58999633789062
motor,2025-03-31 13:00:10.220978,114.19999694824219,134.94000244140625
motor,2025-03-31 13:00:10.242768,114.19999694824219,135.30999755859375
motor,2025-03-31 13:00:10.266408,114.0999984741211,136.19000244140625
motor,2025-03-31 13:00:10.280262,114.0999984741211,135.47000122070312
odom,2025-03-31 13:00:10.289244,2.069564828987165,-1.3440459427726776,15.644661971770878,-0.611311377923082,0.008200059761340722,2.224744302871806
motor,2025-03-31 13:00:10.300384,114.0,135.1199951171875
motor,2025-03-31 13:00:10.319669,114.0999984741211,134.94000244140625
motor,2025-03-31 13:00:10.357896,114.19999694824219,135.1199951171875
motor,2025-03-31 13:00:10.368167,114.19999694824219,134.77000427246094
motor,2025-03-31 13:00:10.380122,114.19999694824219,135.64999389648438
motor,2025-03-31 13:00:10.400629,114.19999694824219,136.1699981689453
motor,2025-03-31 13:00:10.420351,114.0999984741211,135.2899932861328
motor,2025-03-31 13:00:10.470393,114.19999694824219,134.61000061035156
motor,2025-03-31 13:00:10.472671,114.19999694824219,134.58999633789062
motor,2025-03-31 13:00:10.479698,114.0999984741211,134.77000427246094
odom,2025-03-31 13:00:10.492548,2.136242795579669,-1.3154890601868836,17.83497501174621,-0.5345072704349468,-0.050050893816623226,2.3038096985032253
motor,2025-03-31 13:00:10.501389,114.0999984741211,135.47000122070312
motor,2025-03-31 13:00:10.520271,114.19999694824219,136.35000610351562
motor,2025-03-31 13:00:10.552475,114.0999984741211,135.64999389648438
motor,2025-03-31 13:00:10.559825,114.19999694824219,134.77000427246094
motor,2025-03-31 13:00:10.579414,114.19999694824219,134.77000427246094
motor,2025-03-31 13:00:10.599343,114.19999694824219,134.77999877929688
motor,2025-03-31 13:00:10.619855,113.9000015258789,134.61000061035156
motor,2025-03-31 13:00:10.675418,114.0,135.1199951171875
motor,2025-03-31 13:00:10.675766,113.80000305175781,135.1199951171875
motor,2025-03-31 13:00:10.680379,113.80000305175781,134.58999633789062
motor,2025-03-31 13:00:10.701540,113.5999984741211,133.88999938964844
motor,2025-03-31 13:00:10.719930,111.19999694824219,130.02000427246094
motor,2025-03-31 13:00:10.740890,108.9000015258789,128.10000610351562
odom,2025-03-31 13:00:10.744321,2.2090710385416203,-1.2882823884752894,20.058604435884433,-0.633156479552308,-0.004704692151119327,2.8512367955832385
motor,2025-03-31 13:00:10.760735,104.0,124.38999938964844
motor,2025-03-31 13:00:10.779860,101.5,122.0999984741211
motor,2025-03-31 13:00:10.799946,95.19999694824219,118.48999786376953
motor,2025-03-31 13:00:10.820529,91.0999984741211,116.62999725341797
motor,2025-03-31 13:00:10.839997,91.0999984741211,115.41000366210938
motor,2025-03-31 13:00:10.859694,91.0999984741211,113.30000305175781
motor,2025-03-31 13:00:10.881741,91.0,110.48999786376953
motor,2025-03-31 13:00:10.900217,90.80000305175781,108.11000061035156
motor,2025-03-31 13:00:10.920202,90.80000305175781,107.2300033569336
motor,2025-03-31 13:00:10.940599,90.69999694824219,106.2699966430664
odom,2025-03-31 13:00:10.949635,2.274763667343187,-1.2499060215638857,22.583628212328968,-0.6143537190949677,-0.08316237484749049,3.2118722018785766
motor,2025-03-31 13:00:10.994598,90.5999984741211,105.55000305175781
motor,2025-03-31 13:00:10.994952,90.0,105.37000274658203
motor,2025-03-31 13:00:10.999327,90.0999984741211,104.5999984741211
motor,2025-03-31 13:00:11.019322,89.69999694824219,104.41999816894531
motor,2025-03-31 13:00:11.040948,87.80000305175781,102.75
motor,2025-03-31 13:00:11.060429,86.80000305175781,101.77999877929688
motor,2025-03-31 13:00:11.091954,85.9000015258789,100.98999786376953
motor,2025-03-31 13:00:11.102305,84.80000305175781,100.0199966430664
motor,2025-03-31 13:00:11.143717,84.19999694824219,99.31999969482422
motor,2025-03-31 13:00:11.144057,83.5,98.08999633789062
motor,2025-03-31 13:00:11.160310,83.4000015258789,97.20999908447266
motor,2025-03-31 13:00:11.185357,83.30000305175781,95.95999908447266
motor,2025-03-31 13:00:11.200397,82.9000015258789,95.2699966430664
odom,2025-03-31 13:00:11.201397,2.335631835121123,-1.2127844759396416,25.47086574080902,-0.5248169743523691,-0.054297617986865644,3.289904715353376
motor,2025-03-31 13:00:11.219926,83.4000015258789,94.22000122070312
motor,2025-03-31 13:00:11.240725,83.30000305175781,93.51000213623047
motor,2025-03-31 13:00:11.259976,83.4000015258789,92.80999755859375
motor,2025-03-31 13:00:11.286470,83.19999694824219,91.75
motor,2025-03-31 13:00:11.300322,83.30000305175781,90.5199966430664
motor,2025-03-31 13:00:11.320513,83.19999694824219,89.37999725341797
odom,2025-03-31 13:00:11.331778,2.4085722324120082,-1.1757086396083363,26.340348094780335,-0.6666148255418672,-0.007027893643804609,3.7456337164330926
motor,2025-03-31 13:00:11.340314,83.19999694824219,88.2300033569336
motor,2025-03-31 13:00:11.360089,83.19999694824219,87.45999908447266
motor,2025-03-31 13:00:11.380308,83.30000305175781,87.18000030517578
motor,2025-03-31 13:00:11.400492,83.0999984741211,86.04000091552734
motor,2025-03-31 13:00:11.420973,83.19999694824219,85.05999755859375
motor,2025-03-31 13:00:11.444092,83.19999694824219,84.19000244140625
motor,2025-03-31 13:00:11.462587,83.19999694824219,83.4800033569336
motor,2025-03-31 13:00:11.479902,83.19999694824219,82.77999877929688
motor,2025-03-31 13:00:11.501017,83.4000015258789,82.16999816894531
motor,2025-03-31 13:00:11.520091,83.19999694824219,81.37000274658203
odom,2025-03-31 13:00:11.531894,2.4690685035638658,-1.1417693985183124,28.52879895297955,-0.5128072542362724,-0.006840360669529775,3.6813378872269444
motor,2025-03-31 13:00:11.540012,83.19999694824219,80.58000183105469
motor,2025-03-31 13:00:11.560193,83.19999694824219,79.77999877929688
motor,2025-03-31 13:00:11.580137,83.19999694824219,78.80999755859375
motor,2025-03-31 13:00:11.599841,82.9000015258789,78.12000274658203
motor,2025-03-31 13:00:11.620528,82.9000015258789,77.48999786376953
motor,2025-03-31 13:00:11.640628,82.5999984741211,76.80000305175781
motor,2025-03-31 13:00:11.660679,82.5999984741211,76.01000213623047
motor,2025-03-31 13:00:11.680431,82.4000015258789,75.02999877929688
odom,2025-03-31 13:00:11.684274,2.538101064849013,-1.1201846997216207,29.892801136788385,-0.5749662660660894,0.12777953054013125,4.248602121804617
motor,2025-03-31 13:00:11.702275,82.30000305175781,74.1500015258789
motor,2025-03-31 13:00:11.720124,81.5999984741211,72.73999786376953
motor,2025-03-31 13:00:11.739230,81.4000015258789,71.79000091552734
motor,2025-03-31 13:00:11.759992,81.19999694824219,70.62999725341797
motor,2025-03-31 13:00:11.779948,81.0999984741211,69.5
motor,2025-03-31 13:00:11.804313,80.9000015258789,68.87000274658203
motor,2025-03-31 13:00:11.819587,80.80000305175781,67.73999786376953
motor,2025-03-31 13:00:11.839902,80.69999694824219,67.20999908447266
motor,2025-03-31 13:00:11.859646,80.69999694824219,66.51000213623047
odom,2025-03-31 13:00:11.906411,2.5849728913938774,-1.0849224093145027,32.89106895704203,-0.47609331742139255,-0.03382241417422169,4.671284297409452
motor,2025-03-31 13:00:11.909896,80.5999984741211,65.9800033569336
motor,2025-03-31 13:00:11.910230,80.4000015258789,65.36000061035156
motor,2025-03-31 13:00:11.920208,80.4000015258789,64.38999938964844
motor,2025-03-31 13:00:11.940328,80.0999984741211,63.86000061035156
motor,2025-03-31 13:00:11.964365,80.0999984741211,63.52000045776367
motor,2025-03-31 13:00:11.980543,80.19999694824219,63.34000015258789
motor,2025-03-31 13:00:12.005035,80.0,63.16999816894531
motor,2025-03-31 13:00:12.018980,79.69999694824219,62.459999084472656
odom,2025-03-31 13:00:12.031519,2.6450263691380935,-1.0579426855970295,33.906126998807764,-0.4805421655105201,0.0822577449535923,4.382254334540719
motor,2025-03-31 13:00:12.044207,79.5,62.369998931884766
motor,2025-03-31 13:00:12.093397,79.0999984741211,61.7599983215332
motor,2025-03-31 13:00:12.093705,78.9000015258789,61.33000183105469
motor,2025-03-31 13:00:12.105679,78.80000305175781,60.529998779296875
motor,2025-03-31 13:00:12.142761,78.5999984741211,60.0
motor,2025-03-31 13:00:12.143093,78.30000305175781,59.810001373291016
motor,2025-03-31 13:00:12.160234,78.4000015258789,59.119998931884766
motor,2025-03-31 13:00:12.180304,78.19999694824219,58.58000183105469
motor,2025-03-31 13:00:12.201803,78.19999694824219,58.41999816894531
odom,2025-03-31 13:00:12.206250,2.692678467323557,-1.008825973520991,36.31232348528711,-0.5490805735424774,-0.09242444623936465,5.156610471000793
motor,2025-03-31 13:00:12.225553,78.0,58.2400016784668
motor,2025-03-31 13:00:12.245407,77.80000305175781,57.45000076293945
motor,2025-03-31 13:00:12.263735,77.80000305175781,56.91999816894531
motor,2025-03-31 13:00:12.284939,77.69999694824219,57.0099983215332
motor,2025-03-31 13:00:12.301488,77.5,56.65999984741211
motor,2025-03-31 13:00:12.320560,77.5,56.220001220703125
motor,2025-03-31 13:00:12.340359,77.5,56.4900016784668
odom,2025-03-31 13:00:12.356071,2.7880583572219466,-0.9864903694268997,36.81654445934644,-0.6649438784072641,0.29101541107990175,4.761131283816366
motor,2025-03-31 13:00:12.359940,77.4000015258789,55.95000076293945
motor,2025-03-31 13:00:12.380460,76.9000015258789,55.779998779296875
motor,2025-03-31 13:00:12.401050,77.30000305175781,55.790000915527344
motor,2025-03-31 13:00:12.420084,77.0999984741211,55.0
motor,2025-03-31 13:00:12.440097,76.9000015258789,54.81999969482422
motor,2025-03-31 13:00:12.459586,76.69999694824219,54.720001220703125
motor,2025-03-31 13:00:12.482182,76.69999694824219,54.720001220703125
motor,2025-03-31 13:00:12.502779,76.69999694824219,54.369998931884766
motor,2025-03-31 13:00:12.520386,76.69999694824219,54.189998626708984
motor,2025-03-31 13:00:12.540301,76.5,54.189998626708984
odom,2025-03-31 13:00:12.559823,2.8281565597026708,-0.9277981338571637,39.36155063295478,-0.5549437583146839,-0.16225357143549746,5.587931583964376
motor,2025-03-31 13:00:12.560340,76.0,54.02000045776367
motor,2025-03-31 13:00:12.579672,75.9000015258789,54.02000045776367
motor,2025-03-31 13:00:12.599634,75.80000305175781,53.59000015258789
motor,2025-03-31 13:00:12.619283,75.5999984741211,53.66999816894531
motor,2025-03-31 13:00:12.639265,75.5999984741211,53.400001525878906
motor,2025-03-31 13:00:12.660128,75.5999984741211,53.310001373291016
motor,2025-03-31 13:00:12.680192,75.5,53.310001373291016
motor,2025-03-31 13:00:12.700096,75.5,53.13999938964844
odom,2025-03-31 13:00:12.714382,2.920953950542274,-0.8904914453649037,40.59593148948157,-0.7720733852305648,0.26125236437452276,5.774176903360701
motor,2025-03-31 13:00:12.731077,75.5,53.400001525878906
motor,2025-03-31 13:00:12.739945,75.5,53.84000015258789
motor,2025-03-31 13:00:12.760001,75.5,53.22999954223633
motor,2025-03-31 13:00:12.816196,75.5,52.970001220703125
motor,2025-03-31 13:00:12.826677,75.5,53.150001525878906
motor,2025-03-31 13:00:12.828267,75.5,52.529998779296875
motor,2025-03-31 13:00:12.840067,75.5,52.790000915527344
motor,2025-03-31 13:00:12.863097,75.5,52.619998931884766
odom,2025-03-31 13:00:12.872069,2.9824726324785136,-0.8493270492857858,41.61757255969359,-0.5420074176250207,0.0745315303031371,5.368762247493156
motor,2025-03-31 13:00:12.886971,75.5,53.2400016784668
motor,2025-03-31 13:00:12.904664,75.5,53.59000015258789
motor,2025-03-31 13:00:12.928411,75.5,54.02000045776367
motor,2025-03-31 13:00:12.940564,75.5,53.40999984741211
motor,2025-03-31 13:00:12.960202,75.5999984741211,52.790000915527344
motor,2025-03-31 13:00:12.980348,75.5,52.43000030517578
motor,2025-03-31 13:00:13.008797,75.5,52.27000045776367
motor,2025-03-31 13:00:13.020024,75.5,52.619998931884766
motor,2025-03-31 13:00:13.040095,75.5,52.27000045776367
odom,2025-03-31 13:00:13.053441,2.999147005439252,-0.7715985804801184,43.923237721052935,-0.5368539637502354,-0.36169184496780193,6.242319165675036
motor,2025-03-31 13:00:13.060225,75.5,53.060001373291016
motor,2025-03-31 13:00:13.080053,75.5,53.66999816894531
motor,2025-03-31 13:00:13.137531,75.5999984741211,53.5
motor,2025-03-31 13:00:13.139803,75.5,52.880001068115234
motor,2025-03-31 13:00:13.140532,75.5,52.790000915527344
motor,2025-03-31 13:00:13.176473,75.5,51.83000183105469
motor,2025-03-31 13:00:13.181115,75.5,51.90999984741211
odom,2025-03-31 13:00:13.204606,3.1185952785146243,-0.7503734023175263,43.388457553007775,-0.7511133391386674,0.4936246568906254,5.610260669240448
motor,2025-03-31 13:00:13.205926,75.5999984741211,52.790000915527344
motor,2025-03-31 13:00:13.220151,75.5999984741211,52.2599983215332
motor,2025-03-31 13:00:13.240278,75.5,52.349998474121094
motor,2025-03-31 13:00:13.259869,75.5,53.31999969482422
motor,2025-03-31 13:00:13.280445,75.5,53.5
motor,2025-03-31 13:00:13.301244,75.30000305175781,53.5
motor,2025-03-31 13:00:13.324891,75.5,52.880001068115234
odom,2025-03-31 13:00:13.337085,3.102542730712115,-0.6707208884747798,44.17773045992797,-0.3581147291045254,-0.5560387843956134,6.276074874162122
motor,2025-03-31 13:00:13.341979,75.5,52.27000045776367
motor,2025-03-31 13:00:13.361305,75.5,52.09000015258789
motor,2025-03-31 13:00:13.381783,75.5,51.9900016784668
motor,2025-03-31 13:00:13.399625,75.5999984741211,52.27000045776367
motor,2025-03-31 13:00:13.420300,75.5999984741211,52.880001068115234
motor,2025-03-31 13:00:13.440392,75.69999694824219,53.310001373291016
motor,2025-03-31 13:00:13.460205,75.9000015258789,53.66999816894531
motor,2025-03-31 13:00:13.480352,76.0999984741211,53.84000015258789
odom,2025-03-31 13:00:13.491235,3.1639340000860674,-0.6333843523706507,42.88342221533942,-0.5732895024271845,0.11743514108009709,6.095642370070961
motor,2025-03-31 13:00:13.502300,76.30000305175781,54.02000045776367
motor,2025-03-31 13:00:13.520104,76.4000015258789,54.11000061035156
motor,2025-03-31 13:00:13.543652,76.5,54.720001220703125
motor,2025-03-31 13:00:13.560384,76.5999984741211,54.900001525878906
motor,2025-03-31 13:00:13.580184,77.19999694824219,55.959999084472656
motor,2025-03-31 13:00:13.600310,77.19999694824219,57.45000076293945
motor,2025-03-31 13:00:13.620425,77.4000015258789,58.06999969482422
motor,2025-03-31 13:00:13.640501,77.4000015258789,58.95000076293945
motor,2025-03-31 13:00:13.660413,77.4000015258789,59.290000915527344
odom,2025-03-31 13:00:13.668225,3.208347031820756,-0.5881358216211284,40.18459943043938,-0.4673015600925519,-0.043755720791615264,5.191819425714031
motor,2025-03-31 13:00:13.680365,77.4000015258789,59.38999938964844
motor,2025-03-31 13:00:13.700378,77.5,60.18000030517578
motor,2025-03-31 13:00:13.723376,77.5,61.04999923706055
motor,2025-03-31 13:00:13.746937,77.5999984741211,62.7400016784668
motor,2025-03-31 13:00:13.760640,77.5,63.34000015258789
motor,2025-03-31 13:00:13.783189,77.5,63.880001068115234
motor,2025-03-31 13:00:13.800293,77.5,64.56999969482422
motor,2025-03-31 13:00:13.820285,77.5,65.11000061035156
odom,2025-03-31 13:00:13.844675,3.234441340481904,-0.5301239398010918,37.347919569742345,-0.4553835191155434,-0.24656812514435889,5.306647573577294
motor,2025-03-31 13:00:13.847390,77.80000305175781,66.33999633789062
motor,2025-03-31 13:00:13.860537,78.0999984741211,67.04000091552734
motor,2025-03-31 13:00:13.883828,78.0,68.44999694824219
motor,2025-03-31 13:00:13.901173,78.0999984741211,69.58999633789062
motor,2025-03-31 13:00:13.928831,78.80000305175781,70.55000305175781
motor,2025-03-31 13:00:13.940012,81.0,71.79000091552734
motor,2025-03-31 13:00:13.959991,82.19999694824219,72.68000030517578
motor,2025-03-31 13:00:13.980285,83.19999694824219,73.91000366210938
motor,2025-03-31 13:00:13.999485,85.0,75.2300033569336
motor,2025-03-31 13:00:14.029332,85.80000305175781,75.83999633789062
motor,2025-03-31 13:00:14.039141,86.5,77.1500015258789
motor,2025-03-31 13:00:14.059663,87.0,78.47000122070312
odom,2025-03-31 13:00:14.069285,3.316369848882847,-0.5019375562451789,33.00469233765738,-0.6225763947993883,0.1554521377565255,4.266311829408927
motor,2025-03-31 13:00:14.080416,87.30000305175781,79.52999877929688
motor,2025-03-31 13:00:14.101047,87.0999984741211,80.7699966430664
motor,2025-03-31 13:00:14.120339,87.19999694824219,81.91000366210938
motor,2025-03-31 13:00:14.140208,87.19999694824219,83.12999725341797
motor,2025-03-31 13:00:14.159700,87.19999694824219,84.19000244140625
motor,2025-03-31 13:00:14.183102,87.4000015258789,85.08000183105469
motor,2025-03-31 13:00:14.200442,87.5,85.97000122070312
motor,2025-03-31 13:00:14.219945,87.69999694824219,86.41000366210938
motor,2025-03-31 13:00:14.242742,88.5,86.93000030517578
motor,2025-03-31 13:00:14.268351,88.69999694824219,87.54000091552734
motor,2025-03-31 13:00:14.279920,90.0999984741211,88.25
odom,2025-03-31 13:00:14.290807,3.377244944114176,-0.46913519066552317,29.1505791525353,-0.5626321062107258,0.008177548367606174,4.140000975802056
motor,2025-03-31 13:00:14.301377,90.80000305175781,88.5999984741211
motor,2025-03-31 13:00:14.320390,91.0,88.94999694824219
motor,2025-03-31 13:00:14.340169,90.9000015258789,89.81999969482422
motor,2025-03-31 13:00:14.361235,91.0,90.62000274658203
motor,2025-03-31 13:00:14.382588,91.0,91.58999633789062
motor,2025-03-31 13:00:14.400893,91.19999694824219,93.0
motor,2025-03-31 13:00:14.422000,94.4000015258789,94.2300033569336
motor,2025-03-31 13:00:14.465398,97.5999984741211,95.44999694824219
motor,2025-03-31 13:00:14.465766,99.0,96.5199966430664
motor,2025-03-31 13:00:14.480129,100.30000305175781,97.4000015258789
motor,2025-03-31 13:00:14.500525,102.19999694824219,98.62999725341797
motor,2025-03-31 13:00:14.522232,102.69999694824219,99.5999984741211
odom,2025-03-31 13:00:14.540979,3.4110391399806854,-0.443959161569922,24.777510190713212,-0.3356695256260711,-0.0707849691622496,3.5203666069970176
motor,2025-03-31 13:00:14.541555,103.9000015258789,100.91000366210938
motor,2025-03-31 13:00:14.564633,104.9000015258789,101.97000122070312
motor,2025-03-31 13:00:14.580170,105.5999984741211,103.19999694824219
motor,2025-03-31 13:00:14.599816,106.19999694824219,104.43000030517578
motor,2025-03-31 13:00:14.622675,106.5999984741211,104.95999908447266
motor,2025-03-31 13:00:14.643606,106.5999984741211,105.66999816894531
motor,2025-03-31 13:00:14.661954,106.5999984741211,106.37999725341797
motor,2025-03-31 13:00:14.680057,106.80000305175781,107.06999969482422
motor,2025-03-31 13:00:14.700366,107.19999694824219,107.8499984741211
motor,2025-03-31 13:00:14.721271,107.80000305175781,108.56999969482422
motor,2025-03-31 13:00:14.772864,108.30000305175781,109.18000030517578
motor,2025-03-31 13:00:14.773276,108.9000015258789,110.05999755859375
motor,2025-03-31 13:00:14.781584,108.80000305175781,110.83999633789062
odom,2025-03-31 13:00:14.794840,3.457090158325718,-0.4251185803970049,20.784824798412856,-0.3683731049302713,-0.009426333254445666,2.6866304795827696
motor,2025-03-31 13:00:14.799391,108.80000305175781,111.12000274658203
motor,2025-03-31 13:00:14.822812,108.9000015258789,111.55999755859375
motor,2025-03-31 13:00:14.840526,109.0,111.81999969482422
motor,2025-03-31 13:00:14.860042,109.0,112.3499984741211
motor,2025-03-31 13:00:14.880554,109.0,112.69999694824219
motor,2025-03-31 13:00:14.901897,109.30000305175781,112.87999725341797
motor,2025-03-31 13:00:14.920122,109.5,113.22000122070312
motor,2025-03-31 13:00:14.945108,109.80000305175781,113.31999969482422
motor,2025-03-31 13:00:14.960026,110.0999984741211,113.38999938964844
motor,2025-03-31 13:00:14.985369,110.4000015258789,113.58000183105469
motor,2025-03-31 13:00:15.001158,110.4000015258789,113.76000213623047
motor,2025-03-31 13:00:15.021836,110.30000305175781,113.83000183105469
odom,2025-03-31 13:00:15.026290,3.513021816374588,-0.4175331025091051,16.114708947578663,-0.4539046390004341,0.06695679093247077,2.2862488670837893
motor,2025-03-31 13:00:15.039840,110.30000305175781,113.91999816894531
motor,2025-03-31 13:00:15.064810,110.4000015258789,114.70999908447266
motor,2025-03-31 13:00:15.080417,110.30000305175781,115.23999786376953
motor,2025-03-31 13:00:15.102880,110.19999694824219,115.69000244140625
motor,2025-03-31 13:00:15.120026,110.4000015258789,116.12000274658203
motor,2025-03-31 13:00:15.140341,110.30000305175781,116.30999755859375
motor,2025-03-31 13:00:15.160043,110.30000305175781,116.4000015258789
motor,2025-03-31 13:00:15.186934,110.30000305175781,116.7300033569336
motor,2025-03-31 13:00:15.200200,110.4000015258789,116.75
motor,2025-03-31 13:00:15.222041,110.4000015258789,116.75
odom,2025-03-31 13:00:15.256994,3.5668551245305866,-0.41757094644080744,11.694457870788744,-0.4290594863106086,0.08912526194655829,1.661486576189245
motor,2025-03-31 13:00:15.273075,110.30000305175781,116.6500015258789
motor,2025-03-31 13:00:15.278968,110.30000305175781,117.16999816894531
motor,2025-03-31 13:00:15.285804,110.30000305175781,116.93000030517578
motor,2025-03-31 13:00:15.299644,110.30000305175781,116.66000366210938
motor,2025-03-31 13:00:15.320218,110.30000305175781,116.12000274658203
motor,2025-03-31 13:00:15.341289,110.30000305175781,114.70999908447266
motor,2025-03-31 13:00:15.360294,110.30000305175781,114.29000091552734
motor,2025-03-31 13:00:15.388822,110.30000305175781,113.38999938964844
motor,2025-03-31 13:00:15.400056,110.19999694824219,112.25
motor,2025-03-31 13:00:15.419754,110.19999694824219,111.27999877929688
motor,2025-03-31 13:00:15.440111,110.19999694824219,110.4000015258789
motor,2025-03-31 13:00:15.465243,110.0999984741211,109.87000274658203
motor,2025-03-31 13:00:15.482516,110.0999984741211,109.70999908447266
motor,2025-03-31 13:00:15.500279,110.0,109.18000030517578
odom,2025-03-31 13:00:15.511850,3.6245513888161374,-0.4058446257875149,7.039850728334656,-0.4350924982990342,-0.033849764681322954,0.9107424192545408
motor,2025-03-31 13:00:15.519864,110.0999984741211,108.47000122070312
motor,2025-03-31 13:00:15.589559,110.0999984741211,108.19999694824219
motor,2025-03-31 13:00:15.589931,110.0999984741211,108.19999694824219
motor,2025-03-31 13:00:15.590277,110.0999984741211,107.58999633789062
motor,2025-03-31 13:00:15.613043,110.19999694824219,107.5
motor,2025-03-31 13:00:15.635409,110.19999694824219,107.33999633789062
motor,2025-03-31 13:00:15.643570,110.19999694824219,107.06999969482422
motor,2025-03-31 13:00:15.665661,110.19999694824219,106.9000015258789
motor,2025-03-31 13:00:15.688645,110.19999694824219,106.9000015258789
motor,2025-03-31 13:00:15.707530,109.5,106.62000274658203
motor,2025-03-31 13:00:15.720079,109.5999984741211,106.37000274658203
motor,2025-03-31 13:00:15.742194,109.5,106.3499984741211
motor,2025-03-31 13:00:15.761674,109.5,106.55000305175781
odom,2025-03-31 13:00:15.766984,3.673232627832097,-0.399691598319109,1.8372390303606896,-0.3972655159444117,-0.03731773554674171,0.2607524113443982
motor,2025-03-31 13:00:15.780383,109.5,106.70999908447266
motor,2025-03-31 13:00:15.802896,109.5,106.70999908447266
motor,2025-03-31 13:00:15.820309,109.5,107.41999816894531
motor,2025-03-31 13:00:15.840737,109.5,107.94000244140625
motor,2025-03-31 13:00:15.873314,109.5,108.4800033569336
motor,2025-03-31 13:00:15.880475,109.30000305175781,109.01000213623047
motor,2025-03-31 13:00:15.901049,109.5,109.79000091552734
motor,2025-03-31 13:00:15.923563,109.5999984741211,110.2300033569336
motor,2025-03-31 13:00:15.939727,109.5,111.30000305175781
motor,2025-03-31 13:00:15.961164,109.5,111.80999755859375
motor,2025-03-31 13:00:15.981810,109.5,112.94999694824219
odom,2025-03-31 13:00:15.993797,3.7370285994094656,-0.404108786511434,-3.4190619247721803,-0.47301979848786535,0.004472571358179839,-0.4414192034136648
motor,2025-03-31 13:00:16.000342,109.5,114.33999633789062
motor,2025-03-31 13:00:16.019584,109.5,114.80000305175781
motor,2025-03-31 13:00:16.039729,109.5,114.88999938964844
motor,2025-03-31 13:00:16.081203,109.5,115.58999633789062
motor,2025-03-31 13:00:16.081614,109.5,115.8499984741211
motor,2025-03-31 13:00:16.101903,109.5,116.55999755859375
motor,2025-03-31 13:00:16.161468,109.5,118.41000366210938
motor,2025-03-31 13:00:16.161805,109.5,119.04000091552734
motor,2025-03-31 13:00:16.180884,109.5,119.80999755859375
motor,2025-03-31 13:00:16.206772,109.5999984741211,119.80999755859375
motor,2025-03-31 13:00:16.221242,109.80000305175781,119.91999816894531
motor,2025-03-31 13:00:16.241189,109.9000015258789,118.05000305175781
odom,2025-03-31 13:00:16.241989,3.7974517769837277,-0.4201005618151865,-8.781938512210614,-0.5064842247391836,0.053611196191449884,-1.2489590039423377
motor,2025-03-31 13:00:16.260239,109.9000015258789,116.6500015258789
motor,2025-03-31 13:00:16.281314,110.5,111.73999786376953
motor,2025-03-31 13:00:16.311847,110.9000015258789,109.08000183105469
motor,2025-03-31 13:00:16.319838,111.4000015258789,107.06999969482422
motor,2025-03-31 13:00:16.341360,111.5999984741211,104.94999694824219
motor,2025-03-31 13:00:16.362596,111.5999984741211,103.63999938964844
motor,2025-03-31 13:00:16.381306,111.5999984741211,102.76000213623047
motor,2025-03-31 13:00:16.406103,111.5999984741211,102.30999755859375
motor,2025-03-31 13:00:16.425216,111.69999694824219,101.44000244140625
motor,2025-03-31 13:00:16.439739,111.5999984741211,101.08999633789062
motor,2025-03-31 13:00:16.459908,111.69999694824219,100.7300033569336
odom,2025-03-31 13:00:16.486766,3.8601648420776664,-0.43935923971651714,-14.24166731280171,-0.5343301181909915,0.02641012240029397,-2.0269840959967986
motor,2025-03-31 13:00:16.523338,111.5999984741211,98.79000091552734
motor,2025-03-31 13:00:16.523676,111.5999984741211,97.37999725341797
motor,2025-03-31 13:00:16.523980,111.5999984741211,95.63999938964844
motor,2025-03-31 13:00:16.539941,111.5999984741211,94.41000366210938
motor,2025-03-31 13:00:16.561166,111.69999694824219,93.3499984741211
motor,2025-03-31 13:00:16.603382,111.5999984741211,92.45999908447266
motor,2025-03-31 13:00:16.603732,111.5999984741211,91.7699966430664
motor,2025-03-31 13:00:16.619739,111.5999984741211,91.05000305175781
motor,2025-03-31 13:00:16.639576,111.5999984741211,90.18000030517578
motor,2025-03-31 13:00:16.662021,111.5999984741211,89.56999969482422
motor,2025-03-31 13:00:16.720864,111.5999984741211,88.05999755859375
motor,2025-03-31 13:00:16.721214,111.5999984741211,87.3499984741211
odom,2025-03-31 13:00:16.736398,3.930638043377489,-0.4614539749050046,-19.66944387488547,-0.545142625295219,-0.02153506759214088,-2.5359152181496225
motor,2025-03-31 13:00:16.739830,111.5999984741211,86.63999938964844
motor,2025-03-31 13:00:16.760268,112.0999984741211,85.51000213623047
motor,2025-03-31 13:00:16.784623,112.19999694824219,85.26000213623047
motor,2025-03-31 13:00:16.800013,112.30000305175781,84.54000091552734
motor,2025-03-31 13:00:16.824954,112.30000305175781,84.01000213623047
motor,2025-03-31 13:00:16.840025,112.5,83.56999969482422
motor,2025-03-31 13:00:16.860273,112.5,83.05999755859375
motor,2025-03-31 13:00:16.880272,112.4000015258789,82.5199966430664
motor,2025-03-31 13:00:16.902074,112.9000015258789,81.7300033569336
motor,2025-03-31 13:00:16.924681,113.30000305175781,80.94999694824219
motor,2025-03-31 13:00:16.940176,113.4000015258789,81.02999877929688
motor,2025-03-31 13:00:16.960302,113.80000305175781,80.66999816894531
motor,2025-03-31 13:00:16.980362,113.9000015258789,80.23999786376953
odom,2025-03-31 13:00:16.988003,3.9854030136827006,-0.48855684389485177,-25.03134586947427,-0.49813993592086536,0.01129738334167292,-3.5624674778272287
motor,2025-03-31 13:00:17.000025,114.0,79.61000061035156
motor,2025-03-31 13:00:17.024251,113.9000015258789,79.08999633789062
motor,2025-03-31 13:00:17.042062,113.9000015258789,78.7300033569336
motor,2025-03-31 13:00:17.060423,113.9000015258789,78.30999755859375
motor,2025-03-31 13:00:17.080714,113.9000015258789,78.0199966430664
motor,2025-03-31 13:00:17.100030,113.9000015258789,77.68000030517578
motor,2025-03-31 13:00:17.127423,113.9000015258789,76.9800033569336
motor,2025-03-31 13:00:17.139867,114.0,76.37000274658203
motor,2025-03-31 13:00:17.160263,114.0,75.66000366210938
motor,2025-03-31 13:00:17.203452,114.0,75.31999969482422
motor,2025-03-31 13:00:17.205622,114.0,74.94999694824219
odom,2025-03-31 13:00:17.258868,4.043460074616372,-0.5176277747577557,-30.823802706870822,-0.5271794329909915,-0.03894756680713619,-4.379928517410093
motor,2025-03-31 13:00:17.267100,113.9000015258789,73.62000274658203
motor,2025-03-31 13:00:17.267387,113.9000015258789,73.27999877929688
motor,2025-03-31 13:00:17.281094,113.9000015258789,72.58999633789062
motor,2025-03-31 13:00:17.301858,113.80000305175781,71.95999908447266
motor,2025-03-31 13:00:17.327808,114.0,71.26000213623047
motor,2025-03-31 13:00:17.340281,113.9000015258789,69.86000061035156
motor,2025-03-31 13:00:17.361903,114.0,69.33000183105469
motor,2025-03-31 13:00:17.380109,114.0,69.16000366210938
motor,2025-03-31 13:00:17.402896,113.9000015258789,68.9800033569336
motor,2025-03-31 13:00:17.433495,113.9000015258789,68.80999755859375
motor,2025-03-31 13:00:17.440106,113.9000015258789,68.62000274658203
motor,2025-03-31 13:00:17.459874,113.9000015258789,68.62999725341797
motor,2025-03-31 13:00:17.483974,113.9000015258789,68.27999877929688
odom,2025-03-31 13:00:17.484436,4.0836472350047925,-0.5518298563509919,-35.99257829317322,-0.3893451055650336,0.030009915329424302,-4.648523439125928
motor,2025-03-31 13:00:17.510066,113.80000305175781,68.97000122070312
motor,2025-03-31 13:00:17.520239,113.9000015258789,69.7699966430664
motor,2025-03-31 13:00:17.540192,113.9000015258789,70.48999786376953
motor,2025-03-31 13:00:17.560110,114.0,71.80000305175781
motor,2025-03-31 13:00:17.579914,113.9000015258789,72.75
motor,2025-03-31 13:00:17.600388,114.0,74.61000061035156
motor,2025-03-31 13:00:17.650782,113.69999694824219,76.0199966430664
motor,2025-03-31 13:00:17.651077,113.9000015258789,76.72000122070312
motor,2025-03-31 13:00:17.665971,113.69999694824219,77.51000213623047
motor,2025-03-31 13:00:17.681244,113.9000015258789,77.94999694824219
motor,2025-03-31 13:00:17.701178,114.0,78.81999969482422
motor,2025-03-31 13:00:17.719782,113.9000015258789,79.61000061035156
motor,2025-03-31 13:00:17.740208,114.0,80.05000305175781
odom,2025-03-31 13:00:17.746047,4.129652816560589,-0.5925854590746265,-41.49022391481213,-0.5004576121225535,0.00041043780470442613,-5.896393275429785
motor,2025-03-31 13:00:17.764953,113.9000015258789,81.0199966430664
motor,2025-03-31 13:00:17.816775,113.9000015258789,80.94999694824219
motor,2025-03-31 13:00:17.817155,114.0,81.47000122070312
motor,2025-03-31 13:00:17.820000,113.9000015258789,81.6500015258789
motor,2025-03-31 13:00:17.840731,114.0,82.08000183105469
motor,2025-03-31 13:00:17.861404,114.0,82.25
motor,2025-03-31 13:00:17.881301,114.0,82.52999877929688
motor,2025-03-31 13:00:17.902411,113.9000015258789,82.72000122070312
motor,2025-03-31 13:00:17.921487,114.0,82.87999725341797
motor,2025-03-31 13:00:17.940260,114.0,83.05999755859375
motor,2025-03-31 13:00:17.961886,114.0,83.76000213623047
motor,2025-03-31 13:00:17.980087,113.9000015258789,84.7300033569336
odom,2025-03-31 13:00:17.987021,4.1775369706207846,-0.6390179030001039,-46.97644548076933,-0.4935033796732129,-0.024639446030429422,-6.073844478155398
motor,2025-03-31 13:00:18.000058,114.0,85.87000274658203
motor,2025-03-31 13:00:18.022123,114.0,89.11000061035156
motor,2025-03-31 13:00:18.048472,114.0,89.29000091552734
motor,2025-03-31 13:00:18.059331,114.5,89.63999938964844
motor,2025-03-31 13:00:18.081788,115.5,90.2699966430664
motor,2025-03-31 13:00:18.099221,116.19999694824219,90.62000274658203
motor,2025-03-31 13:00:18.122804,116.19999694824219,91.05000305175781
motor,2025-03-31 13:00:18.149187,116.30000305175781,90.87000274658203
motor,2025-03-31 13:00:18.159927,116.30000305175781,91.2300033569336
motor,2025-03-31 13:00:18.180259,116.4000015258789,91.58000183105469
odom,2025-03-31 13:00:18.201096,4.204917092259982,-0.7050211319623148,-52.376970037087766,-0.5621733187175686,0.15161112275396754,-7.448844043189575
motor,2025-03-31 13:00:18.204694,116.4000015258789,91.93000030517578
motor,2025-03-31 13:00:18.231435,116.4000015258789,92.0999984741211
motor,2025-03-31 13:00:18.239658,116.4000015258789,92.0999984741211
motor,2025-03-31 13:00:18.259740,116.30000305175781,92.0999984741211
motor,2025-03-31 13:00:18.300848,116.4000015258789,92.45999908447266
motor,2025-03-31 13:00:18.301209,116.30000305175781,94.19999694824219
motor,2025-03-31 13:00:18.321787,116.30000305175781,94.91000366210938
motor,2025-03-31 13:00:18.340002,116.30000305175781,95.26000213623047
motor,2025-03-31 13:00:18.360617,116.69999694824219,95.44999694824219
motor,2025-03-31 13:00:18.380603,118.0,96.1500015258789
odom,2025-03-31 13:00:18.411381,4.2367982430994084,-0.7625792080402877,-57.98111811909268,-0.53361176029803,0.02831108687383582,-8.218429788048654
motor,2025-03-31 13:00:18.434225,118.5,96.1500015258789
motor,2025-03-31 13:00:18.434551,118.5,96.58000183105469
motor,2025-03-31 13:00:18.439746,118.69999694824219,97.22000122070312
motor,2025-03-31 13:00:18.459924,118.69999694824219,97.37999725341797
motor,2025-03-31 13:00:18.479818,118.69999694824219,97.91999816894531
motor,2025-03-31 13:00:18.500784,119.0,98.44000244140625
motor,2025-03-31 13:00:18.519782,119.30000305175781,98.61000061035156
motor,2025-03-31 13:00:18.540320,119.30000305175781,98.61000061035156
motor,2025-03-31 13:00:18.560703,119.30000305175781,98.61000061035156
motor,2025-03-31 13:00:18.636184,119.30000305175781,98.69999694824219
motor,2025-03-31 13:00:18.637637,120.5,98.61000061035156
motor,2025-03-31 13:00:18.637976,121.0999984741211,99.06999969482422
motor,2025-03-31 13:00:18.639536,121.69999694824219,99.86000061035156
odom,2025-03-31 13:00:18.642110,4.257649273475713,-0.8169969534391899,-63.071006865085856,-0.42903470729473303,0.044819739124478494,-8.14833742359377
motor,2025-03-31 13:00:18.659322,122.30000305175781,100.37000274658203
motor,2025-03-31 13:00:18.679378,122.19999694824219,100.7300033569336
motor,2025-03-31 13:00:18.703484,122.30000305175781,100.91000366210938
motor,2025-03-31 13:00:18.720649,122.5999984741211,101.43000030517578
motor,2025-03-31 13:00:18.739684,122.80000305175781,101.5999984741211
motor,2025-03-31 13:00:18.761490,122.9000015258789,101.95999908447266
motor,2025-03-31 13:00:18.780379,122.9000015258789,102.66999816894531
motor,2025-03-31 13:00:18.801509,122.9000015258789,103.63999938964844
motor,2025-03-31 13:00:18.847824,122.9000015258789,103.72000122070312
motor,2025-03-31 13:00:18.848221,122.9000015258789,105.12000274658203
odom,2025-03-31 13:00:18.853234,4.281997818173546,-0.8784566559937366,-68.31795882447675,-0.5383419692262887,0.000657787510011164,-9.710078991229523
motor,2025-03-31 13:00:18.869175,122.9000015258789,106.37000274658203
motor,2025-03-31 13:00:18.879714,122.80000305175781,107.31999969482422
motor,2025-03-31 13:00:18.899946,122.80000305175781,109.26000213623047
motor,2025-03-31 13:00:18.922655,122.80000305175781,111.54000091552734
motor,2025-03-31 13:00:18.940395,122.9000015258789,113.66000366210938
motor,2025-03-31 13:00:18.963141,122.9000015258789,114.80999755859375
motor,2025-03-31 13:00:18.979830,122.80000305175781,115.7699966430664
motor,2025-03-31 13:00:19.000335,122.80000305175781,116.81999969482422
motor,2025-03-31 13:00:19.020994,122.80000305175781,119.11000061035156
motor,2025-03-31 13:00:19.040591,122.9000015258789,120.44000244140625
motor,2025-03-31 13:00:19.060162,122.9000015258789,123.16000366210938
motor,2025-03-31 13:00:19.080274,122.9000015258789,124.04000091552734
odom,2025-03-31 13:00:19.103002,4.315034580496052,-0.9539154078874802,-74.01826803024133,-0.6650735572608933,-0.08948019122896976,-10.524272867741733
motor,2025-03-31 13:00:19.103672,122.9000015258789,125.0199966430664
motor,2025-03-31 13:00:19.120388,122.9000015258789,125.3499984741211
motor,2025-03-31 13:00:19.141558,123.0999984741211,125.94999694824219
motor,2025-03-31 13:00:19.159717,123.0,126.5
motor,2025-03-31 13:00:19.180993,123.0999984741211,127.02999877929688
motor,2025-03-31 13:00:19.234237,123.19999694824219,127.4800033569336
motor,2025-03-31 13:00:19.234583,123.0999984741211,128.0800018310547
motor,2025-03-31 13:00:19.249215,123.4000015258789,128.42999267578125
motor,2025-03-31 13:00:19.260489,123.30000305175781,129.14999389648438
motor,2025-03-31 13:00:19.279996,123.0999984741211,129.66000366210938
motor,2025-03-31 13:00:19.300167,123.0999984741211,129.66000366210938
odom,2025-03-31 13:00:19.303597,4.328666142948632,-1.0244268812860395,-79.11606171680666,-0.5314466643260285,-0.0005355442263100259,-10.218199788946704
motor,2025-03-31 13:00:19.320222,123.30000305175781,130.02000427246094
motor,2025-03-31 13:00:19.339711,123.19999694824219,130.02999877929688
motor,2025-03-31 13:00:19.360072,123.19999694824219,130.02999877929688
motor,2025-03-31 13:00:19.379586,123.4000015258789,130.38999938964844
motor,2025-03-31 13:00:19.400372,123.0,130.3699951171875
motor,2025-03-31 13:00:19.458914,123.0999984741211,130.5399932861328
motor,2025-03-31 13:00:19.459283,123.0999984741211,131.07000732421875
motor,2025-03-31 13:00:19.459711,123.30000305175781,131.25
motor,2025-03-31 13:00:19.481440,123.30000305175781,130.5399932861328
odom,2025-03-31 13:00:19.485402,4.336202084966112,-1.1026429408308325,-83.24633869710169,-0.6392176896977174,0.013951388398850193,-11.822036041065001
motor,2025-03-31 13:00:19.500467,123.30000305175781,131.50999450683594
motor,2025-03-31 13:00:19.520441,123.0,132.1300048828125
motor,2025-03-31 13:00:19.556693,123.19999694824219,131.4199981689453
motor,2025-03-31 13:00:19.563017,123.30000305175781,131.07000732421875
motor,2025-03-31 13:00:19.580639,123.30000305175781,131.25
motor,2025-03-31 13:00:19.600381,123.19999694824219,132.3000030517578
motor,2025-03-31 13:00:19.620780,123.30000305175781,131.7899932861328
motor,2025-03-31 13:00:19.643183,123.30000305175781,131.25
motor,2025-03-31 13:00:19.660706,123.30000305175781,131.9499969482422
odom,2025-03-31 13:00:19.668802,4.335044870416395,-1.1566238415664774,-85.00328472292591,-0.43766320940961023,0.04773712340636172,-12.097101026134524
motor,2025-03-31 13:00:19.680538,123.30000305175781,132.57000732421875
motor,2025-03-31 13:00:19.699975,123.30000305175781,131.77999877929688
odom,2025-03-31 13:00:19.744780,4.331932255959716,-1.1639394963844916,-85.11995850827772,-0.051980243532958006,0.027555217906499153,-10.993630410696612
motor,2025-03-31 13:00:19.754699,123.19999694824219,131.60000610351562
motor,2025-03-31 13:00:19.756624,123.30000305175781,131.75999450683594
motor,2025-03-31 13:00:19.760991,123.30000305175781,131.75999450683594
motor,2025-03-31 13:00:19.784337,123.30000305175781,132.02000427246094
motor,2025-03-31 13:00:19.800448,123.30000305175781,131.9499969482422
motor,2025-03-31 13:00:19.820428,123.30000305175781,131.9499969482422
odom,2025-03-31 13:00:19.820859,4.336210683747912,-1.1569764257482107,-85.11464450602686,0.05349615214884716,-0.03951837102672586,-12.089634129833062
motor,2025-03-31 13:00:19.867053,123.19999694824219,131.4199981689453
motor,2025-03-31 13:00:19.867423,123.19999694824219,131.77999877929688
motor,2025-03-31 13:00:19.880082,123.30000305175781,132.3699951171875
odom,2025-03-31 13:00:19.895838,4.340258054242153,-1.1491349451906205,-85.04656047004313,0.06078249431758601,-0.038356681254199304,-12.08969849556609
motor,2025-03-31 13:00:19.900548,123.4000015258789,132.0399932861328
odom,2025-03-31 13:00:19.949642,4.341095630665483,-1.1472552470039477,-85.13027299441441,0.013353824515212543,-0.007367766496158543,-11.011787305893206
motor,2025-03-31 13:00:19.983576,123.30000305175781,131.07000732421875
motor,2025-03-31 13:00:19.993358,123.30000305175781,132.47999572753906
motor,2025-03-31 13:00:19.993740,123.30000305175781,131.77999877929688
motor,2025-03-31 13:00:19.999613,123.19999694824219,131.07000732421875
odom,2025-03-31 13:00:20.026892,4.344886721298572,-1.140245611326419,-85.19017679805197,0.05420389713514661,-0.03549180653577541,-12.08821305079254
motor,2025-03-31 13:00:20.039989,123.30000305175781,131.60000610351562
motor,2025-03-31 13:00:20.040359,123.30000305175781,132.5500030517578
motor,2025-03-31 13:00:20.060136,123.5,131.75999450683594
motor,2025-03-31 13:00:20.079637,123.5,131.50999450683594
odom,2025-03-31 13:00:20.100954,4.346857636498934,-1.124679992800928,-85.14827741240398,0.11354209672467819,-0.02427519476941392,-10.997540164667884
motor,2025-03-31 13:00:20.102643,124.0,131.60000610351562
motor,2025-03-31 13:00:20.146687,124.4000015258789,131.7899932861328
motor,2025-03-31 13:00:20.148701,124.5999984741211,131.6199951171875
motor,2025-03-31 13:00:20.162044,124.5999984741211,131.77999877929688
motor,2025-03-31 13:00:20.182335,124.5999984741211,131.6199951171875
odom,2025-03-31 13:00:20.195494,4.356882494367286,-1.1044502810457124,-85.3721426787551,0.1576401365945399,-0.0946771572247477,-12.13581630584564
motor,2025-03-31 13:00:20.200298,124.5999984741211,131.32000732421875
motor,2025-03-31 13:00:20.229102,124.5999984741211,130.97999572753906
motor,2025-03-31 13:00:20.246527,124.5999984741211,132.3000030517578
motor,2025-03-31 13:00:20.260202,124.5999984741211,131.25
motor,2025-03-31 13:00:20.280109,124.5999984741211,130.72000122070312
motor,2025-03-31 13:00:20.302256,124.5999984741211,131.07000732421875
odom,2025-03-31 13:00:20.313395,4.344463501384404,-1.091175794140542,-86.36297680587109,0.11403050152781544,0.0938523663585209,-12.246060439973604
motor,2025-03-31 13:00:20.322648,124.5999984741211,132.1300048828125
motor,2025-03-31 13:00:20.339580,124.5999984741211,131.44000244140625
motor,2025-03-31 13:00:20.360381,124.5999984741211,130.72000122070312
motor,2025-03-31 13:00:20.382844,124.5999984741211,131.08999633789062
motor,2025-03-31 13:00:20.401739,124.5999984741211,132.22000122070312
motor,2025-03-31 13:00:20.419913,124.5999984741211,131.60000610351562
motor,2025-03-31 13:00:20.440937,124.80000305175781,130.89999389648438
odom,2025-03-31 13:00:20.454846,4.329977241523827,-1.0650902881234003,-87.4121082445112,0.1977688512078753,0.09841939781203886,-11.29495282804131
motor,2025-03-31 13:00:20.463535,125.19999694824219,131.25
motor,2025-03-31 13:00:20.482924,126.0999984741211,131.4199981689453
motor,2025-03-31 13:00:20.513289,126.69999694824219,131.13999938964844
motor,2025-03-31 13:00:20.519914,126.9000015258789,131.22999572753906
motor,2025-03-31 13:00:20.539897,126.9000015258789,131.4199981689453
motor,2025-03-31 13:00:20.560290,127.0,130.72000122070312
motor,2025-03-31 13:00:20.580271,127.4000015258789,131.9499969482422
odom,2025-03-31 13:00:20.597373,4.316484917387774,-1.0394624184299832,-88.64444760466823,0.21142134544345145,0.10499621467720278,-12.609844906271281
motor,2025-03-31 13:00:20.657206,127.80000305175781,131.77999877929688
motor,2025-03-31 13:00:20.657582,128.3000030517578,131.07000732421875
motor,2025-03-31 13:00:20.659445,129.1999969482422,130.5399932861328
motor,2025-03-31 13:00:20.659923,129.1999969482422,131.0
motor,2025-03-31 13:00:20.683204,130.5,131.60000610351562
motor,2025-03-31 13:00:20.699417,131.39999389648438,130.55999755859375
motor,2025-03-31 13:00:20.727455,132.10000610351562,130.19000244140625
motor,2025-03-31 13:00:20.743964,133.10000610351562,131.08999633789062
motor,2025-03-31 13:00:20.760709,133.5,130.72000122070312
motor,2025-03-31 13:00:20.784650,133.5,130.8300018310547
motor,2025-03-31 13:00:20.803199,134.3000030517578,130.17999267578125
odom,2025-03-31 13:00:20.810436,4.29399323772877,-1.0138788929232672,-91.25647680298549,0.1855164962010005,0.17045200071236752,-11.779414634072902
motor,2025-03-31 13:00:20.820231,135.1999969482422,130.3699951171875
motor,2025-03-31 13:00:20.840500,136.39999389648438,129.83999633789062
motor,2025-03-31 13:00:20.862027,136.39999389648438,129.83999633789062
motor,2025-03-31 13:00:20.880823,136.39999389648438,129.83999633789062
motor,2025-03-31 13:00:20.900852,136.5,129.13999938964844
motor,2025-03-31 13:00:20.920153,136.39999389648438,128.9600067138672
motor,2025-03-31 13:00:20.940153,136.39999389648438,128.77000427246094
motor,2025-03-31 13:00:20.960565,136.39999389648438,129.02999877929688
motor,2025-03-31 13:00:20.981012,136.39999389648438,129.13999938964844
motor,2025-03-31 13:00:21.000515,136.5,128.61000061035156
motor,2025-03-31 13:00:21.021758,136.39999389648438,128.7899932861328
odom,2025-03-31 13:00:21.027485,4.298629950629668,-0.9695717855837936,-94.25062079560541,0.36268616845678375,-0.010913787651505368,-13.39832553750256
motor,2025-03-31 13:00:21.039863,136.39999389648438,128.9600067138672
motor,2025-03-31 13:00:21.060244,136.39999389648438,128.25999450683594
motor,2025-03-31 13:00:21.080379,136.5,128.42999267578125
motor,2025-03-31 13:00:21.100396,136.39999389648438,129.30999755859375
motor,2025-03-31 13:00:21.120415,136.39999389648438,128.25999450683594
motor,2025-03-31 13:00:21.172510,136.39999389648438,128.4199981689453
motor,2025-03-31 13:00:21.172893,136.39999389648438,128.25999450683594
motor,2025-03-31 13:00:21.179904,136.39999389648438,128.25999450683594
motor,2025-03-31 13:00:21.200855,136.39999389648438,128.0800018310547
motor,2025-03-31 13:00:21.222826,136.5,127.7300033569336
odom,2025-03-31 13:00:21.225080,4.263135144631245,-0.9320198501198146,-97.0797187400397,0.2679974344840314,0.3247209864791359,-13.805781301514749
motor,2025-03-31 13:00:21.258673,136.39999389648438,128.6999969482422
motor,2025-03-31 13:00:21.260190,136.39999389648438,128.0800018310547
motor,2025-03-31 13:00:21.279818,136.39999389648438,127.55000305175781
motor,2025-03-31 13:00:21.301567,136.39999389648438,127.7300033569336
motor,2025-03-31 13:00:21.322846,136.39999389648438,128.42999267578125
motor,2025-03-31 13:00:21.340529,136.5,127.55000305175781
motor,2025-03-31 13:00:21.414882,136.39999389648438,127.7300033569336
motor,2025-03-31 13:00:21.421153,136.5,127.19999694824219
motor,2025-03-31 13:00:21.422785,136.39999389648438,127.7300033569336
motor,2025-03-31 13:00:21.423124,136.39999389648438,127.91000366210938
motor,2025-03-31 13:00:21.439731,136.39999389648438,127.7300033569336
odom,2025-03-31 13:00:21.448541,4.245968952031872,-0.8817156215661128,-99.67185823857943,0.345867967951355,0.18789998459539292,-12.882347710489636
motor,2025-03-31 13:00:21.460751,136.39999389648438,127.44999694824219
motor,2025-03-31 13:00:21.480305,136.39999389648438,127.54000091552734
motor,2025-03-31 13:00:21.500735,136.5,128.0800018310547
motor,2025-03-31 13:00:21.528403,136.39999389648438,127.98999786376953
motor,2025-03-31 13:00:21.541857,136.39999389648438,127.55000305175781
motor,2025-03-31 13:00:21.560237,136.39999389648438,127.19999694824219
motor,2025-03-31 13:00:21.580870,136.39999389648438,127.37999725341797
motor,2025-03-31 13:00:21.603197,136.39999389648438,128.0800018310547
motor,2025-03-31 13:00:21.626887,136.39999389648438,127.7300033569336
motor,2025-03-31 13:00:21.640076,136.39999389648438,127.37999725341797
motor,2025-03-31 13:00:21.664777,136.39999389648438,127.37999725341797
motor,2025-03-31 13:00:21.682706,136.39999389648438,127.88999938964844
odom,2025-03-31 13:00:21.702713,4.273425994572953,-0.8437270263008558,-103.004486358816,0.351697649350725,-0.14822888375948579,-14.6383087363675
motor,2025-03-31 13:00:21.705179,136.5,126.8499984741211
motor,2025-03-31 13:00:21.719951,136.39999389648438,127.02999877929688
motor,2025-03-31 13:00:21.740404,136.39999389648438,127.7300033569336
motor,2025-03-31 13:00:21.760257,136.39999389648438,127.55000305175781
motor,2025-03-31 13:00:21.780302,136.39999389648438,127.19999694824219
motor,2025-03-31 13:00:21.807172,136.39999389648438,127.37999725341797
motor,2025-03-31 13:00:21.821451,136.39999389648438,127.56999969482422
motor,2025-03-31 13:00:21.843565,136.39999389648438,127.56999969482422
motor,2025-03-31 13:00:21.860352,136.39999389648438,127.56999969482422
motor,2025-03-31 13:00:21.880041,136.39999389648438,127.37999725341797
motor,2025-03-31 13:00:21.910017,136.39999389648438,127.12999725341797
motor,2025-03-31 13:00:21.920297,136.5,127.91999816894531
motor,2025-03-31 13:00:21.939603,136.39999389648438,127.91999816894531
odom,2025-03-31 13:00:21.945301,4.277801892652238,-0.7965467242609607,-105.9060285234587,0.34473242206802107,0.06455912803230578,-13.681842737999872
motor,2025-03-31 13:00:21.960150,136.39999389648438,127.7300033569336
motor,2025-03-31 13:00:21.980231,136.39999389648438,127.91000366210938
motor,2025-03-31 13:00:22.000342,136.39999389648438,127.55000305175781
motor,2025-03-31 13:00:22.019997,136.39999389648438,127.80000305175781
motor,2025-03-31 13:00:22.039647,136.39999389648438,128.0800018310547
motor,2025-03-31 13:00:22.060087,136.39999389648438,127.91000366210938
motor,2025-03-31 13:00:22.080286,136.39999389648438,127.7300033569336
motor,2025-03-31 13:00:22.113756,136.39999389648438,128.07000732421875
motor,2025-03-31 13:00:22.119299,136.5,127.7300033569336
motor,2025-03-31 13:00:22.142846,136.39999389648438,127.7300033569336
motor,2025-03-31 13:00:22.161382,136.39999389648438,127.55000305175781
odom,2025-03-31 13:00:22.166363,4.297053225500325,-0.7526579978204102,-108.80196824207577,0.38864052843240937,-0.03319654945958533,-15.455247253211017
motor,2025-03-31 13:00:22.179761,136.39999389648438,127.88999938964844
motor,2025-03-31 13:00:22.200422,136.39999389648438,127.47000122070312
motor,2025-03-31 13:00:22.219964,136.39999389648438,127.55000305175781
motor,2025-03-31 13:00:22.241172,136.39999389648438,128.0800018310547
motor,2025-03-31 13:00:22.260469,136.5,128.0800018310547
motor,2025-03-31 13:00:22.280160,136.5,128.07000732421875
motor,2025-03-31 13:00:22.300684,136.39999389648438,127.7300033569336
motor,2025-03-31 13:00:22.322488,136.39999389648438,127.88999938964844
motor,2025-03-31 13:00:22.349421,136.39999389648438,127.55000305175781
motor,2025-03-31 13:00:22.360280,136.39999389648438,128.4199981689453
motor,2025-03-31 13:00:22.382840,136.39999389648438,128.25999450683594
odom,2025-03-31 13:00:22.392532,4.29508981440351,-0.7211498214668159,-112.19525518463013,0.23186245916938872,0.1118920142737012,-15.969023137357834
motor,2025-03-31 13:00:22.400321,136.39999389648438,127.19999694824219
motor,2025-03-31 13:00:22.421648,136.5,127.91000366210938
motor,2025-03-31 13:00:22.439803,136.39999389648438,127.54000091552734
motor,2025-03-31 13:00:22.460595,136.39999389648438,127.55000305175781
motor,2025-03-31 13:00:22.480386,136.39999389648438,127.7300033569336
motor,2025-03-31 13:00:22.500703,136.39999389648438,127.55000305175781
motor,2025-03-31 13:00:22.523990,136.39999389648438,128.25999450683594
motor,2025-03-31 13:00:22.540318,136.39999389648438,128.25999450683594
motor,2025-03-31 13:00:22.565690,136.39999389648438,127.88999938964844
motor,2025-03-31 13:00:22.582253,136.5,127.70999908447266
motor,2025-03-31 13:00:22.602751,136.39999389648438,128.42999267578125
odom,2025-03-31 13:00:22.623283,4.306727581843744,-0.6683724572830884,-115.16141664189216,0.389716366744805,0.08801440060057811,-14.858600372211315
motor,2025-03-31 13:00:22.625949,121.19999694824219,128.61000061035156
motor,2025-03-31 13:00:22.639889,115.19999694824219,128.25999450683594
motor,2025-03-31 13:00:22.661933,110.0,128.25999450683594
motor,2025-03-31 13:00:22.679832,108.30000305175781,128.61000061035156
motor,2025-03-31 13:00:22.699615,106.5999984741211,128.0800018310547
motor,2025-03-31 13:00:22.727916,104.9000015258789,128.25999450683594
motor,2025-03-31 13:00:22.739371,104.5999984741211,128.0800018310547
motor,2025-03-31 13:00:22.759491,104.5999984741211,128.25999450683594
motor,2025-03-31 13:00:22.785086,104.5999984741211,129.49000549316406
motor,2025-03-31 13:00:22.800831,105.0,128.9600067138672
motor,2025-03-31 13:00:22.830924,105.5999984741211,128.9600067138672
motor,2025-03-31 13:00:22.840020,106.9000015258789,128.97999572753906
motor,2025-03-31 13:00:22.860215,107.30000305175781,129.83999633789062
odom,2025-03-31 13:00:22.875754,4.3179782951700485,-0.6220487554275853,-118.07372150408997,0.3756306206039021,0.09660291718556625,-16.766795209910054
motor,2025-03-31 13:00:22.880764,108.30000305175781,130.02000427246094
motor,2025-03-31 13:00:22.900990,108.69999694824219,130.19000244140625
motor,2025-03-31 13:00:22.919973,109.0999984741211,129.9499969482422
motor,2025-03-31 13:00:22.940389,109.5999984741211,130.6300048828125
motor,2025-03-31 13:00:22.960286,109.5999984741211,131.60000610351562
motor,2025-03-31 13:00:22.981821,110.9000015258789,131.60000610351562
motor,2025-03-31 13:00:23.013714,111.5999984741211,130.52999877929688
motor,2025-03-31 13:00:23.020350,111.69999694824219,131.6699981689453
motor,2025-03-31 13:00:23.043661,111.9000015258789,132.1999969482422
motor,2025-03-31 13:00:23.061632,111.9000015258789,132.1300048828125
odom,2025-03-31 13:00:23.078405,4.331614347566933,-0.5806777838154022,-120.64255420092276,0.3459845924607468,0.07607034737006402,-17.12360458609048
motor,2025-03-31 13:00:23.085051,112.0999984741211,131.5800018310547
motor,2025-03-31 13:00:23.102115,112.4000015258789,131.60000610351562
motor,2025-03-31 13:00:23.124969,112.4000015258789,132.1300048828125
motor,2025-03-31 13:00:23.148441,112.5,133.17999267578125
motor,2025-03-31 13:00:23.179275,112.4000015258789,133.36000061035156
motor,2025-03-31 13:00:23.215182,112.5999984741211,132.47999572753906
motor,2025-03-31 13:00:23.215527,112.80000305175781,132.63999938964844
motor,2025-03-31 13:00:23.220784,113.4000015258789,133.00999450683594
motor,2025-03-31 13:00:23.242909,113.5,133.7100067138672
motor,2025-03-31 13:00:23.289285,113.69999694824219,133.42999267578125
motor,2025-03-31 13:00:23.289671,114.5,133.36000061035156
motor,2025-03-31 13:00:23.300065,115.80000305175781,133.7100067138672
odom,2025-03-31 13:00:23.307626,4.345921115130498,-0.5398856447446053,-122.83397382676753,0.3114127233175888,0.07480382292818509,-15.883482978248903
motor,2025-03-31 13:00:23.326920,117.19999694824219,134.22000122070312
motor,2025-03-31 13:00:23.354434,118.30000305175781,133.9600067138672
motor,2025-03-31 13:00:23.433285,120.9000015258789,134.24000549316406
motor,2025-03-31 13:00:23.433634,121.30000305175781,134.41000366210938
motor,2025-03-31 13:00:23.455979,121.5,134.67999267578125
motor,2025-03-31 13:00:23.476016,121.5,133.5399932861328
motor,2025-03-31 13:00:23.480989,122.30000305175781,133.7100067138672
motor,2025-03-31 13:00:23.503415,122.30000305175781,133.33999633789062
motor,2025-03-31 13:00:23.519986,122.30000305175781,133.77999877929688
odom,2025-03-31 13:00:23.522332,4.370613354340271,-0.5054169357623945,-125.28266564303867,0.3448492425770221,-0.0020096186414513104,-17.784206589988223
motor,2025-03-31 13:00:23.547318,122.30000305175781,134.22000122070312
motor,2025-03-31 13:00:23.561247,122.30000305175781,133.25
motor,2025-03-31 13:00:23.579970,122.19999694824219,132.66000366210938
motor,2025-03-31 13:00:23.599727,122.30000305175781,133.17999267578125
motor,2025-03-31 13:00:23.620819,122.30000305175781,133.7100067138672
motor,2025-03-31 13:00:23.649784,122.30000305175781,133.5399932861328
motor,2025-03-31 13:00:23.660178,122.30000305175781,132.3000030517578
motor,2025-03-31 13:00:23.680198,122.19999694824219,131.9499969482422
odom,2025-03-31 13:00:23.690715,4.390908449730548,-0.47749339090058374,-126.84444169979666,0.2555535635481024,0.0037220554873676082,-16.3911263965543
motor,2025-03-31 13:00:23.700089,122.30000305175781,132.57000732421875
motor,2025-03-31 13:00:23.720430,122.30000305175781,132.3699951171875
motor,2025-03-31 13:00:23.739998,122.19999694824219,131.94000244140625
motor,2025-03-31 13:00:23.761131,122.30000305175781,132.02000427246094
motor,2025-03-31 13:00:23.781543,122.19999694824219,132.4600067138672
motor,2025-03-31 13:00:23.803594,122.30000305175781,131.9499969482422
odom,2025-03-31 13:00:23.819595,4.398590587453088,-0.4626946900371287,-127.4108536406203,0.13367985469962718,0.023515137062754855,-18.10220994407533
motor,2025-03-31 13:00:23.824098,122.30000305175781,131.5
motor,2025-03-31 13:00:23.840035,122.30000305175781,131.33999633789062
motor,2025-03-31 13:00:23.859806,122.30000305175781,131.60000610351562
odom,2025-03-31 13:00:23.875364,4.397670022294273,-0.4590682607597182,-127.46970396930283,0.018905082718479495,0.02394942650469264,-18.14321363145842
motor,2025-03-31 13:00:23.884989,122.30000305175781,130.97000122070312
motor,2025-03-31 13:00:23.901409,122.30000305175781,130.19000244140625
motor,2025-03-31 13:00:23.921007,122.30000305175781,130.6999969482422
odom,2025-03-31 13:00:23.930952,4.399964107562407,-0.4596563749527116,-127.4515622803445,0.006862807524960863,-0.016110807296716722,-16.448152292964473
motor,2025-03-31 13:00:23.940256,122.19999694824219,131.60000610351562
motor,2025-03-31 13:00:23.960358,122.19999694824219,130.3699951171875
motor,2025-03-31 13:00:23.982963,122.30000305175781,129.91000366210938
odom,2025-03-31 13:00:23.986577,4.3971329595202775,-0.4606567283774348,-127.49088235520128,-0.02052991900601613,0.013357182049796674,-18.150286392713475
motor,2025-03-31 13:00:24.001998,122.30000305175781,130.02000427246094
motor,2025-03-31 13:00:24.020305,122.30000305175781,130.89999389648438
motor,2025-03-31 13:00:24.040684,122.30000305175781,130.5399932861328
odom,2025-03-31 13:00:24.041628,4.395807185968955,-0.46318102213627155,-127.49034095415055,-0.022897996483036195,-0.003947610045223137,-18.133176435390773
motor,2025-03-31 13:00:24.060373,122.19999694824219,130.02000427246094
motor,2025-03-31 13:00:24.113354,122.30000305175781,130.02000427246094
motor,2025-03-31 13:00:24.113721,122.30000305175781,130.64999389648438
motor,2025-03-31 13:00:24.119289,122.30000305175781,130.3699951171875
odom,2025-03-31 13:00:24.120445,4.384820494833617,-0.47062962111546747,-127.63509458692657,-0.09309683788551529,0.030660877701996107,-16.449566352160957
motor,2025-03-31 13:00:24.141275,122.30000305175781,130.38999938964844
motor,2025-03-31 13:00:24.160175,122.30000305175781,130.52999877929688
motor,2025-03-31 13:00:24.179422,122.19999694824219,130.35000610351562
motor,2025-03-31 13:00:24.199807,122.30000305175781,130.25999450683594
motor,2025-03-31 13:00:24.219853,122.30000305175781,130.19000244140625
motor,2025-03-31 13:00:24.240373,122.30000305175781,130.19000244140625
odom,2025-03-31 13:00:24.245404,4.3639414106845065,-0.49191278753427026,-128.2143104701524,-0.24147549577602131,0.026388651808764197,-18.23207415923735
motor,2025-03-31 13:00:24.263591,122.30000305175781,129.64999389648438
motor,2025-03-31 13:00:24.280483,122.30000305175781,129.13999938964844
motor,2025-03-31 13:00:24.303720,122.19999694824219,130.19000244140625
motor,2025-03-31 13:00:24.320269,122.30000305175781,130.91000366210938
motor,2025-03-31 13:00:24.340129,122.30000305175781,129.49000549316406
motor,2025-03-31 13:00:24.367544,122.30000305175781,129.5800018310547
motor,2025-03-31 13:00:24.380216,122.30000305175781,129.83999633789062
motor,2025-03-31 13:00:24.400931,122.30000305175781,130.89999389648438
odom,2025-03-31 13:00:24.418227,4.3299487233422385,-0.5242091701597335,-129.68519045854325,-0.3786353434353031,0.04501991485127207,-18.40637266252608
motor,2025-03-31 13:00:24.421307,122.30000305175781,130.02000427246094
motor,2025-03-31 13:00:24.441472,122.19999694824219,129.66000366210938
motor,2025-03-31 13:00:24.468151,122.30000305175781,130.3699951171875
motor,2025-03-31 13:00:24.480238,122.30000305175781,131.4199981689453
motor,2025-03-31 13:00:24.503398,122.30000305175781,130.97999572753906
motor,2025-03-31 13:00:24.520215,122.19999694824219,130.52999877929688
motor,2025-03-31 13:00:24.540732,122.30000305175781,130.89999389648438
odom,2025-03-31 13:00:24.567727,4.292060308334923,-0.54754989309379,-130.99672531101243,-0.3146260932648527,0.09840854570164996,-16.936842486467555
motor,2025-03-31 13:00:24.570564,122.30000305175781,131.4199981689453
motor,2025-03-31 13:00:24.580257,122.30000305175781,131.22999572753906
motor,2025-03-31 13:00:24.604509,122.30000305175781,131.13999938964844
motor,2025-03-31 13:00:24.620460,122.30000305175781,131.22999572753906
motor,2025-03-31 13:00:24.639940,122.30000305175781,131.05999755859375
motor,2025-03-31 13:00:24.673058,122.19999694824219,130.35000610351562
motor,2025-03-31 13:00:24.680219,122.30000305175781,131.5800018310547
motor,2025-03-31 13:00:24.700279,122.30000305175781,131.05999755859375
motor,2025-03-31 13:00:24.723230,122.30000305175781,130.10000610351562
motor,2025-03-31 13:00:24.742202,122.30000305175781,130.02000427246094
motor,2025-03-31 13:00:24.759524,122.30000305175781,130.89999389648438
motor,2025-03-31 13:00:24.788630,122.30000305175781,129.83999633789062
odom,2025-03-31 13:00:24.789398,4.245538626260213,-0.5899442733042481,-133.7086330026724,-0.5110781754848975,0.03528105230538603,-18.994328148570105
motor,2025-03-31 13:00:24.806204,122.30000305175781,128.7899932861328
motor,2025-03-31 13:00:24.823699,122.30000305175781,128.4499969482422
motor,2025-03-31 13:00:24.840131,122.30000305175781,128.4199981689453
motor,2025-03-31 13:00:24.862257,122.30000305175781,127.37999725341797
motor,2025-03-31 13:00:24.879607,122.30000305175781,126.4800033569336
motor,2025-03-31 13:00:24.908327,122.30000305175781,126.75
motor,2025-03-31 13:00:24.920191,122.19999694824219,126.5
motor,2025-03-31 13:00:24.940148,122.30000305175781,125.97000122070312
motor,2025-03-31 13:00:24.960347,122.30000305175781,126.1500015258789
motor,2025-03-31 13:00:24.980815,122.30000305175781,125.62000274658203
odom,2025-03-31 13:00:25.006712,4.1974532815996595,-0.6288564304653106,-136.43657906083615,-0.5020420881573021,0.040239529130414106,-19.3885884585999
motor,2025-03-31 13:00:25.008946,122.30000305175781,124.72000122070312
motor,2025-03-31 13:00:25.021283,122.30000305175781,124.37000274658203
motor,2025-03-31 13:00:25.040858,122.30000305175781,124.91000366210938
motor,2025-03-31 13:00:25.087838,122.19999694824219,124.91000366210938
motor,2025-03-31 13:00:25.088193,122.30000305175781,124.38999938964844
motor,2025-03-31 13:00:25.100049,122.19999694824219,123.68000030517578
motor,2025-03-31 13:00:25.120517,122.30000305175781,124.38999938964844
motor,2025-03-31 13:00:25.140029,122.19999694824219,124.55999755859375
motor,2025-03-31 13:00:25.160394,122.19999694824219,124.04000091552734
motor,2025-03-31 13:00:25.184637,122.30000305175781,123.44000244140625
motor,2025-03-31 13:00:25.200307,122.30000305175781,124.13999938964844
motor,2025-03-31 13:00:25.220458,122.30000305175781,124.20999908447266
odom,2025-03-31 13:00:25.221480,4.154237546438165,-0.6752690317392436,-139.01443150243992,-0.4669729033448323,-0.049552175615173034,-17.966106928704413
motor,2025-03-31 13:00:25.240078,122.30000305175781,123.86000061035156
motor,2025-03-31 13:00:25.259953,122.30000305175781,123.48999786376953
motor,2025-03-31 13:00:25.288291,122.30000305175781,123.68000030517578
motor,2025-03-31 13:00:25.300243,122.30000305175781,124.04000091552734
motor,2025-03-31 13:00:25.322819,122.30000305175781,123.68000030517578
motor,2025-03-31 13:00:25.340402,122.30000305175781,123.26000213623047
motor,2025-03-31 13:00:25.359916,122.19999694824219,123.16000366210938
motor,2025-03-31 13:00:25.391413,122.30000305175781,122.27999877929688
odom,2025-03-31 13:00:25.393371,4.106397693504685,-0.7108031037350141,-140.81215934688606,-0.48459988471928955,0.02186937939823081,-20.005417994880837
motor,2025-03-31 13:00:25.400111,122.30000305175781,121.04000091552734
motor,2025-03-31 13:00:25.422389,122.30000305175781,120.68000030517578
motor,2025-03-31 13:00:25.440791,122.30000305175781,119.98999786376953
motor,2025-03-31 13:00:25.460191,122.30000305175781,118.69000244140625
motor,2025-03-31 13:00:25.493859,122.30000305175781,118.31999969482422
motor,2025-03-31 13:00:25.500077,122.30000305175781,117.61000061035156
motor,2025-03-31 13:00:25.525404,122.30000305175781,115.8499984741211
motor,2025-03-31 13:00:25.540049,122.30000305175781,114.11000061035156
motor,2025-03-31 13:00:25.560472,122.19999694824219,113.66000366210938
odom,2025-03-31 13:00:25.564696,4.056964407297395,-0.7492068215659804,-142.5706936495679,-0.4628789518270258,-0.0033414619048651416,-18.400376885907626
motor,2025-03-31 13:00:25.580219,122.30000305175781,112.18000030517578
motor,2025-03-31 13:00:25.599931,122.30000305175781,110.1500015258789
motor,2025-03-31 13:00:25.625063,122.19999694824219,107.05999755859375
motor,2025-03-31 13:00:25.639695,122.30000305175781,105.48999786376953
motor,2025-03-31 13:00:25.660213,122.4000015258789,102.91999816894531
motor,2025-03-31 13:00:25.680295,122.4000015258789,101.5199966430664
motor,2025-03-31 13:00:25.700524,122.4000015258789,100.37000274658203
motor,2025-03-31 13:00:25.724064,122.4000015258789,99.48999786376953
odom,2025-03-31 13:00:25.738231,3.999636093426368,-0.7839460485756315,-144.18340925308905,-0.5448449101121192,0.04385625931370452,-20.520259182071534
motor,2025-03-31 13:00:25.740031,122.5,98.44999694824219
motor,2025-03-31 13:00:25.763506,122.30000305175781,96.87000274658203
motor,2025-03-31 13:00:25.781001,122.5,95.80999755859375
motor,2025-03-31 13:00:25.800272,122.5,94.41000366210938
motor,2025-03-31 13:00:25.820520,122.4000015258789,92.27999877929688
motor,2025-03-31 13:00:25.840570,122.5,90.88999938964844
motor,2025-03-31 13:00:25.859994,122.5,89.11000061035156
motor,2025-03-31 13:00:25.883190,122.5,87.08999633789062
motor,2025-03-31 13:00:25.900890,122.5,85.7699966430664
motor,2025-03-31 13:00:25.919825,122.4000015258789,84.54000091552734
motor,2025-03-31 13:00:25.939883,122.30000305175781,83.04000091552734
odom,2025-03-31 13:00:25.943675,3.9431624052366967,-0.820025950219649,-146.3045753472517,-0.5462894926627672,0.010696609419861459,-20.81939229152816
motor,2025-03-31 13:00:25.960277,122.5,81.88999938964844
motor,2025-03-31 13:00:25.980132,122.69999694824219,80.8499984741211
motor,2025-03-31 13:00:26.003775,122.5,80.31999969482422
motor,2025-03-31 13:00:26.020460,122.5,77.48999786376953
motor,2025-03-31 13:00:26.042681,122.30000305175781,76.18000030517578
motor,2025-03-31 13:00:26.059967,122.5,74.94999694824219
motor,2025-03-31 13:00:26.080387,122.19999694824219,73.97000122070312
motor,2025-03-31 13:00:26.105862,122.5,73.19000244140625
motor,2025-03-31 13:00:26.120609,122.5,72.30999755859375
motor,2025-03-31 13:00:26.139644,122.30000305175781,70.37999725341797
odom,2025-03-31 13:00:26.154379,3.8891006725698256,-0.8500910615908162,-148.84790503692423,-0.456860880976,0.01653308245296375,-19.19918341946327
motor,2025-03-31 13:00:26.160650,122.30000305175781,69.22000122070312
motor,2025-03-31 13:00:26.179725,122.30000305175781,68.08999633789062
motor,2025-03-31 13:00:26.209751,122.30000305175781,67.73999786376953
motor,2025-03-31 13:00:26.221355,122.5,66.51000213623047
motor,2025-03-31 13:00:26.247298,122.19999694824219,65.80000305175781
motor,2025-03-31 13:00:26.259910,122.30000305175781,65.08999633789062
motor,2025-03-31 13:00:26.279996,122.5,63.869998931884766
motor,2025-03-31 13:00:26.310135,122.19999694824219,63.5099983215332
motor,2025-03-31 13:00:26.321579,122.5,63.15999984741211
motor,2025-03-31 13:00:26.340588,122.30000305175781,62.279998779296875
motor,2025-03-31 13:00:26.362186,122.5,61.91999816894531
motor,2025-03-31 13:00:26.379907,122.30000305175781,61.7599983215332
odom,2025-03-31 13:00:26.386656,3.829697022926562,-0.8739229280853213,-151.81401762391852,-0.5178371030471463,0.05740811322581021,-21.568261030106434
motor,2025-03-31 13:00:26.413536,122.5,62.20000076293945
motor,2025-03-31 13:00:26.427152,122.30000305175781,61.400001525878906
motor,2025-03-31 13:00:26.462901,122.19999694824219,60.529998779296875
motor,2025-03-31 13:00:26.463265,122.30000305175781,60.689998626708984
motor,2025-03-31 13:00:26.480625,122.30000305175781,61.04999923706055
motor,2025-03-31 13:00:26.500335,122.5,60.540000915527344
motor,2025-03-31 13:00:26.520157,122.4000015258789,59.81999969482422
motor,2025-03-31 13:00:26.541080,122.5,59.9900016784668
motor,2025-03-31 13:00:26.560077,122.30000305175781,60.349998474121094
odom,2025-03-31 13:00:26.572713,3.767884134021146,-0.9012389623881715,-153.85086772023615,-0.5508057803423242,0.02219759717206252,-21.903461382464933
motor,2025-03-31 13:00:26.589890,122.19999694824219,59.47999954223633
motor,2025-03-31 13:00:26.600257,122.30000305175781,59.83000183105469
motor,2025-03-31 13:00:26.620239,122.19999694824219,59.81999969482422
motor,2025-03-31 13:00:26.639885,122.5,60.0
motor,2025-03-31 13:00:26.660410,122.30000305175781,59.470001220703125
motor,2025-03-31 13:00:26.680220,122.30000305175781,59.290000915527344
motor,2025-03-31 13:00:26.703441,122.30000305175781,59.290000915527344
motor,2025-03-31 13:00:26.720323,122.30000305175781,59.290000915527344
odom,2025-03-31 13:00:26.724751,3.703210795697287,-0.9312142647711874,-154.84417978008446,-0.5271088718421577,0.002655750216744917,-19.984657130207758
motor,2025-03-31 13:00:26.739562,122.30000305175781,59.290000915527344
motor,2025-03-31 13:00:26.759392,122.30000305175781,59.650001525878906
motor,2025-03-31 13:00:26.779264,122.30000305175781,58.77000045776367
motor,2025-03-31 13:00:26.801014,122.30000305175781,58.59000015258789
motor,2025-03-31 13:00:26.821745,122.19999694824219,59.290000915527344
motor,2025-03-31 13:00:26.841779,122.19999694824219,59.650001525878906
odom,2025-03-31 13:00:26.853159,3.655215757937302,-0.966609148353629,-155.04743267530813,-0.4757021626349615,-0.09639438143759751,-22.024940327426446
motor,2025-03-31 13:00:26.859778,122.30000305175781,58.77000045776367
motor,2025-03-31 13:00:26.880798,122.19999694824219,58.59000015258789
motor,2025-03-31 13:00:26.900954,122.30000305175781,59.119998931884766
motor,2025-03-31 13:00:26.924196,122.19999694824219,59.29999923706055
motor,2025-03-31 13:00:26.939892,122.30000305175781,57.97999954223633
motor,2025-03-31 13:00:26.960049,122.30000305175781,58.2400016784668
motor,2025-03-31 13:00:26.980079,122.30000305175781,59.119998931884766
motor,2025-03-31 13:00:27.000063,122.19999694824219,58.939998626708984
odom,2025-03-31 13:00:27.005623,3.5890784542519603,-0.9983790202828845,-154.66525347379053,-0.5968801458936617,-0.003366268789027573,-21.96003992405196
motor,2025-03-31 13:00:27.026157,122.19999694824219,58.59000015258789
motor,2025-03-31 13:00:27.040165,122.19999694824219,58.7599983215332
motor,2025-03-31 13:00:27.060128,122.19999694824219,58.939998626708984
motor,2025-03-31 13:00:27.079779,122.30000305175781,58.77000045776367
motor,2025-03-31 13:00:27.100157,122.19999694824219,58.779998779296875
motor,2025-03-31 13:00:27.128942,122.19999694824219,58.59000015258789
motor,2025-03-31 13:00:27.140287,122.19999694824219,58.060001373291016
odom,2025-03-31 13:00:27.157675,3.5271914362040366,-1.0328983927824003,-154.0393676277381,-0.5239448324231943,-0.02921320811639186,-19.908936200399072
motor,2025-03-31 13:00:27.160528,122.30000305175781,58.25
motor,2025-03-31 13:00:27.180172,122.19999694824219,58.77000045776367
motor,2025-03-31 13:00:27.200129,122.30000305175781,59.29999923706055
motor,2025-03-31 13:00:27.238569,122.19999694824219,58.41999816894531
motor,2025-03-31 13:00:27.246945,122.30000305175781,58.41999816894531
motor,2025-03-31 13:00:27.264591,122.30000305175781,59.130001068115234
motor,2025-03-31 13:00:27.280010,122.19999694824219,59.119998931884766
motor,2025-03-31 13:00:27.300115,122.30000305175781,58.060001373291016
motor,2025-03-31 13:00:27.320166,122.19999694824219,58.41999816894531
odom,2025-03-31 13:00:27.332076,3.461848399866042,-1.069111513525058,-152.46747776928856,-0.608275926519278,-0.015532066651374365,-21.6738855264872
motor,2025-03-31 13:00:27.339828,122.30000305175781,59.130001068115234
motor,2025-03-31 13:00:27.364918,122.19999694824219,59.119998931884766
motor,2025-03-31 13:00:27.380228,122.30000305175781,58.5099983215332
motor,2025-03-31 13:00:27.403443,122.30000305175781,58.599998474121094
motor,2025-03-31 13:00:27.420246,122.30000305175781,58.939998626708984
motor,2025-03-31 13:00:27.442082,121.9000015258789,58.77000045776367
motor,2025-03-31 13:00:27.491118,121.9000015258789,58.5099983215332
motor,2025-03-31 13:00:27.491499,120.30000305175781,59.130001068115234
motor,2025-03-31 13:00:27.502315,118.9000015258789,58.599998474121094
motor,2025-03-31 13:00:27.520564,112.0999984741211,60.02000045776367
odom,2025-03-31 13:00:27.530612,3.3942055465174654,-1.1133425889088857,-150.39604097634984,-0.5970021766097825,-0.0373129772362526,-19.427418652457533
motor,2025-03-31 13:00:27.549278,106.30000305175781,62.119998931884766
motor,2025-03-31 13:00:27.559766,101.4000015258789,64.05000305175781
motor,2025-03-31 13:00:27.579814,93.5,65.98999786376953
motor,2025-03-31 13:00:27.599838,91.30000305175781,69.1500015258789
motor,2025-03-31 13:00:27.620072,91.30000305175781,71.62000274658203
motor,2025-03-31 13:00:27.640317,91.0999984741211,73.54000091552734
motor,2025-03-31 13:00:27.659788,91.0,73.91000366210938
motor,2025-03-31 13:00:27.681232,91.0,75.31999969482422
motor,2025-03-31 13:00:27.700100,90.69999694824219,78.83000183105469
motor,2025-03-31 13:00:27.719870,90.69999694824219,81.12000274658203
odom,2025-03-31 13:00:27.728058,3.337917975619832,-1.153417572442835,-147.4567245299477,-0.5616152542751088,-0.02851307940809656,-20.94523553585759
motor,2025-03-31 13:00:27.742532,90.5,82.52999877929688
motor,2025-03-31 13:00:27.759563,89.69999694824219,83.30999755859375
motor,2025-03-31 13:00:27.779763,87.69999694824219,84.11000061035156
motor,2025-03-31 13:00:27.800243,85.9000015258789,85.5999984741211
motor,2025-03-31 13:00:27.820151,84.5999984741211,85.94999694824219
motor,2025-03-31 13:00:27.864690,83.19999694824219,86.20999908447266
motor,2025-03-31 13:00:27.865112,80.9000015258789,86.6500015258789
motor,2025-03-31 13:00:27.879885,78.4000015258789,87.18000030517578
motor,2025-03-31 13:00:27.900274,76.69999694824219,87.70999908447266
motor,2025-03-31 13:00:27.920207,75.9000015258789,87.97000122070312
motor,2025-03-31 13:00:27.947633,74.5,88.41000366210938
odom,2025-03-31 13:00:27.951727,3.267098782752258,-1.205366725866228,-143.35661038165438,-0.7161956330489626,0.004770288008473526,-20.403025061180074
motor,2025-03-31 13:00:27.960283,74.19999694824219,88.8499984741211
motor,2025-03-31 13:00:27.980499,74.0,88.94000244140625
motor,2025-03-31 13:00:27.999898,73.9000015258789,89.02999877929688
motor,2025-03-31 13:00:28.020290,73.4000015258789,89.11000061035156
motor,2025-03-31 13:00:28.049500,73.19999694824219,89.56999969482422
motor,2025-03-31 13:00:28.060731,73.0,89.63999938964844
motor,2025-03-31 13:00:28.080773,72.5999984741211,89.81999969482422
motor,2025-03-31 13:00:28.099879,72.4000015258789,89.98999786376953
motor,2025-03-31 13:00:28.119968,72.5,90.16000366210938
motor,2025-03-31 13:00:28.140859,72.19999694824219,90.5199966430664
motor,2025-03-31 13:00:28.160274,72.19999694824219,90.69999694824219
odom,2025-03-31 13:00:28.177635,3.216307923107517,-1.2565436623311108,-139.3099906387378,-0.5314316194305578,-0.04207589797229645,-17.976820256163375
motor,2025-03-31 13:00:28.179330,72.19999694824219,90.87000274658203
motor,2025-03-31 13:00:28.211652,71.9000015258789,91.75
motor,2025-03-31 13:00:28.219622,72.0999984741211,91.7699966430664
motor,2025-03-31 13:00:28.240454,72.0999984741211,91.93000030517578
motor,2025-03-31 13:00:28.260402,72.0999984741211,92.20999908447266
motor,2025-03-31 13:00:28.282431,72.19999694824219,92.9800033569336
motor,2025-03-31 13:00:28.299897,72.19999694824219,93.51000213623047
motor,2025-03-31 13:00:28.325192,72.19999694824219,94.22000122070312
motor,2025-03-31 13:00:28.340542,72.5,94.56999969482422
motor,2025-03-31 13:00:28.360235,72.4000015258789,94.91999816894531
motor,2025-03-31 13:00:28.380403,72.4000015258789,95.80999755859375
odom,2025-03-31 13:00:28.399282,3.176134668092108,-1.3109021550559494,-135.96269356455957,-0.5432330046490483,-0.09087392649821556,-19.336523479059757
motor,2025-03-31 13:00:28.400437,72.4000015258789,96.5999984741211
motor,2025-03-31 13:00:28.420665,72.5999984741211,97.4000015258789
motor,2025-03-31 13:00:28.439929,72.4000015258789,98.80000305175781
motor,2025-03-31 13:00:28.460108,72.4000015258789,99.31999969482422
motor,2025-03-31 13:00:28.480014,72.4000015258789,100.19999694824219
motor,2025-03-31 13:00:28.501251,72.4000015258789,101.95999908447266
motor,2025-03-31 13:00:28.520519,72.4000015258789,103.36000061035156
motor,2025-03-31 13:00:28.542174,72.4000015258789,104.94999694824219
motor,2025-03-31 13:00:28.561747,72.4000015258789,106.18000030517578
motor,2025-03-31 13:00:28.579906,72.4000015258789,108.36000061035156
odom,2025-03-31 13:00:28.592904,3.1268832464803706,-1.366206893263652,-133.4693896710169,-0.6028889986600902,-0.018765935324466947,-18.973412579292635
motor,2025-03-31 13:00:28.605573,72.19999694824219,108.81999969482422
motor,2025-03-31 13:00:28.620620,72.19999694824219,110.58999633789062
motor,2025-03-31 13:00:28.641412,72.19999694824219,113.30000305175781
motor,2025-03-31 13:00:28.664060,72.19999694824219,114.69999694824219
motor,2025-03-31 13:00:28.680451,72.19999694824219,116.30999755859375
motor,2025-03-31 13:00:28.701887,72.19999694824219,117.87999725341797
motor,2025-03-31 13:00:28.720802,72.19999694824219,119.0199966430664
motor,2025-03-31 13:00:28.740422,72.0999984741211,120.68000030517578
motor,2025-03-31 13:00:28.765704,72.0999984741211,122.26000213623047
motor,2025-03-31 13:00:28.779582,72.0999984741211,123.61000061035156
odom,2025-03-31 13:00:28.790843,3.0740703307893535,-1.433418992921342,-131.68867287565385,-0.6311378495689473,-0.038929897327349625,-17.002582455954563
motor,2025-03-31 13:00:28.799674,72.0999984741211,125.80999755859375
motor,2025-03-31 13:00:28.819962,71.9000015258789,127.19999694824219
motor,2025-03-31 13:00:28.840328,71.9000015258789,128.9600067138672
motor,2025-03-31 13:00:28.868643,71.9000015258789,130.02999877929688
motor,2025-03-31 13:00:28.879992,71.4000015258789,131.9499969482422
motor,2025-03-31 13:00:28.899872,71.80000305175781,132.3000030517578
motor,2025-03-31 13:00:28.920108,71.69999694824219,133.3800048828125
odom,2025-03-31 13:00:28.939682,3.030523116842791,-1.4927889063678086,-130.10483087144564,-0.5980567996545099,-0.040196507401108285,-18.486147365973405
motor,2025-03-31 13:00:28.940154,71.5999984741211,134.5
motor,2025-03-31 13:00:28.972613,71.5999984741211,135.2899932861328
motor,2025-03-31 13:00:28.979869,71.19999694824219,136.8800048828125
motor,2025-03-31 13:00:29.001549,71.5,137.92999267578125
motor,2025-03-31 13:00:29.020523,71.5999984741211,138.99000549316406
motor,2025-03-31 13:00:29.043317,71.4000015258789,139.0800018310547
motor,2025-03-31 13:00:29.060324,71.4000015258789,139.25
motor,2025-03-31 13:00:29.080329,71.4000015258789,139.42999267578125
odom,2025-03-31 13:00:29.114473,2.9538837686346002,-1.570137952139134,-129.72574719815697,-0.8034759210726156,0.07043902634606758,-16.77109325345777
motor,2025-03-31 13:00:29.119094,71.4000015258789,139.36000061035156
motor,2025-03-31 13:00:29.130191,71.4000015258789,139.42999267578125
motor,2025-03-31 13:00:29.142716,71.4000015258789,139.33999633789062
motor,2025-03-31 13:00:29.161243,71.4000015258789,139.36000061035156
motor,2025-03-31 13:00:29.182490,71.30000305175781,139.33999633789062
motor,2025-03-31 13:00:29.209521,71.5,139.42999267578125
motor,2025-03-31 13:00:29.219689,71.5999984741211,139.42999267578125
motor,2025-03-31 13:00:29.240186,71.5999984741211,139.42999267578125
motor,2025-03-31 13:00:29.259603,71.5999984741211,139.4499969482422
odom,2025-03-31 13:00:29.264420,2.896820196673505,-1.6568438414899491,-129.37932661941798,-0.8399567052220491,-0.08871722911723565,-18.37453922762914
motor,2025-03-31 13:00:29.280051,71.5999984741211,139.42999267578125
motor,2025-03-31 13:00:29.324252,71.9000015258789,139.33999633789062
motor,2025-03-31 13:00:29.334341,72.19999694824219,139.33999633789062
motor,2025-03-31 13:00:29.343459,72.69999694824219,139.33999633789062
odom,2025-03-31 13:00:29.413560,2.8232991450949743,-1.735991479418459,-129.53544804676707,-0.8772797778480314,0.051411349710430515,-18.39157367932155
motor,2025-03-31 13:00:29.416731,72.69999694824219,139.33999633789062
motor,2025-03-31 13:00:29.417081,72.69999694824219,139.42999267578125
motor,2025-03-31 13:00:29.422041,72.5999984741211,139.41000366210938
motor,2025-03-31 13:00:29.440372,72.4000015258789,139.33999633789062
motor,2025-03-31 13:00:29.459737,72.5,139.42999267578125
motor,2025-03-31 13:00:29.483290,72.5999984741211,139.33999633789062
motor,2025-03-31 13:00:29.501120,72.9000015258789,139.42999267578125
motor,2025-03-31 13:00:29.520025,73.69999694824219,139.33999633789062
motor,2025-03-31 13:00:29.539928,75.19999694824219,136.67999267578125
motor,2025-03-31 13:00:29.561589,84.19999694824219,133.0800018310547
odom,2025-03-31 13:00:29.563944,2.727382953781504,-1.8123708184795515,-129.4712811477421,-0.8886278913553466,0.18885032687286693,-16.742867397348654
motor,2025-03-31 13:00:29.584731,90.69999694824219,131.41000366210938
motor,2025-03-31 13:00:29.600076,91.0,128.9600067138672
motor,2025-03-31 13:00:29.619513,91.0,126.8499984741211
motor,2025-03-31 13:00:29.640131,91.0999984741211,124.9000015258789
motor,2025-03-31 13:00:29.660199,91.4000015258789,121.75
motor,2025-03-31 13:00:29.687215,92.5,119.2699966430664
motor,2025-03-31 13:00:29.703685,96.4000015258789,117.16999816894531
odom,2025-03-31 13:00:29.718273,2.6446726135056515,-1.9057205404398512,-130.75590414654488,-1.0127770748179459,0.013892559137067325,-18.533438578665734
motor,2025-03-31 13:00:29.721789,98.69999694824219,114.62000274658203
motor,2025-03-31 13:00:29.743438,100.0,111.54000091552734
motor,2025-03-31 13:00:29.759570,101.80000305175781,108.30000305175781
motor,2025-03-31 13:00:29.788758,102.5,105.12000274658203
motor,2025-03-31 13:00:29.799865,103.5999984741211,102.41000366210938
motor,2025-03-31 13:00:29.827529,106.0,98.97000122070312
motor,2025-03-31 13:00:29.840674,107.4000015258789,96.1500015258789
motor,2025-03-31 13:00:29.860038,109.80000305175781,93.16000366210938
odom,2025-03-31 13:00:29.876806,2.5828440992312847,-1.9959646377563938,-132.2191854794457,-0.8037058854989905,-0.11013911946916737,-17.112789692789516
motor,2025-03-31 13:00:29.879946,111.0,90.88999938964844
motor,2025-03-31 13:00:29.900562,113.0,87.52999877929688
motor,2025-03-31 13:00:29.943499,113.80000305175781,84.80000305175781
motor,2025-03-31 13:00:29.943842,116.0,81.12000274658203
motor,2025-03-31 13:00:29.960510,117.5,79.61000061035156
motor,2025-03-31 13:00:29.980295,117.5999984741211,76.9800033569336
motor,2025-03-31 13:00:30.000457,120.30000305175781,73.19000244140625
motor,2025-03-31 13:00:30.022937,120.69999694824219,71.79000091552734
motor,2025-03-31 13:00:30.040329,120.9000015258789,69.86000061035156
motor,2025-03-31 13:00:30.059975,120.80000305175781,68.70999908447266
motor,2025-03-31 13:00:30.080046,120.9000015258789,67.38999938964844
odom,2025-03-31 13:00:30.083441,2.50195200357986,-2.0690571213429396,-135.0038070809204,-0.8859964526555127,0.04481837137893438,-19.173071358412624
motor,2025-03-31 13:00:30.099971,120.9000015258789,66.33999633789062
motor,2025-03-31 13:00:30.120428,120.5999984741211,65.62000274658203
motor,2025-03-31 13:00:30.145416,120.69999694824219,65.08999633789062
motor,2025-03-31 13:00:30.160440,120.69999694824219,64.38999938964844
motor,2025-03-31 13:00:30.180464,120.9000015258789,63.959999084472656
motor,2025-03-31 13:00:30.199299,120.80000305175781,63.33000183105469
motor,2025-03-31 13:00:30.219220,120.5999984741211,62.630001068115234
motor,2025-03-31 13:00:30.239456,120.69999694824219,62.279998779296875
motor,2025-03-31 13:00:30.261390,120.69999694824219,61.91999816894531
motor,2025-03-31 13:00:30.279998,120.5999984741211,61.220001220703125
motor,2025-03-31 13:00:30.301633,120.5999984741211,61.22999954223633
odom,2025-03-31 13:00:30.313921,2.411837638742779,-2.149316346987998,-140.82032610640357,-0.981284057764297,-0.043011644377509456,-20.00514173379089
motor,2025-03-31 13:00:30.320222,120.69999694824219,61.04999923706055
motor,2025-03-31 13:00:30.341492,120.69999694824219,60.70000076293945
motor,2025-03-31 13:00:30.360259,120.69999694824219,60.689998626708984
motor,2025-03-31 13:00:30.380284,120.69999694824219,60.34000015258789
motor,2025-03-31 13:00:30.407321,120.69999694824219,60.0
motor,2025-03-31 13:00:30.420194,120.5999984741211,59.9900016784668
motor,2025-03-31 13:00:30.440234,120.5,59.9900016784668
motor,2025-03-31 13:00:30.459965,120.5,59.810001373291016
motor,2025-03-31 13:00:30.480057,120.30000305175781,59.810001373291016
motor,2025-03-31 13:00:30.510042,120.19999694824219,59.650001525878906
motor,2025-03-31 13:00:30.521597,120.0999984741211,59.119998931884766
motor,2025-03-31 13:00:30.551824,119.30000305175781,59.81999969482422
motor,2025-03-31 13:00:30.562649,119.30000305175781,60.70000076293945
motor,2025-03-31 13:00:30.590560,119.19999694824219,60.36000061035156
odom,2025-03-31 13:00:30.593162,2.313933337037285,-2.214244558880071,-148.7044935670895,-0.8694435651773132,-0.03425249606095683,-19.22319358833731
motor,2025-03-31 13:00:30.629772,119.19999694824219,60.16999816894531
motor,2025-03-31 13:00:30.630185,119.30000305175781,60.18000030517578
motor,2025-03-31 13:00:30.642304,119.30000305175781,61.43000030517578
motor,2025-03-31 13:00:30.660074,119.19999694824219,61.59000015258789
motor,2025-03-31 13:00:30.680961,119.30000305175781,61.7599983215332
motor,2025-03-31 13:00:30.713071,119.30000305175781,62.9900016784668
motor,2025-03-31 13:00:30.725353,119.19999694824219,64.91999816894531
motor,2025-03-31 13:00:30.741072,119.30000305175781,65.63999938964844
motor,2025-03-31 13:00:30.761001,119.19999694824219,66.61000061035156
motor,2025-03-31 13:00:30.800363,119.30000305175781,68.97000122070312
motor,2025-03-31 13:00:30.800682,119.30000305175781,71.61000061035156
odom,2025-03-31 13:00:30.842084,2.214763942141194,-2.2707278210650177,-156.61842631916093,-0.923082640579682,-0.10162691517688256,-22.242795625027096
motor,2025-03-31 13:00:30.860864,119.19999694824219,73.7300033569336
motor,2025-03-31 13:00:30.861299,119.19999694824219,75.04000091552734
motor,2025-03-31 13:00:30.861604,119.30000305175781,77.05999755859375
motor,2025-03-31 13:00:30.885048,119.19999694824219,78.22000122070312
motor,2025-03-31 13:00:30.972954,119.19999694824219,82.43000030517578
motor,2025-03-31 13:00:30.973313,119.30000305175781,83.58000183105469
motor,2025-03-31 13:00:30.980622,119.30000305175781,84.45999908447266
motor,2025-03-31 13:00:31.004860,119.30000305175781,86.48999786376953
motor,2025-03-31 13:00:31.023711,119.30000305175781,87.0999984741211
motor,2025-03-31 13:00:31.040441,119.30000305175781,88.05999755859375
motor,2025-03-31 13:00:31.061011,119.30000305175781,88.94999694824219
motor,2025-03-31 13:00:31.080255,119.30000305175781,89.63999938964844
odom,2025-03-31 13:00:31.092977,2.1104275252210956,-2.2995508412708072,-164.4589754305443,-0.802275504415959,0.0013745635925174545,-21.27421890534323
motor,2025-03-31 13:00:31.101875,119.30000305175781,89.83000183105469
motor,2025-03-31 13:00:31.119889,119.19999694824219,89.91999816894531
motor,2025-03-31 13:00:31.140197,119.19999694824219,90.08999633789062
motor,2025-03-31 13:00:31.163638,119.19999694824219,90.5199966430664
motor,2025-03-31 13:00:31.180073,119.30000305175781,90.69999694824219
motor,2025-03-31 13:00:31.200868,119.30000305175781,90.97000122070312
motor,2025-03-31 13:00:31.221867,119.19999694824219,91.41000366210938
motor,2025-03-31 13:00:31.246774,119.30000305175781,90.88999938964844
motor,2025-03-31 13:00:31.259877,119.30000305175781,90.36000061035156
motor,2025-03-31 13:00:31.279831,119.30000305175781,89.12999725341797
motor,2025-03-31 13:00:31.301810,119.30000305175781,87.70999908447266
odom,2025-03-31 13:00:31.324222,2.029566454100324,-2.29108126555579,-170.01076684223955,-0.6364964355674456,0.1821364396492645,-24.161918944901085
motor,2025-03-31 13:00:31.325024,119.19999694824219,87.0
motor,2025-03-31 13:00:31.340075,119.30000305175781,84.98999786376953
motor,2025-03-31 13:00:31.368821,119.19999694824219,84.54000091552734
motor,2025-03-31 13:00:31.380124,119.30000305175781,83.4800033569336
motor,2025-03-31 13:00:31.400058,119.19999694824219,82.77999877929688
motor,2025-03-31 13:00:31.430251,119.19999694824219,81.7300033569336
motor,2025-03-31 13:00:31.439998,119.19999694824219,80.31999969482422
motor,2025-03-31 13:00:31.463108,119.19999694824219,79.36000061035156
motor,2025-03-31 13:00:31.480407,119.19999694824219,78.56999969482422
motor,2025-03-31 13:00:31.499856,119.19999694824219,77.33000183105469
motor,2025-03-31 13:00:31.540411,119.19999694824219,76.62999725341797
motor,2025-03-31 13:00:31.540809,119.30000305175781,76.0199966430664
motor,2025-03-31 13:00:31.565222,119.30000305175781,75.31999969482422
odom,2025-03-31 13:00:31.573185,1.928252892498062,-2.2715455240434643,-176.7511622279686,-0.8141395416631905,0.2054484368663988,-25.1043648339939
motor,2025-03-31 13:00:31.579874,119.19999694824219,74.44000244140625
motor,2025-03-31 13:00:31.601135,119.4000015258789,73.27999877929688
motor,2025-03-31 13:00:31.632659,119.5,71.62000274658203
motor,2025-03-31 13:00:31.640182,119.5,70.37999725341797
motor,2025-03-31 13:00:31.660830,119.4000015258789,69.5
motor,2025-03-31 13:00:31.680010,119.5,69.1500015258789
motor,2025-03-31 13:00:31.700314,119.5,68.2699966430664
motor,2025-03-31 13:00:31.733277,119.5,67.73999786376953
motor,2025-03-31 13:00:31.743743,119.5,67.73999786376953
motor,2025-03-31 13:00:31.770138,119.5,67.56999969482422
motor,2025-03-31 13:00:31.780053,119.5,67.05000305175781
motor,2025-03-31 13:00:31.800158,119.4000015258789,66.86000061035156
motor,2025-03-31 13:00:31.820152,119.5,66.5199966430664
motor,2025-03-31 13:00:31.840311,119.5,66.5199966430664
motor,2025-03-31 13:00:31.860238,119.5,66.69000244140625
odom,2025-03-31 13:00:31.869732,1.824911291412684,-2.259254914264961,175.22961491258454,-0.7697671941006448,0.02704295573619743,22.635337168550205
motor,2025-03-31 13:00:31.880053,119.4000015258789,65.98999786376953
motor,2025-03-31 13:00:31.901037,119.5,65.63999938964844
motor,2025-03-31 13:00:31.920141,119.5,65.11000061035156
motor,2025-03-31 13:00:31.940255,119.4000015258789,64.04000091552734
motor,2025-03-31 13:00:31.962130,119.5,63.18000030517578
motor,2025-03-31 13:00:31.979862,119.4000015258789,61.939998626708984
motor,2025-03-31 13:00:32.000185,119.5,60.70000076293945
motor,2025-03-31 13:00:32.020371,119.4000015258789,60.880001068115234
motor,2025-03-31 13:00:32.040980,119.4000015258789,60.349998474121094
motor,2025-03-31 13:00:32.059987,119.4000015258789,59.65999984741211
motor,2025-03-31 13:00:32.080229,119.5,59.47999954223633
motor,2025-03-31 13:00:32.100269,119.5,59.83000183105469
motor,2025-03-31 13:00:32.119998,119.4000015258789,59.29999923706055
odom,2025-03-31 13:00:32.138946,1.7243905186754414,-2.230069262085952,167.7076787380324,-0.8504117626786938,0.05794607441506474,23.836085036998526
motor,2025-03-31 13:00:32.142949,119.5,58.689998626708984
motor,2025-03-31 13:00:32.160012,119.5,58.95000076293945
motor,2025-03-31 13:00:32.180912,119.5,58.599998474121094
motor,2025-03-31 13:00:32.200276,119.5,58.41999816894531
motor,2025-03-31 13:00:32.219710,119.4000015258789,58.41999816894531
motor,2025-03-31 13:00:32.244764,119.5,58.599998474121094
motor,2025-03-31 13:00:32.259235,119.5,57.97999954223633
motor,2025-03-31 13:00:32.283129,119.4000015258789,57.36000061035156
motor,2025-03-31 13:00:32.300063,119.4000015258789,57.810001373291016
motor,2025-03-31 13:00:32.320813,119.4000015258789,58.41999816894531
motor,2025-03-31 13:00:32.348021,119.5,57.54999923706055
motor,2025-03-31 13:00:32.360006,119.5,56.58000183105469
motor,2025-03-31 13:00:32.382032,119.4000015258789,57.540000915527344
motor,2025-03-31 13:00:32.400301,119.5,57.810001373291016
motor,2025-03-31 13:00:32.420546,119.4000015258789,57.540000915527344
motor,2025-03-31 13:00:32.450005,119.4000015258789,56.83000183105469
odom,2025-03-31 13:00:32.458852,1.5942794205023827,-2.2070180316390884,160.05703319041316,-0.9634051711968605,-0.16807812466914646,20.675049622826197
motor,2025-03-31 13:00:32.460480,119.5,56.65999984741211
motor,2025-03-31 13:00:32.480403,119.5999984741211,57.290000915527344
motor,2025-03-31 13:00:32.501955,119.5999984741211,57.189998626708984
motor,2025-03-31 13:00:32.520341,119.69999694824219,56.4900016784668
motor,2025-03-31 13:00:32.540023,119.5999984741211,56.66999816894531
motor,2025-03-31 13:00:32.560127,119.9000015258789,57.11000061035156
motor,2025-03-31 13:00:32.589166,119.9000015258789,57.0099983215332
motor,2025-03-31 13:00:32.600270,120.0999984741211,57.11000061035156
motor,2025-03-31 13:00:32.620234,120.30000305175781,57.54999923706055
motor,2025-03-31 13:00:32.639981,120.19999694824219,57.540000915527344
motor,2025-03-31 13:00:32.659884,120.5,56.65999984741211
motor,2025-03-31 13:00:32.680147,120.5,56.75
motor,2025-03-31 13:00:32.700478,120.5,57.36000061035156
motor,2025-03-31 13:00:32.724279,120.5,57.709999084472656
motor,2025-03-31 13:00:32.739894,120.5,56.56999969482422
motor,2025-03-31 13:00:32.760075,120.5,56.130001068115234
odom,2025-03-31 13:00:32.762462,1.5168497419876816,-2.155086106368664,151.44850602595253,-0.755893431213819,0.07009792537826284,21.522639919693145
motor,2025-03-31 13:00:32.779937,120.5,57.18000030517578
motor,2025-03-31 13:00:32.800246,120.5,57.709999084472656
motor,2025-03-31 13:00:32.820446,120.5,56.75
motor,2025-03-31 13:00:32.839419,120.4000015258789,56.47999954223633
motor,2025-03-31 13:00:32.859407,120.4000015258789,56.83000183105469
motor,2025-03-31 13:00:32.880412,120.5,57.709999084472656
motor,2025-03-31 13:00:32.901811,120.5,57.709999084472656
motor,2025-03-31 13:00:32.920037,120.5,56.650001525878906
motor,2025-03-31 13:00:32.940049,120.4000015258789,57.349998474121094
motor,2025-03-31 13:00:32.962900,120.5,57.27000045776367
motor,2025-03-31 13:00:32.980523,120.30000305175781,57.540000915527344
motor,2025-03-31 13:00:33.000403,120.5,57.36000061035156
motor,2025-03-31 13:00:33.019956,120.5,57.540000915527344
motor,2025-03-31 13:00:33.040043,120.5,57.45000076293945
motor,2025-03-31 13:00:33.064351,120.5,57.18000030517578
odom,2025-03-31 13:00:33.064922,1.4899517773831585,-2.0563921254518354,143.95016923223162,-0.6494232188507388,0.5203808169080195,20.439260685291117
motor,2025-03-31 13:00:33.080292,120.5,58.41999816894531
motor,2025-03-31 13:00:33.100261,120.4000015258789,61.58000183105469
motor,2025-03-31 13:00:33.121882,120.4000015258789,62.9900016784668
motor,2025-03-31 13:00:33.140644,120.5,65.80999755859375
motor,2025-03-31 13:00:33.166607,120.4000015258789,68.0999984741211
motor,2025-03-31 13:00:33.180253,120.5,71.2699966430664
motor,2025-03-31 13:00:33.199948,120.5,72.8499984741211
motor,2025-03-31 13:00:33.220117,120.5,75.38999938964844
motor,2025-03-31 13:00:33.239874,120.5,77.43000030517578
motor,2025-03-31 13:00:33.268924,120.4000015258789,80.48999786376953
motor,2025-03-31 13:00:33.280905,120.5,83.30999755859375
motor,2025-03-31 13:00:33.305664,120.5,83.83999633789062
motor,2025-03-31 13:00:33.320355,120.4000015258789,84.72000122070312
odom,2025-03-31 13:00:33.324011,1.4399759935752534,-1.9616164725421124,137.45182902048649,-0.74721711204644,0.26679045846810073,17.764722043488465
motor,2025-03-31 13:00:33.340350,120.5,86.83000183105469
motor,2025-03-31 13:00:33.371327,120.5,88.05000305175781
motor,2025-03-31 13:00:33.380166,120.5,91.2300033569336
motor,2025-03-31 13:00:33.407835,120.5,93.94999694824219
motor,2025-03-31 13:00:33.419746,120.4000015258789,98.79000091552734
motor,2025-03-31 13:00:33.440275,120.4000015258789,101.95999908447266
motor,2025-03-31 13:00:33.460840,120.5,104.08000183105469
motor,2025-03-31 13:00:33.479981,120.5,106.9000015258789
motor,2025-03-31 13:00:33.500715,120.5,107.94999694824219
motor,2025-03-31 13:00:33.520087,120.4000015258789,109.08000183105469
motor,2025-03-31 13:00:33.539990,120.5,110.25
motor,2025-03-31 13:00:33.560295,120.4000015258789,110.87000274658203
motor,2025-03-31 13:00:33.579891,120.5,112.0
odom,2025-03-31 13:00:33.580905,1.3526952034063287,-1.8879694796092066,130.34999092147976,-0.9166532261976368,-0.15327246114592832,18.51451285895431
motor,2025-03-31 13:00:33.599969,120.4000015258789,113.66999816894531
motor,2025-03-31 13:00:33.624675,120.5,117.47000122070312
motor,2025-03-31 13:00:33.640374,120.4000015258789,119.83000183105469
motor,2025-03-31 13:00:33.660301,120.5,121.75
motor,2025-03-31 13:00:33.680176,120.5,123.0
motor,2025-03-31 13:00:33.699820,120.5,123.69999694824219
motor,2025-03-31 13:00:33.719973,120.5,124.2300033569336
motor,2025-03-31 13:00:33.739956,120.4000015258789,124.66999816894531
motor,2025-03-31 13:00:33.759803,120.4000015258789,125.04000091552734
motor,2025-03-31 13:00:33.780067,120.5,125.80999755859375
motor,2025-03-31 13:00:33.799773,120.5,126.25
motor,2025-03-31 13:00:33.819818,120.5,126.69000244140625
motor,2025-03-31 13:00:33.843460,120.5,127.5
motor,2025-03-31 13:00:33.863390,120.5,128.27000427246094
motor,2025-03-31 13:00:33.882778,120.4000015258789,128.19000244140625
motor,2025-03-31 13:00:33.900324,120.4000015258789,129.07000732421875
odom,2025-03-31 13:00:33.910196,1.2991569420818114,-1.7918350295557335,121.71360857579566,-0.8944607797964905,0.040612977096691275,17.28564757009539
motor,2025-03-31 13:00:33.920046,120.5,129.50999450683594
motor,2025-03-31 13:00:33.940385,120.5,130.0500030517578
motor,2025-03-31 13:00:33.960312,120.5,129.3300018310547
motor,2025-03-31 13:00:33.985184,120.5,130.2100067138672
motor,2025-03-31 13:00:34.002698,120.5999984741211,130.83999633789062
motor,2025-03-31 13:00:34.026977,120.69999694824219,130.74000549316406
motor,2025-03-31 13:00:34.043658,120.5999984741211,130.72000122070312
motor,2025-03-31 13:00:34.059766,120.9000015258789,131.08999633789062
motor,2025-03-31 13:00:34.087521,120.9000015258789,131.7899932861328
motor,2025-03-31 13:00:34.100227,120.9000015258789,131.77999877929688
motor,2025-03-31 13:00:34.126697,120.9000015258789,131.08999633789062
motor,2025-03-31 13:00:34.140901,120.80000305175781,131.60000610351562
motor,2025-03-31 13:00:34.160147,120.9000015258789,132.13999938964844
motor,2025-03-31 13:00:34.189859,120.9000015258789,131.97000122070312
motor,2025-03-31 13:00:34.199945,120.9000015258789,131.97000122070312
odom,2025-03-31 13:00:34.219714,1.254117834460214,-1.6726941490048832,112.44355356311496,-0.9437407765789171,0.028592075493425413,14.547801874210355
motor,2025-03-31 13:00:34.226999,120.9000015258789,132.32000732421875
motor,2025-03-31 13:00:34.240149,120.80000305175781,132.41000366210938
motor,2025-03-31 13:00:34.259470,120.9000015258789,131.6199951171875
motor,2025-03-31 13:00:34.279370,120.9000015258789,132.85000610351562
motor,2025-03-31 13:00:34.299232,120.9000015258789,133.3800048828125
motor,2025-03-31 13:00:34.329571,120.9000015258789,132.3000030517578
motor,2025-03-31 13:00:34.339960,120.80000305175781,131.9499969482422
motor,2025-03-31 13:00:34.359923,120.9000015258789,132.47999572753906
motor,2025-03-31 13:00:34.379835,120.9000015258789,133.89999389648438
motor,2025-03-31 13:00:34.400310,120.9000015258789,132.85000610351562
motor,2025-03-31 13:00:34.420295,120.9000015258789,132.47999572753906
motor,2025-03-31 13:00:34.440212,120.80000305175781,132.6699981689453
motor,2025-03-31 13:00:34.459951,120.9000015258789,133.00999450683594
motor,2025-03-31 13:00:34.480322,120.80000305175781,132.75999450683594
motor,2025-03-31 13:00:34.500244,120.69999694824219,132.3000030517578
odom,2025-03-31 13:00:34.512903,1.1793529543987618,-1.541412378902268,103.631849291616,-1.180496490673779,-0.33916287765719283,14.704685235190539
motor,2025-03-31 13:00:34.520276,120.5,132.13999938964844
motor,2025-03-31 13:00:34.540282,118.30000305175781,132.6699981689453
motor,2025-03-31 13:00:34.561105,116.0,132.6699981689453
motor,2025-03-31 13:00:34.580231,113.0999984741211,131.97000122070312
motor,2025-03-31 13:00:34.600005,106.9000015258789,130.5399932861328
motor,2025-03-31 13:00:34.620243,103.0999984741211,128.61000061035156
motor,2025-03-31 13:00:34.640252,101.0,125.98999786376953
motor,2025-03-31 13:00:34.659490,97.19999694824219,123.68000030517578
motor,2025-03-31 13:00:34.680188,91.5999984741211,121.56999969482422
motor,2025-03-31 13:00:34.701232,91.0,117.79000091552734
motor,2025-03-31 13:00:34.720123,90.9000015258789,115.16999816894531
motor,2025-03-31 13:00:34.740357,90.5,113.05000305175781
motor,2025-03-31 13:00:34.770661,89.69999694824219,111.45999908447266
motor,2025-03-31 13:00:34.783746,87.9000015258789,110.30000305175781
motor,2025-03-31 13:00:34.803560,84.80000305175781,108.30000305175781
motor,2025-03-31 13:00:34.819572,82.5,107.2300033569336
motor,2025-03-31 13:00:34.840976,78.30000305175781,105.6500015258789
motor,2025-03-31 13:00:34.859248,76.5,105.30000305175781
motor,2025-03-31 13:00:34.879417,74.5,104.68000030517578
motor,2025-03-31 13:00:34.906254,72.9000015258789,104.33000183105469
motor,2025-03-31 13:00:34.920076,72.69999694824219,103.01000213623047
motor,2025-03-31 13:00:34.940131,71.5999984741211,102.30999755859375
motor,2025-03-31 13:00:34.970251,71.0999984741211,102.22000122070312
motor,2025-03-31 13:00:34.993135,69.69999694824219,101.97000122070312
motor,2025-03-31 13:00:35.012649,68.69999694824219,101.62000274658203
motor,2025-03-31 13:00:35.020283,68.0,101.62000274658203
odom,2025-03-31 13:00:35.031998,1.184076736763349,-1.3706574773602915,93.59999203882926,-1.3860890523653473,0.12576888596642882,13.310228553818847
motor,2025-03-31 13:00:35.041401,67.5,101.2699966430664
motor,2025-03-31 13:00:35.060008,67.4000015258789,100.55000305175781
motor,2025-03-31 13:00:35.080310,66.30000305175781,99.16000366210938
motor,2025-03-31 13:00:35.111021,66.5999984741211,97.55999755859375
motor,2025-03-31 13:00:35.120230,66.5999984741211,96.33000183105469
motor,2025-03-31 13:00:35.142861,66.5,95.0199966430664
motor,2025-03-31 13:00:35.160376,66.19999694824219,93.86000061035156
motor,2025-03-31 13:00:35.180227,66.0999984741211,92.6500015258789
motor,2025-03-31 13:00:35.201278,65.9000015258789,90.70999908447266
motor,2025-03-31 13:00:35.220291,66.0,89.04000091552734
motor,2025-03-31 13:00:35.240155,65.9000015258789,87.3499984741211
motor,2025-03-31 13:00:35.259931,66.0,86.30000305175781
motor,2025-03-31 13:00:35.280010,65.9000015258789,84.88999938964844
motor,2025-03-31 13:00:35.299731,65.9000015258789,83.41000366210938
motor,2025-03-31 13:00:35.320014,65.9000015258789,82.33999633789062
motor,2025-03-31 13:00:35.340407,65.9000015258789,80.58000183105469
motor,2025-03-31 13:00:35.360458,66.0,79.70999908447266
odom,2025-03-31 13:00:35.380121,1.1855913114568986,-1.2136691187202528,83.27339954900827,-1.1552434475103803,-0.12496612749319297,10.75711270158499
motor,2025-03-31 13:00:35.380356,66.0999984741211,78.66000366210938
motor,2025-03-31 13:00:35.400011,66.4000015258789,76.9800033569336
motor,2025-03-31 13:00:35.420159,66.5999984741211,75.48999786376953
motor,2025-03-31 13:00:35.441050,66.69999694824219,74.33999633789062
motor,2025-03-31 13:00:35.460031,66.80000305175781,73.0199966430664
motor,2025-03-31 13:00:35.479968,66.80000305175781,72.13999938964844
motor,2025-03-31 13:00:35.524985,66.80000305175781,71.61000061035156
motor,2025-03-31 13:00:35.525422,66.80000305175781,70.19999694824219
motor,2025-03-31 13:00:35.540203,66.80000305175781,68.44000244140625
motor,2025-03-31 13:00:35.560419,66.80000305175781,68.44999694824219
motor,2025-03-31 13:00:35.580666,66.69999694824219,67.20999908447266
motor,2025-03-31 13:00:35.600379,66.80000305175781,65.9800033569336
motor,2025-03-31 13:00:35.625407,66.80000305175781,65.9800033569336
motor,2025-03-31 13:00:35.640419,66.80000305175781,64.91999816894531
motor,2025-03-31 13:00:35.662434,66.80000305175781,64.41000366210938
motor,2025-03-31 13:00:35.681210,66.80000305175781,63.70000076293945
motor,2025-03-31 13:00:35.700338,66.80000305175781,63.16999816894531
motor,2025-03-31 13:00:35.728027,66.80000305175781,62.29999923706055
motor,2025-03-31 13:00:35.739560,66.80000305175781,61.939998626708984
odom,2025-03-31 13:00:35.743573,1.2568251381733555,-1.0538052773900852,74.31233305499327,-1.410383607515544,0.20649778586213993,10.563376171484853
motor,2025-03-31 13:00:35.760299,66.80000305175781,61.41999816894531
motor,2025-03-31 13:00:35.781898,66.80000305175781,60.880001068115234
motor,2025-03-31 13:00:35.800317,66.80000305175781,61.04999923706055
motor,2025-03-31 13:00:35.830316,66.80000305175781,60.529998779296875
motor,2025-03-31 13:00:35.840374,66.80000305175781,59.81999969482422
motor,2025-03-31 13:00:35.864942,66.80000305175781,60.349998474121094
motor,2025-03-31 13:00:35.879772,66.80000305175781,62.63999938964844
motor,2025-03-31 13:00:35.900463,67.19999694824219,62.810001373291016
motor,2025-03-31 13:00:35.931799,67.19999694824219,63.16999816894531
motor,2025-03-31 13:00:35.940226,67.69999694824219,65.80999755859375
motor,2025-03-31 13:00:35.968554,68.0,68.08999633789062
motor,2025-03-31 13:00:35.979887,68.4000015258789,69.33000183105469
motor,2025-03-31 13:00:36.000247,69.4000015258789,70.20999908447266
motor,2025-03-31 13:00:36.020324,71.4000015258789,72.1500015258789
motor,2025-03-31 13:00:36.040486,73.19999694824219,74.26000213623047
odom,2025-03-31 13:00:36.042200,1.3038318291591657,-0.9147733597710299,65.2370818207352,-1.0799272717809747,-0.11507778785625315,8.425591982435078
motor,2025-03-31 13:00:36.064477,79.0999984741211,76.0199966430664
motor,2025-03-31 13:00:36.079972,87.4000015258789,76.44999694824219
motor,2025-03-31 13:00:36.100237,91.0,77.8499984741211
motor,2025-03-31 13:00:36.121340,90.9000015258789,80.48999786376953
motor,2025-03-31 13:00:36.140333,91.0999984741211,82.33999633789062
motor,2025-03-31 13:00:36.160498,91.30000305175781,83.94000244140625
motor,2025-03-31 13:00:36.180171,91.5,85.94999694824219
motor,2025-03-31 13:00:36.200293,95.80000305175781,88.86000061035156
motor,2025-03-31 13:00:36.220263,97.19999694824219,91.23999786376953
motor,2025-03-31 13:00:36.240035,98.69999694824219,94.2300033569336
motor,2025-03-31 13:00:36.259939,99.80000305175781,96.33000183105469
motor,2025-03-31 13:00:36.279764,101.4000015258789,98.97000122070312
motor,2025-03-31 13:00:36.299557,102.30000305175781,101.43000030517578
odom,2025-03-31 13:00:36.306722,1.372027261863444,-0.784184448168793,55.377859500067615,-1.1914818562097091,-0.14730726230051253,7.8763377621284185
motor,2025-03-31 13:00:36.319572,104.30000305175781,104.06999969482422
motor,2025-03-31 13:00:36.343091,104.9000015258789,106.19000244140625
motor,2025-03-31 13:00:36.360277,105.4000015258789,108.66000366210938
motor,2025-03-31 13:00:36.379983,106.5,110.66000366210938
motor,2025-03-31 13:00:36.404291,107.0999984741211,112.69999694824219
motor,2025-03-31 13:00:36.420018,108.0999984741211,114.44999694824219
motor,2025-03-31 13:00:36.441244,108.4000015258789,116.05000305175781
motor,2025-03-31 13:00:36.459976,109.0,117.69999694824219
motor,2025-03-31 13:00:36.482659,109.5,119.55999755859375
motor,2025-03-31 13:00:36.507999,110.19999694824219,121.05999755859375
motor,2025-03-31 13:00:36.520126,111.5,122.63999938964844
motor,2025-03-31 13:00:36.546959,112.0,123.86000061035156
motor,2025-03-31 13:00:36.562017,112.30000305175781,125.11000061035156
motor,2025-03-31 13:00:36.582544,112.5999984741211,125.97000122070312
motor,2025-03-31 13:00:36.608958,112.80000305175781,127.12999725341797
odom,2025-03-31 13:00:36.613983,1.4787249058647427,-0.6832162773901976,44.549759535136694,-1.194967405874217,0.023573390946922155,6.326275043127848
motor,2025-03-31 13:00:36.619980,113.69999694824219,127.75
motor,2025-03-31 13:00:36.645921,114.5,128.9600067138672
motor,2025-03-31 13:00:36.661657,114.5999984741211,129.9499969482422
motor,2025-03-31 13:00:36.682395,114.69999694824219,130.5399932861328
motor,2025-03-31 13:00:36.700178,114.80000305175781,130.89999389648438
motor,2025-03-31 13:00:36.725289,115.30000305175781,131.4199981689453
motor,2025-03-31 13:00:36.748279,116.4000015258789,131.60000610351562
motor,2025-03-31 13:00:36.764083,116.80000305175781,131.9499969482422
motor,2025-03-31 13:00:36.781344,116.80000305175781,132.3000030517578
motor,2025-03-31 13:00:36.800601,117.30000305175781,132.47999572753906
motor,2025-03-31 13:00:36.820366,117.69999694824219,132.6699981689453
motor,2025-03-31 13:00:36.849857,118.0999984741211,133.3800048828125
motor,2025-03-31 13:00:36.863806,118.19999694824219,133.5399932861328
motor,2025-03-31 13:00:36.889452,118.5999984741211,133.69000244140625
odom,2025-03-31 13:00:36.898690,1.607407648626959,-0.5843990869561688,34.40546863943371,-1.199771260178966,-0.06530639554464973,4.447020276369458
motor,2025-03-31 13:00:36.910115,118.5,133.8000030517578
motor,2025-03-31 13:00:36.921378,118.69999694824219,133.82000732421875
motor,2025-03-31 13:00:36.939922,118.69999694824219,133.5500030517578
motor,2025-03-31 13:00:36.960140,118.5999984741211,133.36000061035156
motor,2025-03-31 13:00:36.980337,118.5999984741211,133.36000061035156
motor,2025-03-31 13:00:36.999627,118.5999984741211,133.5399932861328
motor,2025-03-31 13:00:37.020268,118.5999984741211,134.24000549316406
motor,2025-03-31 13:00:37.039960,118.9000015258789,133.88999938964844
motor,2025-03-31 13:00:37.059965,118.9000015258789,133.33999633789062
motor,2025-03-31 13:00:37.079897,118.80000305175781,133.8699951171875
motor,2025-03-31 13:00:37.099943,118.80000305175781,134.1300048828125
motor,2025-03-31 13:00:37.120482,118.80000305175781,134.66000366210938
motor,2025-03-31 13:00:37.145269,118.9000015258789,134.24000549316406
motor,2025-03-31 13:00:37.161882,118.9000015258789,133.17999267578125
motor,2025-03-31 13:00:37.185860,118.9000015258789,133.0800018310547
motor,2025-03-31 13:00:37.199976,118.9000015258789,133.88999938964844
odom,2025-03-31 13:00:37.201070,1.7536169086281759,-0.5091788223119769,24.055684140191918,-1.3362679455781785,-0.0739784507517834,3.417339292222395
motor,2025-03-31 13:00:37.220209,118.9000015258789,134.41000366210938
motor,2025-03-31 13:00:37.240171,118.9000015258789,134.25999450683594
motor,2025-03-31 13:00:37.260506,118.9000015258789,132.80999755859375
motor,2025-03-31 13:00:37.280256,118.9000015258789,133.10000610351562
motor,2025-03-31 13:00:37.300214,118.9000015258789,133.7100067138672
motor,2025-03-31 13:00:37.335399,118.9000015258789,134.24000549316406
motor,2025-03-31 13:00:37.339970,118.80000305175781,134.05999755859375
motor,2025-03-31 13:00:37.362246,118.9000015258789,133.36000061035156
motor,2025-03-31 13:00:37.380394,118.9000015258789,133.7100067138672
motor,2025-03-31 13:00:37.402022,118.9000015258789,133.88999938964844
motor,2025-03-31 13:00:37.420246,118.9000015258789,133.5500030517578
motor,2025-03-31 13:00:37.440626,118.80000305175781,133.11000061035156
motor,2025-03-31 13:00:37.469743,119.0,133.17999267578125
odom,2025-03-31 13:00:37.471108,1.90044298993242,-0.4756401720569622,13.592079978311816,-1.2243904891594057,0.015495690203485273,1.928724925924559
motor,2025-03-31 13:00:37.480635,118.9000015258789,133.36000061035156
motor,2025-03-31 13:00:37.504486,119.0999984741211,133.36000061035156
motor,2025-03-31 13:00:37.522744,118.80000305175781,133.00999450683594
motor,2025-03-31 13:00:37.545337,119.0999984741211,133.17999267578125
motor,2025-03-31 13:00:37.574240,119.0999984741211,134.05999755859375
motor,2025-03-31 13:00:37.581644,119.0999984741211,133.89999389648438
motor,2025-03-31 13:00:37.602011,119.0999984741211,133.3800048828125
motor,2025-03-31 13:00:37.620758,118.9000015258789,132.47999572753906
motor,2025-03-31 13:00:37.641426,119.0999984741211,133.5500030517578
motor,2025-03-31 13:00:37.669370,119.0999984741211,134.0800018310547
motor,2025-03-31 13:00:37.680362,119.0999984741211,133.3800048828125
motor,2025-03-31 13:00:37.702690,119.0999984741211,132.32000732421875
motor,2025-03-31 13:00:37.722960,119.0999984741211,132.3000030517578
motor,2025-03-31 13:00:37.740726,119.0,133.00999450683594
motor,2025-03-31 13:00:37.760121,118.9000015258789,134.39999389648438
odom,2025-03-31 13:00:37.775424,2.0384800672158727,-0.4581386737081713,2.9867694526443094,-1.0278211058994726,-0.07618396790574548,0.38612479455209603
motor,2025-03-31 13:00:37.779854,118.80000305175781,133.25
motor,2025-03-31 13:00:37.799867,118.80000305175781,132.47999572753906
motor,2025-03-31 13:00:37.819853,118.80000305175781,132.9199981689453
motor,2025-03-31 13:00:37.845673,119.0999984741211,133.7100067138672
motor,2025-03-31 13:00:37.878306,118.9000015258789,133.36000061035156
motor,2025-03-31 13:00:37.926777,119.0999984741211,129.13999938964844
motor,2025-03-31 13:00:37.927274,119.0,127.04000091552734
motor,2025-03-31 13:00:37.940406,119.0999984741211,120.69000244140625
motor,2025-03-31 13:00:37.960133,119.0999984741211,118.2300033569336
motor,2025-03-31 13:00:37.981226,119.0999984741211,116.02999877929688
motor,2025-03-31 13:00:38.004786,119.0999984741211,113.29000091552734
odom,2025-03-31 13:00:38.047369,2.191026442088553,-0.4717577735766705,-7.420660883072825,-1.2454320677430684,-0.050433426625905435,-1.0540713097275511
motor,2025-03-31 13:00:38.049477,119.0999984741211,110.58000183105469
motor,2025-03-31 13:00:38.049872,119.0,108.55000305175781
motor,2025-03-31 13:00:38.083936,119.0999984741211,106.3499984741211
motor,2025-03-31 13:00:38.084293,119.0999984741211,105.83000183105469
motor,2025-03-31 13:00:38.101027,119.0999984741211,104.68000030517578
motor,2025-03-31 13:00:38.126345,119.0999984741211,103.97000122070312
motor,2025-03-31 13:00:38.140296,119.0999984741211,102.6500015258789
motor,2025-03-31 13:00:38.160465,119.0999984741211,101.43000030517578
motor,2025-03-31 13:00:38.180934,119.0999984741211,99.48999786376953
motor,2025-03-31 13:00:38.204641,119.0999984741211,97.37999725341797
motor,2025-03-31 13:00:38.222166,119.0999984741211,94.37999725341797
motor,2025-03-31 13:00:38.244180,119.0999984741211,92.2699966430664
motor,2025-03-31 13:00:38.260899,119.0,90.69999694824219
motor,2025-03-31 13:00:38.282781,118.9000015258789,89.63999938964844
odom,2025-03-31 13:00:38.294729,2.327840789231559,-0.5088182479415135,-17.68663534498182,-1.04791237345312,-0.046302514860105934,-2.2843538605329448
motor,2025-03-31 13:00:38.299403,119.0,88.41000366210938
motor,2025-03-31 13:00:38.323519,119.0999984741211,87.44000244140625
motor,2025-03-31 13:00:38.389250,119.0999984741211,86.91999816894531
motor,2025-03-31 13:00:38.389613,119.0999984741211,88.05999755859375
motor,2025-03-31 13:00:38.409520,119.0999984741211,88.76000213623047
motor,2025-03-31 13:00:38.427246,118.80000305175781,89.11000061035156
motor,2025-03-31 13:00:38.444695,119.0,89.27999877929688
motor,2025-03-31 13:00:38.491887,119.0999984741211,89.37999725341797
motor,2025-03-31 13:00:38.492271,119.0,89.62999725341797
motor,2025-03-31 13:00:38.519705,119.0999984741211,89.63999938964844
motor,2025-03-31 13:00:38.550304,119.0999984741211,89.11000061035156
motor,2025-03-31 13:00:38.550708,119.0999984741211,87.87000274658203
odom,2025-03-31 13:00:38.591586,2.4793735991320616,-0.5513630143448988,-28.365843429040762,-1.2501954516425218,-0.281355793812712,-4.030850958253011
motor,2025-03-31 13:00:38.618689,119.0999984741211,84.36000061035156
motor,2025-03-31 13:00:38.619030,118.80000305175781,82.5999984741211
motor,2025-03-31 13:00:38.631230,119.0999984741211,81.37000274658203
motor,2025-03-31 13:00:38.640188,119.0999984741211,79.69999694824219
motor,2025-03-31 13:00:38.660207,119.0999984741211,77.94000244140625
motor,2025-03-31 13:00:38.698302,119.0999984741211,76.44000244140625
motor,2025-03-31 13:00:38.700061,118.80000305175781,74.86000061035156
motor,2025-03-31 13:00:38.722401,119.0,73.62999725341797
motor,2025-03-31 13:00:38.740169,119.0999984741211,72.73999786376953
motor,2025-03-31 13:00:38.760485,119.0,71.87000274658203
motor,2025-03-31 13:00:38.794692,119.0999984741211,71.61000061035156
motor,2025-03-31 13:00:38.804110,119.0999984741211,71.16999816894531
motor,2025-03-31 13:00:38.820265,119.0999984741211,70.9800033569336
odom,2025-03-31 13:00:38.846787,2.603302933827394,-0.6239447409495522,-38.13230720379961,-1.159244095933434,-0.15830343728938326,-5.421803000306919
motor,2025-03-31 13:00:38.851337,119.0999984741211,70.54000091552734
motor,2025-03-31 13:00:38.860469,119.0999984741211,70.0199966430664
motor,2025-03-31 13:00:38.879354,119.0999984741211,70.0199966430664
motor,2025-03-31 13:00:38.901572,119.0,69.41000366210938
motor,2025-03-31 13:00:38.943821,119.0999984741211,69.30999755859375
motor,2025-03-31 13:00:38.944519,119.0,69.48999786376953
motor,2025-03-31 13:00:38.964540,118.9000015258789,69.93000030517578
motor,2025-03-31 13:00:39.003047,118.80000305175781,71.86000061035156
motor,2025-03-31 13:00:39.003406,118.9000015258789,75.4800033569336
motor,2025-03-31 13:00:39.021398,119.0999984741211,77.58999633789062
motor,2025-03-31 13:00:39.048395,119.0999984741211,79.26000213623047
motor,2025-03-31 13:00:39.061293,119.0999984741211,80.30999755859375
motor,2025-03-31 13:00:39.083218,118.80000305175781,81.54000091552734
motor,2025-03-31 13:00:39.105262,119.0999984741211,82.16999816894531
motor,2025-03-31 13:00:39.120512,119.0,82.41000366210938
motor,2025-03-31 13:00:39.144693,119.0,82.94000244140625
odom,2025-03-31 13:00:39.158866,2.689638914347941,-0.7161249559616758,-46.53241972201056,-0.9344239287276679,0.005588301628241777,-6.008824452892877
motor,2025-03-31 13:00:39.159998,119.0999984741211,82.58000183105469
motor,2025-03-31 13:00:39.180308,118.9000015258789,82.69000244140625
motor,2025-03-31 13:00:39.204244,119.0,82.94000244140625
motor,2025-03-31 13:00:39.220121,119.0999984741211,83.12000274658203
motor,2025-03-31 13:00:39.244591,118.9000015258789,83.12999725341797
motor,2025-03-31 13:00:39.260214,119.0999984741211,82.5199966430664
motor,2025-03-31 13:00:39.279862,119.0999984741211,81.9000015258789
motor,2025-03-31 13:00:39.305981,119.0999984741211,81.29000091552734
motor,2025-03-31 13:00:39.320458,119.0999984741211,81.19000244140625
motor,2025-03-31 13:00:39.347028,119.0999984741211,81.11000061035156
motor,2025-03-31 13:00:39.359784,118.9000015258789,81.11000061035156
motor,2025-03-31 13:00:39.385085,118.80000305175781,81.36000061035156
motor,2025-03-31 13:00:39.413358,118.80000305175781,81.55000305175781
odom,2025-03-31 13:00:39.416646,2.7360737158090176,-0.7991008560594083,-53.12591959175471,-0.7676729441113694,0.1030011999319284,-7.5530382567686365
motor,2025-03-31 13:00:39.432963,119.0999984741211,81.45999908447266
motor,2025-03-31 13:00:39.439855,118.9000015258789,81.01000213623047
motor,2025-03-31 13:00:39.459890,118.9000015258789,81.11000061035156
motor,2025-03-31 13:00:39.483336,118.80000305175781,80.83000183105469
motor,2025-03-31 13:00:39.510929,118.69999694824219,81.19999694824219
motor,2025-03-31 13:00:39.520444,118.5,81.11000061035156
motor,2025-03-31 13:00:39.540189,115.5,81.11000061035156
motor,2025-03-31 13:00:39.560155,114.0,81.11000061035156
motor,2025-03-31 13:00:39.580252,114.0,81.0199966430664
motor,2025-03-31 13:00:39.599913,110.19999694824219,81.11000061035156
motor,2025-03-31 13:00:39.620149,108.4000015258789,81.54000091552734
motor,2025-03-31 13:00:39.640080,102.0999984741211,82.95999908447266
motor,2025-03-31 13:00:39.660062,99.19999694824219,83.66000366210938
odom,2025-03-31 13:00:39.679389,2.7819402531041812,-0.8751114339838548,-60.22489050747735,-0.7228792328201583,-0.016816430751105903,-8.561235068334332
motor,2025-03-31 13:00:39.680528,94.69999694824219,83.75
motor,2025-03-31 13:00:39.700045,91.0999984741211,84.87999725341797
motor,2025-03-31 13:00:39.719772,90.9000015258789,85.7699966430664
motor,2025-03-31 13:00:39.739667,91.0,86.30000305175781
motor,2025-03-31 13:00:39.759735,90.80000305175781,87.18000030517578
motor,2025-03-31 13:00:39.780027,90.69999694824219,88.05000305175781
motor,2025-03-31 13:00:39.800268,90.69999694824219,89.91000366210938
motor,2025-03-31 13:00:39.820060,90.5,89.81999969482422
motor,2025-03-31 13:00:39.839701,89.9000015258789,90.18000030517578
motor,2025-03-31 13:00:39.862591,89.0,90.5199966430664
motor,2025-03-31 13:00:39.879786,87.0,91.23999786376953
motor,2025-03-31 13:00:39.901604,86.19999694824219,91.7699966430664
motor,2025-03-31 13:00:39.922049,84.9000015258789,92.62999725341797
odom,2025-03-31 13:00:39.938213,2.7949098567778385,-0.9547157408511717,-65.89334378354688,-0.5771826463283538,0.15306954601538877,-8.514631793325618
motor,2025-03-31 13:00:39.939765,82.5999984741211,94.12999725341797
motor,2025-03-31 13:00:39.962621,81.30000305175781,95.26000213623047
motor,2025-03-31 13:00:39.979779,79.80000305175781,96.23999786376953
motor,2025-03-31 13:00:40.000165,78.0,97.37999725341797
motor,2025-03-31 13:00:40.028794,77.69999694824219,98.16000366210938
motor,2025-03-31 13:00:40.039748,77.19999694824219,98.87999725341797
motor,2025-03-31 13:00:40.061757,76.69999694824219,99.68000030517578
motor,2025-03-31 13:00:40.079809,75.0999984741211,101.33000183105469
motor,2025-03-31 13:00:40.099958,75.0999984741211,101.5999984741211
motor,2025-03-31 13:00:40.125175,74.30000305175781,102.30999755859375
motor,2025-03-31 13:00:40.140179,74.0,103.0
motor,2025-03-31 13:00:40.162257,73.5,103.36000061035156
odom,2025-03-31 13:00:40.175467,2.8020537660649216,-1.0362860558598903,-71.67449953222327,-0.6489222154370118,0.15364176281385375,-10.187957457294274
motor,2025-03-31 13:00:40.180122,73.19999694824219,103.9800033569336
motor,2025-03-31 13:00:40.199903,72.5999984741211,104.61000061035156
motor,2025-03-31 13:00:40.227528,72.0999984741211,105.12000274658203
motor,2025-03-31 13:00:40.239910,71.4000015258789,105.83000183105469
motor,2025-03-31 13:00:40.262681,71.0999984741211,106.0
motor,2025-03-31 13:00:40.280469,70.9000015258789,106.52999877929688
motor,2025-03-31 13:00:40.300163,70.9000015258789,106.52999877929688
motor,2025-03-31 13:00:40.329724,70.9000015258789,107.5
motor,2025-03-31 13:00:40.339573,70.9000015258789,107.58999633789062
motor,2025-03-31 13:00:40.359377,70.9000015258789,107.94000244140625
motor,2025-03-31 13:00:40.380916,70.9000015258789,108.37999725341797
motor,2025-03-31 13:00:40.399892,70.9000015258789,108.63999938964844
odom,2025-03-31 13:00:40.410019,2.816302142307941,-1.1231017444281863,-78.7338332222617,-0.6504453522252068,0.02209752350883451,-10.165533188198054
motor,2025-03-31 13:00:40.433662,70.9000015258789,108.81999969482422
motor,2025-03-31 13:00:40.440031,70.9000015258789,109.58999633789062
motor,2025-03-31 13:00:40.460609,71.0,109.95999908447266
motor,2025-03-31 13:00:40.483777,70.9000015258789,110.75
motor,2025-03-31 13:00:40.500278,70.9000015258789,111.62999725341797
motor,2025-03-31 13:00:40.520241,70.9000015258789,112.33999633789062
motor,2025-03-31 13:00:40.540262,70.9000015258789,112.86000061035156
motor,2025-03-31 13:00:40.576201,70.9000015258789,113.93000030517578
motor,2025-03-31 13:00:40.580094,71.0999984741211,115.05000305175781
motor,2025-03-31 13:00:40.599851,70.9000015258789,115.8499984741211
motor,2025-03-31 13:00:40.620267,70.9000015258789,116.81999969482422
motor,2025-03-31 13:00:40.640184,71.0999984741211,117.0999984741211
motor,2025-03-31 13:00:40.659812,70.9000015258789,117.37000274658203
motor,2025-03-31 13:00:40.680012,70.9000015258789,117.80999755859375
motor,2025-03-31 13:00:40.700311,70.9000015258789,118.41000366210938
motor,2025-03-31 13:00:40.721018,71.0999984741211,118.76000213623047
motor,2025-03-31 13:00:40.741675,71.0999984741211,119.63999938964844
odom,2025-03-31 13:00:40.749022,2.8217502286847784,-1.2177984791871372,-86.72579977637538,-0.7718509489931923,-0.00024925448822661687,-12.31704774340943
motor,2025-03-31 13:00:40.760187,71.0999984741211,120.16000366210938
motor,2025-03-31 13:00:40.780184,71.0999984741211,120.5199966430664
motor,2025-03-31 13:00:40.800168,71.0999984741211,121.22000122070312
motor,2025-03-31 13:00:40.820300,71.0999984741211,121.19999694824219
motor,2025-03-31 13:00:40.843543,71.0999984741211,121.37999725341797
motor,2025-03-31 13:00:40.860371,71.19999694824219,121.55999755859375
motor,2025-03-31 13:00:40.880763,71.0999984741211,121.83999633789062
motor,2025-03-31 13:00:40.900128,71.5999984741211,121.91000366210938
motor,2025-03-31 13:00:40.919227,71.5999984741211,122.08000183105469
motor,2025-03-31 13:00:40.948400,71.5999984741211,122.44000244140625
motor,2025-03-31 13:00:40.959665,71.5999984741211,122.62999725341797
motor,2025-03-31 13:00:40.983265,71.69999694824219,122.54000091552734
odom,2025-03-31 13:00:40.997817,2.8193778616430447,-1.3222419481558647,-94.44931375243108,-0.8490444064520636,-0.046697440080738124,-13.417425550178043
motor,2025-03-31 13:00:41.000320,71.5999984741211,122.80000305175781
motor,2025-03-31 13:00:41.020619,71.5999984741211,122.9800033569336
motor,2025-03-31 13:00:41.045795,71.69999694824219,123.13999938964844
motor,2025-03-31 13:00:41.060092,71.69999694824219,122.9800033569336
motor,2025-03-31 13:00:41.088060,71.80000305175781,123.33000183105469
motor,2025-03-31 13:00:41.099928,71.69999694824219,123.7699966430664
motor,2025-03-31 13:00:41.120219,71.69999694824219,123.16000366210938
motor,2025-03-31 13:00:41.148775,71.9000015258789,122.44000244140625
motor,2025-03-31 13:00:41.160137,71.9000015258789,122.01000213623047
motor,2025-03-31 13:00:41.180302,71.9000015258789,121.91999816894531
motor,2025-03-31 13:00:41.200176,71.9000015258789,121.66000366210938
motor,2025-03-31 13:00:41.220127,71.9000015258789,121.22000122070312
motor,2025-03-31 13:00:41.250994,71.9000015258789,120.25
motor,2025-03-31 13:00:41.260226,71.9000015258789,119.45999908447266
motor,2025-03-31 13:00:41.279784,71.9000015258789,119.11000061035156
motor,2025-03-31 13:00:41.300527,71.9000015258789,118.76000213623047
motor,2025-03-31 13:00:41.320297,71.9000015258789,118.51000213623047
motor,2025-03-31 13:00:41.340732,71.9000015258789,117.62999725341797
motor,2025-03-31 13:00:41.364410,71.9000015258789,116.6500015258789
motor,2025-03-31 13:00:41.380469,71.9000015258789,115.69000244140625
motor,2025-03-31 13:00:41.407515,71.9000015258789,115.41000366210938
odom,2025-03-31 13:00:41.409465,2.8112496891078522,-1.4207195724770176,-102.92068477183659,-0.724093856738127,-0.10437293281069344,-13.299292131711635
motor,2025-03-31 13:00:41.420108,71.9000015258789,115.05999755859375
motor,2025-03-31 13:00:41.441946,71.9000015258789,114.54000091552734
motor,2025-03-31 13:00:41.459883,71.9000015258789,114.36000061035156
motor,2025-03-31 13:00:41.480264,71.9000015258789,112.52999877929688
motor,2025-03-31 13:00:41.500019,71.9000015258789,111.81999969482422
motor,2025-03-31 13:00:41.520042,71.9000015258789,111.6500015258789
motor,2025-03-31 13:00:41.540474,71.9000015258789,111.27999877929688
motor,2025-03-31 13:00:41.559592,71.9000015258789,110.66000366210938
motor,2025-03-31 13:00:41.580727,71.80000305175781,110.41999816894531
motor,2025-03-31 13:00:41.602735,71.9000015258789,109.36000061035156
motor,2025-03-31 13:00:41.620067,71.9000015258789,109.54000091552734
motor,2025-03-31 13:00:41.640064,71.80000305175781,109.70999908447266
motor,2025-03-31 13:00:41.660095,71.80000305175781,109.80000305175781
motor,2025-03-31 13:00:41.679635,71.80000305175781,109.55000305175781
odom,2025-03-31 13:00:41.693542,2.766833249075541,-1.522388691466985,-111.65826478732178,-0.9024709028743962,0.030583569235077414,-15.861043833542366
motor,2025-03-31 13:00:41.702526,71.80000305175781,109.0999984741211
motor,2025-03-31 13:00:41.720050,71.80000305175781,108.30000305175781
motor,2025-03-31 13:00:41.740023,71.80000305175781,108.12999725341797
motor,2025-03-31 13:00:41.762204,71.80000305175781,108.12999725341797
motor,2025-03-31 13:00:41.779826,71.4000015258789,107.94999694824219
motor,2025-03-31 13:00:41.804305,71.80000305175781,108.30000305175781
motor,2025-03-31 13:00:41.821475,71.80000305175781,107.41999816894531
motor,2025-03-31 13:00:41.839855,71.80000305175781,107.31999969482422
motor,2025-03-31 13:00:41.864394,71.69999694824219,107.06999969482422
motor,2025-03-31 13:00:41.879694,71.4000015258789,106.95999908447266
motor,2025-03-31 13:00:41.907125,71.80000305175781,107.1500015258789
motor,2025-03-31 13:00:41.920135,71.80000305175781,106.87999725341797
motor,2025-03-31 13:00:41.940156,71.69999694824219,106.72000122070312
motor,2025-03-31 13:00:41.967348,71.69999694824219,106.79000091552734
motor,2025-03-31 13:00:41.980275,71.69999694824219,107.30999755859375
odom,2025-03-31 13:00:41.998892,2.7193555273565058,-1.6131034728669384,-120.12942529858054,-0.8328432224200083,-0.036407216502037286,-17.070863770475295
motor,2025-03-31 13:00:42.000010,71.69999694824219,106.70999908447266
motor,2025-03-31 13:00:42.020497,71.80000305175781,106.97000122070312
motor,2025-03-31 13:00:42.040216,71.69999694824219,106.80999755859375
motor,2025-03-31 13:00:42.069584,71.69999694824219,106.9800033569336
motor,2025-03-31 13:00:42.080086,71.9000015258789,106.45999908447266
motor,2025-03-31 13:00:42.100479,71.9000015258789,106.3499984741211
motor,2025-03-31 13:00:42.120137,71.9000015258789,105.83000183105469
motor,2025-03-31 13:00:42.140088,71.69999694824219,105.6500015258789
motor,2025-03-31 13:00:42.160101,71.9000015258789,105.6500015258789
motor,2025-03-31 13:00:42.180274,72.0,105.4800033569336
motor,2025-03-31 13:00:42.200792,71.9000015258789,105.04000091552734
motor,2025-03-31 13:00:42.220688,71.69999694824219,104.5999984741211
motor,2025-03-31 13:00:42.241097,71.69999694824219,103.9800033569336
motor,2025-03-31 13:00:42.261021,71.69999694824219,103.91000366210938
motor,2025-03-31 13:00:42.280232,71.80000305175781,103.7300033569336
odom,2025-03-31 13:00:42.283395,2.6625803946150994,-1.6899696571237401,-128.53582775780416,-0.7063133605305665,-0.025719142779632758,-16.592351911042766
motor,2025-03-31 13:00:42.302446,71.69999694824219,102.83999633789062
motor,2025-03-31 13:00:42.320374,71.69999694824219,101.97000122070312
motor,2025-03-31 13:00:42.340155,71.80000305175781,102.2300033569336
motor,2025-03-31 13:00:42.359436,71.69999694824219,101.43000030517578
motor,2025-03-31 13:00:42.379350,71.69999694824219,101.08000183105469
motor,2025-03-31 13:00:42.400099,71.19999694824219,101.33999633789062
motor,2025-03-31 13:00:42.419759,71.9000015258789,100.70999908447266
motor,2025-03-31 13:00:42.439932,71.80000305175781,99.86000061035156
motor,2025-03-31 13:00:42.460387,71.9000015258789,99.66999816894531
motor,2025-03-31 13:00:42.479986,71.5999984741211,99.48999786376953
motor,2025-03-31 13:00:42.500295,71.69999694824219,99.38999938964844
motor,2025-03-31 13:00:42.522290,71.80000305175781,99.31999969482422
motor,2025-03-31 13:00:42.540293,71.9000015258789,99.13999938964844
motor,2025-03-31 13:00:42.560341,71.9000015258789,98.9800033569336
motor,2025-03-31 13:00:42.581518,71.80000305175781,98.97000122070312
motor,2025-03-31 13:00:42.607353,71.69999694824219,98.97000122070312
motor,2025-03-31 13:00:42.627341,71.69999694824219,99.31999969482422
motor,2025-03-31 13:00:42.642308,71.69999694824219,99.91999816894531
motor,2025-03-31 13:00:42.660473,71.69999694824219,100.20999908447266
odom,2025-03-31 13:00:42.672657,2.5973411726822975,-1.7475902185786765,-136.29987926255006,-0.7090109092393269,0.02783907098488294,-19.392427233830123
motor,2025-03-31 13:00:42.683810,71.5999984741211,101.2699966430664
motor,2025-03-31 13:00:42.700619,71.9000015258789,101.79000091552734
motor,2025-03-31 13:00:42.724438,71.80000305175781,102.4800033569336
motor,2025-03-31 13:00:42.740457,71.69999694824219,103.37999725341797
motor,2025-03-31 13:00:42.760217,71.69999694824219,103.9800033569336
motor,2025-03-31 13:00:42.785745,71.9000015258789,104.43000030517578
motor,2025-03-31 13:00:42.800241,71.9000015258789,105.6500015258789
motor,2025-03-31 13:00:42.829217,71.9000015258789,106.3499984741211
motor,2025-03-31 13:00:42.841367,71.9000015258789,107.5
motor,2025-03-31 13:00:42.860101,71.69999694824219,108.47000122070312
motor,2025-03-31 13:00:42.893452,71.9000015258789,109.7699966430664
motor,2025-03-31 13:00:42.900173,71.9000015258789,111.19000244140625
motor,2025-03-31 13:00:42.931833,72.0,112.5999984741211
motor,2025-03-31 13:00:42.939373,71.69999694824219,113.4800033569336
motor,2025-03-31 13:00:42.959450,71.9000015258789,114.44999694824219
motor,2025-03-31 13:00:42.990110,71.9000015258789,115.58000183105469
motor,2025-03-31 13:00:42.999594,71.9000015258789,116.47000122070312
motor,2025-03-31 13:00:43.020266,72.0,117.52999877929688
motor,2025-03-31 13:00:43.040611,71.9000015258789,117.97000122070312
odom,2025-03-31 13:00:43.054079,2.518445949492441,-1.806800664700641,-144.9074825399177,-0.8027761007436972,-0.0251653893976072,-20.592642687130912
motor,2025-03-31 13:00:43.060225,71.9000015258789,119.11000061035156
motor,2025-03-31 13:00:43.080977,71.5999984741211,120.44000244140625
motor,2025-03-31 13:00:43.100111,71.9000015258789,120.97000122070312
motor,2025-03-31 13:00:43.120236,71.9000015258789,121.91999816894531
motor,2025-03-31 13:00:43.139660,71.9000015258789,122.0999984741211
motor,2025-03-31 13:00:43.159781,71.9000015258789,122.44999694824219
motor,2025-03-31 13:00:43.180053,71.9000015258789,122.80000305175781
motor,2025-03-31 13:00:43.200103,71.9000015258789,124.2300033569336
motor,2025-03-31 13:00:43.220132,71.9000015258789,124.55999755859375
motor,2025-03-31 13:00:43.240025,71.9000015258789,125.0
motor,2025-03-31 13:00:43.260324,71.9000015258789,125.2699966430664
motor,2025-03-31 13:00:43.280186,71.9000015258789,125.27999877929688
motor,2025-03-31 13:00:43.299692,71.9000015258789,125.70999908447266
motor,2025-03-31 13:00:43.320209,71.9000015258789,125.77999877929688
motor,2025-03-31 13:00:43.341234,71.9000015258789,126.12999725341797
odom,2025-03-31 13:00:43.351127,2.4234459379488316,-1.869157819774958,-152.98510490305205,-0.8357857621676927,-0.09176434301515339,-19.756178756101075
motor,2025-03-31 13:00:43.360272,72.0,126.30999755859375
motor,2025-03-31 13:00:43.381243,72.0,126.8499984741211
motor,2025-03-31 13:00:43.406101,71.9000015258789,127.22000122070312
motor,2025-03-31 13:00:43.420874,71.9000015258789,127.7300033569336
motor,2025-03-31 13:00:43.445344,72.0,127.55000305175781
motor,2025-03-31 13:00:43.465843,71.9000015258789,127.30999755859375
motor,2025-03-31 13:00:43.480076,71.9000015258789,127.81999969482422
motor,2025-03-31 13:00:43.502429,71.9000015258789,127.91999816894531
motor,2025-03-31 13:00:43.519687,71.9000015258789,127.7300033569336
motor,2025-03-31 13:00:43.545283,72.0,128.0800018310547
motor,2025-03-31 13:00:43.565373,71.9000015258789,127.55000305175781
odom,2025-03-31 13:00:43.577569,2.32004448358473,-1.896195511848177,-160.45234571663536,-0.8678114781252003,0.07430449822850747,-22.821642313223197
motor,2025-03-31 13:00:43.579672,71.9000015258789,127.7300033569336
motor,2025-03-31 13:00:43.604084,71.9000015258789,128.58999633789062
motor,2025-03-31 13:00:43.619736,71.9000015258789,128.42999267578125
motor,2025-03-31 13:00:43.643791,71.9000015258789,126.5
motor,2025-03-31 13:00:43.660283,71.9000015258789,124.91000366210938
motor,2025-03-31 13:00:43.679753,71.9000015258789,124.04000091552734
motor,2025-03-31 13:00:43.706866,71.9000015258789,123.16000366210938
motor,2025-03-31 13:00:43.720850,72.0,121.91999816894531
motor,2025-03-31 13:00:43.741066,72.0999984741211,120.5
motor,2025-03-31 13:00:43.760851,72.0999984741211,118.56999969482422
motor,2025-03-31 13:00:43.780614,74.0,116.12000274658203
odom,2025-03-31 13:00:43.800769,2.187764395685782,-1.935513952094705,-164.76747699596052,-1.0202178010268128,-0.02353210668741802,-21.26565026213371
motor,2025-03-31 13:00:43.809617,83.30000305175781,113.76000213623047
motor,2025-03-31 13:00:43.821791,90.80000305175781,113.45999908447266
motor,2025-03-31 13:00:43.874705,91.0,112.77999877929688
motor,2025-03-31 13:00:43.875063,91.0,111.62999725341797
motor,2025-03-31 13:00:43.879874,91.0999984741211,110.13999938964844
motor,2025-03-31 13:00:43.899731,91.30000305175781,108.63999938964844
motor,2025-03-31 13:00:43.919828,91.9000015258789,107.76000213623047
motor,2025-03-31 13:00:43.940484,94.0,107.2300033569336
motor,2025-03-31 13:00:43.961835,96.19999694824219,106.77999877929688
motor,2025-03-31 13:00:43.986183,97.80000305175781,106.27999877929688
motor,2025-03-31 13:00:44.000139,100.0999984741211,105.19999694824219
motor,2025-03-31 13:00:44.020716,100.0999984741211,105.19999694824219
motor,2025-03-31 13:00:44.040365,102.19999694824219,103.80000305175781
motor,2025-03-31 13:00:44.060195,103.0,102.47000122070312
motor,2025-03-31 13:00:44.079945,104.0999984741211,102.02999877929688
motor,2025-03-31 13:00:44.102907,106.0999984741211,101.1500015258789
motor,2025-03-31 13:00:44.119896,106.4000015258789,100.29000091552734
odom,2025-03-31 13:00:44.124570,2.089084768292875,-1.943782792690885,-171.73562883635302,-0.8052540410377532,0.04889133070664261,-24.418718288888115
motor,2025-03-31 13:00:44.140104,107.30000305175781,98.97000122070312
motor,2025-03-31 13:00:44.160140,107.4000015258789,97.55999755859375
motor,2025-03-31 13:00:44.182449,107.4000015258789,96.33999633789062
motor,2025-03-31 13:00:44.200077,107.4000015258789,94.38999938964844
motor,2025-03-31 13:00:44.221101,107.4000015258789,94.38999938964844
motor,2025-03-31 13:00:44.242960,107.4000015258789,93.51000213623047
motor,2025-03-31 13:00:44.259659,107.69999694824219,92.27999877929688
motor,2025-03-31 13:00:44.280167,107.69999694824219,91.2300033569336
motor,2025-03-31 13:00:44.299884,108.5,90.16999816894531
motor,2025-03-31 13:00:44.331883,108.80000305175781,88.41000366210938
odom,2025-03-31 13:00:44.357308,1.971819188694281,-1.954886620470959,-177.182366788005,-0.9590196247027002,-0.043407132123051036,-25.203507444926394
motor,2025-03-31 13:00:44.370889,108.9000015258789,87.33999633789062
motor,2025-03-31 13:00:44.371319,108.9000015258789,85.58000183105469
motor,2025-03-31 13:00:44.385263,108.9000015258789,85.58000183105469
motor,2025-03-31 13:00:44.399103,108.9000015258789,84.88999938964844
motor,2025-03-31 13:00:44.426978,108.9000015258789,84.01000213623047
motor,2025-03-31 13:00:44.441892,108.9000015258789,82.87000274658203
motor,2025-03-31 13:00:44.462597,108.9000015258789,81.63999938964844
motor,2025-03-31 13:00:44.490551,108.9000015258789,80.93000030517578
motor,2025-03-31 13:00:44.507405,108.9000015258789,80.12999725341797
motor,2025-03-31 13:00:44.525441,108.9000015258789,78.98999786376953
motor,2025-03-31 13:00:44.539794,109.0,78.11000061035156
motor,2025-03-31 13:00:44.563451,109.0,77.58999633789062
odom,2025-03-31 13:00:44.585875,1.8654355329445849,-1.9300199340362987,177.56098783945575,-0.7937038574631917,0.15022151557740313,22.91393103711013
motor,2025-03-31 13:00:44.587293,109.5,76.2699966430664
motor,2025-03-31 13:00:44.600231,109.5,75.22000122070312
motor,2025-03-31 13:00:44.627924,109.5,74.41999816894531
motor,2025-03-31 13:00:44.639817,109.5,73.9000015258789
motor,2025-03-31 13:00:44.691050,109.5,73.37000274658203
motor,2025-03-31 13:00:44.691430,109.5,73.19000244140625
motor,2025-03-31 13:00:44.699700,109.5,72.48999786376953
motor,2025-03-31 13:00:44.730100,109.5,72.13999938964844
motor,2025-03-31 13:00:44.739803,109.5,71.87000274658203
motor,2025-03-31 13:00:44.759853,109.5,71.69000244140625
motor,2025-03-31 13:00:44.781417,109.5,71.43000030517578
motor,2025-03-31 13:00:44.800873,109.5,70.91000366210938
motor,2025-03-31 13:00:44.832620,109.9000015258789,71.06999969482422
motor,2025-03-31 13:00:44.840362,110.19999694824219,70.81999969482422
motor,2025-03-31 13:00:44.859828,110.80000305175781,70.63999938964844
motor,2025-03-31 13:00:44.879887,111.0999984741211,70.7300033569336
motor,2025-03-31 13:00:44.899910,111.30000305175781,70.37999725341797
motor,2025-03-31 13:00:44.919736,111.19999694824219,69.94000244140625
odom,2025-03-31 13:00:44.934073,1.7632440362052633,-1.914258096467483,170.671562065953,-0.8413257697008497,-0.00822809984801197,24.23837309384261
motor,2025-03-31 13:00:44.939385,111.19999694824219,70.0999984741211
motor,2025-03-31 13:00:44.959352,111.30000305175781,70.02999877929688
motor,2025-03-31 13:00:44.980773,111.30000305175781,70.02999877929688
motor,2025-03-31 13:00:44.999234,111.30000305175781,69.8499984741211
motor,2025-03-31 13:00:45.019855,111.30000305175781,70.02999877929688
motor,2025-03-31 13:00:45.039835,111.30000305175781,70.19999694824219
motor,2025-03-31 13:00:45.060008,111.19999694824219,70.02999877929688
motor,2025-03-31 13:00:45.081196,111.30000305175781,69.8499984741211
motor,2025-03-31 13:00:45.100125,111.30000305175781,69.93000030517578
motor,2025-03-31 13:00:45.120711,111.30000305175781,70.02999877929688
motor,2025-03-31 13:00:45.140188,111.19999694824219,69.93000030517578
motor,2025-03-31 13:00:45.160091,111.30000305175781,69.8499984741211
motor,2025-03-31 13:00:45.183588,111.30000305175781,69.66999816894531
motor,2025-03-31 13:00:45.199749,111.19999694824219,70.0999984741211
odom,2025-03-31 13:00:45.209706,1.6506837732292934,-1.8818145409980234,165.77044968257172,-0.9524967778193717,0.030751576510666897,23.537442722076783
motor,2025-03-31 13:00:45.219775,111.19999694824219,70.02999877929688
motor,2025-03-31 13:00:45.241545,111.19999694824219,70.11000061035156
motor,2025-03-31 13:00:45.259953,111.30000305175781,69.66999816894531
motor,2025-03-31 13:00:45.280550,111.30000305175781,69.31999969482422
motor,2025-03-31 13:00:45.300815,111.19999694824219,69.13999938964844
motor,2025-03-31 13:00:45.319907,111.19999694824219,69.05999755859375
motor,2025-03-31 13:00:45.344256,111.19999694824219,68.62999725341797
motor,2025-03-31 13:00:45.360315,111.30000305175781,68.62000274658203
odom,2025-03-31 13:00:45.381459,1.5160630377678423,-1.8365915691419026,165.46128670257303,-1.0497537384234312,0.07395767264590629,21.399641416850155
motor,2025-03-31 13:00:45.390098,111.30000305175781,68.69999694824219
motor,2025-03-31 13:00:45.402535,111.19999694824219,68.61000061035156
motor,2025-03-31 13:00:45.424855,111.19999694824219,68.33999633789062
motor,2025-03-31 13:00:45.460618,111.19999694824219,68.5199966430664
motor,2025-03-31 13:00:45.461057,111.30000305175781,68.43000030517578
motor,2025-03-31 13:00:45.480302,111.30000305175781,68.08999633789062
motor,2025-03-31 13:00:45.499884,111.19999694824219,68.16999816894531
motor,2025-03-31 13:00:45.519918,111.30000305175781,68.08999633789062
motor,2025-03-31 13:00:45.548827,111.19999694824219,68.16999816894531
odom,2025-03-31 13:00:45.551288,1.4098955795745536,-1.7732735510792552,165.45342723004288,-0.9650054068909626,0.2815507901185978,23.482864278227133
motor,2025-03-31 13:00:45.560161,111.19999694824219,67.91999816894531
motor,2025-03-31 13:00:45.580173,111.30000305175781,68.08999633789062
motor,2025-03-31 13:00:45.600568,111.19999694824219,68.0
motor,2025-03-31 13:00:45.620187,111.19999694824219,68.26000213623047
motor,2025-03-31 13:00:45.652940,111.30000305175781,67.73999786376953
motor,2025-03-31 13:00:45.662554,111.19999694824219,67.81999969482422
motor,2025-03-31 13:00:45.680229,111.30000305175781,67.7300033569336
motor,2025-03-31 13:00:45.699783,111.30000305175781,68.43000030517578
motor,2025-03-31 13:00:45.720221,111.30000305175781,68.43000030517578
motor,2025-03-31 13:00:45.740194,111.19999694824219,68.36000061035156
odom,2025-03-31 13:00:45.747393,1.2919978919379822,-1.7142015464407379,167.0197310977865,-1.04359090538439,0.25310071292249686,23.73803136043815
motor,2025-03-31 13:00:45.760533,111.30000305175781,68.08000183105469
motor,2025-03-31 13:00:45.780515,111.19999694824219,67.98999786376953
motor,2025-03-31 13:00:45.818027,111.30000305175781,68.2699966430664
motor,2025-03-31 13:00:45.820082,111.19999694824219,69.1500015258789
motor,2025-03-31 13:00:45.840192,111.19999694824219,70.0999984741211
motor,2025-03-31 13:00:45.886220,111.19999694824219,71.16999816894531
motor,2025-03-31 13:00:45.886608,111.30000305175781,71.61000061035156
motor,2025-03-31 13:00:45.908975,111.19999694824219,73.08999633789062
motor,2025-03-31 13:00:45.930237,111.30000305175781,75.12999725341797
motor,2025-03-31 13:00:45.942169,111.19999694824219,76.79000091552734
motor,2025-03-31 13:00:45.969519,111.30000305175781,79.97000122070312
odom,2025-03-31 13:00:45.970764,1.1663520008246313,-1.654774360647541,170.87995628605105,-0.9884265348747701,0.2870310497212208,22.08547200351445
motor,2025-03-31 13:00:45.991865,111.19999694824219,81.70999908447266
motor,2025-03-31 13:00:46.008740,111.0,82.7699966430664
motor,2025-03-31 13:00:46.024576,111.0999984741211,83.30999755859375
motor,2025-03-31 13:00:46.041234,111.19999694824219,84.44999694824219
motor,2025-03-31 13:00:46.071104,111.19999694824219,85.76000213623047
motor,2025-03-31 13:00:46.085475,111.19999694824219,86.6500015258789
motor,2025-03-31 13:00:46.114262,111.30000305175781,87.3499984741211
motor,2025-03-31 13:00:46.122733,111.19999694824219,88.05999755859375
motor,2025-03-31 13:00:46.141746,111.30000305175781,88.58999633789062
motor,2025-03-31 13:00:46.166434,111.30000305175781,88.93000030517578
motor,2025-03-31 13:00:46.188318,111.19999694824219,89.7300033569336
motor,2025-03-31 13:00:46.207573,111.19999694824219,89.80999755859375
motor,2025-03-31 13:00:46.219982,111.19999694824219,90.33000183105469
motor,2025-03-31 13:00:46.239916,111.30000305175781,90.3499984741211
motor,2025-03-31 13:00:46.265390,111.30000305175781,90.87000274658203
motor,2025-03-31 13:00:46.280353,111.30000305175781,91.2300033569336
odom,2025-03-31 13:00:46.288478,1.0518037038222612,-1.5992323777094932,176.82574254257986,-0.9575691745992252,0.4004318826162767,25.16211766610418
motor,2025-03-31 13:00:46.299944,111.30000305175781,91.58000183105469
motor,2025-03-31 13:00:46.319925,111.19999694824219,91.48999786376953
motor,2025-03-31 13:00:46.340288,111.30000305175781,91.75
motor,2025-03-31 13:00:46.367673,111.30000305175781,91.75
motor,2025-03-31 13:00:46.380016,111.80000305175781,91.93000030517578
motor,2025-03-31 13:00:46.399605,113.0999984741211,92.45999908447266
motor,2025-03-31 13:00:46.419625,113.9000015258789,92.27999877929688
motor,2025-03-31 13:00:46.471239,114.30000305175781,92.27999877929688
motor,2025-03-31 13:00:46.471609,114.30000305175781,92.27999877929688
motor,2025-03-31 13:00:46.480957,114.30000305175781,92.44000244140625
motor,2025-03-31 13:00:46.500204,114.4000015258789,92.45999908447266
odom,2025-03-31 13:00:46.501000,0.9282854045460539,-1.63566490014958,179.58068813939272,-1.002604803063627,-0.30371796438310467,25.496800131147314
motor,2025-03-31 13:00:46.520117,114.30000305175781,92.80999755859375
motor,2025-03-31 13:00:46.540190,114.4000015258789,92.80999755859375
motor,2025-03-31 13:00:46.572194,114.4000015258789,92.9800033569336
motor,2025-03-31 13:00:46.580135,114.4000015258789,93.16000366210938
motor,2025-03-31 13:00:46.600919,114.30000305175781,92.80999755859375
motor,2025-03-31 13:00:46.620935,114.30000305175781,93.16000366210938
motor,2025-03-31 13:00:46.640181,114.4000015258789,93.33999633789062
motor,2025-03-31 13:00:46.660104,114.30000305175781,93.31999969482422
motor,2025-03-31 13:00:46.679898,114.30000305175781,93.16000366210938
motor,2025-03-31 13:00:46.699529,114.30000305175781,93.31999969482422
motor,2025-03-31 13:00:46.719775,114.30000305175781,93.31999969482422
motor,2025-03-31 13:00:46.739436,114.30000305175781,93.1500015258789
motor,2025-03-31 13:00:46.760294,114.30000305175781,93.31999969482422
motor,2025-03-31 13:00:46.779375,114.30000305175781,93.31999969482422
odom,2025-03-31 13:00:46.780263,0.7980705103604501,-1.6573026602821745,-172.47833819338538,-0.9769253245434852,-0.03262900222850545,-22.291544097355953
motor,2025-03-31 13:00:46.799246,114.5,93.33999633789062
motor,2025-03-31 13:00:46.820332,114.5999984741211,93.69000244140625
motor,2025-03-31 13:00:46.840786,115.30000305175781,93.69000244140625
motor,2025-03-31 13:00:46.859849,116.4000015258789,93.69000244140625
motor,2025-03-31 13:00:46.880059,116.80000305175781,93.86000061035156
motor,2025-03-31 13:00:46.900096,116.9000015258789,94.22000122070312
motor,2025-03-31 13:00:46.921784,117.0,94.38999938964844
motor,2025-03-31 13:00:46.939525,117.19999694824219,94.56999969482422
motor,2025-03-31 13:00:46.959095,117.4000015258789,95.11000061035156
motor,2025-03-31 13:00:46.981195,117.5999984741211,95.27999877929688
motor,2025-03-31 13:00:46.999248,118.0999984741211,95.44999694824219
motor,2025-03-31 13:00:47.028333,118.4000015258789,95.95999908447266
motor,2025-03-31 13:00:47.040177,118.5999984741211,96.5
motor,2025-03-31 13:00:47.059943,118.69999694824219,97.02999877929688
motor,2025-03-31 13:00:47.084010,118.9000015258789,97.55999755859375
motor,2025-03-31 13:00:47.100343,119.0999984741211,98.41999816894531
motor,2025-03-31 13:00:47.120083,119.0999984741211,98.79000091552734
motor,2025-03-31 13:00:47.139855,119.0999984741211,99.22000122070312
motor,2025-03-31 13:00:47.160210,119.0999984741211,99.30000305175781
odom,2025-03-31 13:00:47.162182,0.6886778212883438,-1.6763524618682568,-164.13787355647563,-0.899625442341233,0.09429436103541837,-23.33700468899942
motor,2025-03-31 13:00:47.185616,119.0999984741211,99.66000366210938
motor,2025-03-31 13:00:47.199902,119.0999984741211,100.18000030517578
motor,2025-03-31 13:00:47.219988,119.0999984741211,100.19999694824219
motor,2025-03-31 13:00:47.239828,119.0999984741211,100.88999938964844
motor,2025-03-31 13:00:47.289786,119.0999984741211,101.41999816894531
motor,2025-03-31 13:00:47.290141,119.0999984741211,101.94000244140625
motor,2025-03-31 13:00:47.300210,119.0,102.55999755859375
motor,2025-03-31 13:00:47.319697,119.0999984741211,102.83999633789062
motor,2025-03-31 13:00:47.340734,119.0999984741211,102.83999633789062
motor,2025-03-31 13:00:47.413332,119.0999984741211,102.83999633789062
motor,2025-03-31 13:00:47.413723,119.0,103.44000244140625
motor,2025-03-31 13:00:47.421269,119.0999984741211,103.19000244140625
motor,2025-03-31 13:00:47.439835,119.0999984741211,103.54000091552734
motor,2025-03-31 13:00:47.461791,119.0999984741211,103.54000091552734
motor,2025-03-31 13:00:47.479910,119.0999984741211,104.06999969482422
odom,2025-03-31 13:00:47.491131,0.5977171840295032,-1.7239267591899727,-158.21673547846873,-0.755246647594026,-0.07707789660218997,-20.422413741651024
motor,2025-03-31 13:00:47.500086,119.0999984741211,103.88999938964844
motor,2025-03-31 13:00:47.549110,119.0999984741211,104.2300033569336
motor,2025-03-31 13:00:47.549481,119.0999984741211,104.23999786376953
motor,2025-03-31 13:00:47.560367,119.0,104.13999938964844
motor,2025-03-31 13:00:47.580597,119.0,104.13999938964844
motor,2025-03-31 13:00:47.599805,119.0999984741211,104.06999969482422
motor,2025-03-31 13:00:47.620244,119.0999984741211,103.87999725341797
motor,2025-03-31 13:00:47.642013,119.0999984741211,104.06999969482422
motor,2025-03-31 13:00:47.660107,119.0999984741211,104.41999816894531
motor,2025-03-31 13:00:47.680007,118.9000015258789,104.31999969482422
motor,2025-03-31 13:00:47.699612,118.9000015258789,104.48999786376953
motor,2025-03-31 13:00:47.720223,118.9000015258789,104.23999786376953
motor,2025-03-31 13:00:47.744010,118.69999694824219,104.23999786376953
odom,2025-03-31 13:00:47.744924,0.5013328198496633,-1.7787949821401663,-151.21493329190338,-0.9028845752548742,-0.013652002758023783,-21.48786129809805
motor,2025-03-31 13:00:47.760028,118.69999694824219,104.05000305175781
motor,2025-03-31 13:00:47.779475,118.69999694824219,104.33000183105469
motor,2025-03-31 13:00:47.800240,118.69999694824219,104.2300033569336
motor,2025-03-31 13:00:47.820836,118.69999694824219,104.06999969482422
motor,2025-03-31 13:00:47.841178,118.5,104.05000305175781
motor,2025-03-31 13:00:47.860087,117.69999694824219,104.13999938964844
motor,2025-03-31 13:00:47.881150,117.30000305175781,103.80000305175781
motor,2025-03-31 13:00:47.902301,117.19999694824219,104.2300033569336
motor,2025-03-31 13:00:47.921614,117.19999694824219,104.41000366210938
motor,2025-03-31 13:00:47.944429,116.9000015258789,104.31999969482422
motor,2025-03-31 13:00:48.005528,116.9000015258789,104.33000183105469
motor,2025-03-31 13:00:48.005916,116.9000015258789,104.08000183105469
motor,2025-03-31 13:00:48.006237,117.0,104.06999969482422
motor,2025-03-31 13:00:48.020089,117.0,103.88999938964844
odom,2025-03-31 13:00:48.022727,0.4064962331884946,-1.8488406973825304,-143.2634470667009,-0.9593869741092476,0.004809125783167373,-20.346924016281346
motor,2025-03-31 13:00:48.047552,117.19999694824219,103.88999938964844
motor,2025-03-31 13:00:48.059879,117.19999694824219,103.52999877929688
motor,2025-03-31 13:00:48.079836,117.0999984741211,103.97000122070312
motor,2025-03-31 13:00:48.112754,117.19999694824219,104.06999969482422
motor,2025-03-31 13:00:48.120444,117.30000305175781,103.54000091552734
motor,2025-03-31 13:00:48.139733,117.30000305175781,103.79000091552734
motor,2025-03-31 13:00:48.160020,117.30000305175781,103.16999816894531
motor,2025-03-31 13:00:48.180227,117.30000305175781,101.94000244140625
odom,2025-03-31 13:00:48.206194,0.33208336973506963,-1.912654933634403,-137.1490121472585,-0.7262709609789038,0.02835226820120507,-17.747957643644096
motor,2025-03-31 13:00:48.209503,117.30000305175781,100.44999694824219
motor,2025-03-31 13:00:48.219984,117.30000305175781,99.12999725341797
motor,2025-03-31 13:00:48.239792,117.30000305175781,97.97000122070312
motor,2025-03-31 13:00:48.260085,117.30000305175781,97.44000244140625
motor,2025-03-31 13:00:48.280063,117.30000305175781,96.83999633789062
motor,2025-03-31 13:00:48.300107,117.30000305175781,97.0199966430664
motor,2025-03-31 13:00:48.320081,117.30000305175781,97.11000061035156
motor,2025-03-31 13:00:48.340154,117.30000305175781,96.20999908447266
motor,2025-03-31 13:00:48.360222,117.30000305175781,94.19999694824219
motor,2025-03-31 13:00:48.379667,117.30000305175781,92.62999725341797
motor,2025-03-31 13:00:48.400660,117.30000305175781,88.93000030517578
odom,2025-03-31 13:00:48.411046,0.26629422833548083,-1.972886189738545,-132.26215114291782,-0.7231200406068512,0.06661248699493773,-18.793621991491936
motor,2025-03-31 13:00:48.419945,117.30000305175781,87.33999633789062
motor,2025-03-31 13:00:48.439385,117.30000305175781,85.05999755859375
motor,2025-03-31 13:00:48.459836,117.30000305175781,83.30000305175781
motor,2025-03-31 13:00:48.479269,117.4000015258789,81.80999755859375
motor,2025-03-31 13:00:48.499760,117.4000015258789,79.52999877929688
motor,2025-03-31 13:00:48.519730,117.4000015258789,77.23999786376953
motor,2025-03-31 13:00:48.539956,117.30000305175781,75.4800033569336
motor,2025-03-31 13:00:48.562742,117.30000305175781,74.25
motor,2025-03-31 13:00:48.579413,117.30000305175781,72.38999938964844
motor,2025-03-31 13:00:48.599938,117.30000305175781,69.66000366210938
motor,2025-03-31 13:00:48.619562,117.30000305175781,67.04000091552734
motor,2025-03-31 13:00:48.640154,117.30000305175781,66.66999816894531
odom,2025-03-31 13:00:48.660807,0.20648455631700544,-2.05878648842327,-124.85163690248334,-0.7738919617234158,-4.542283531786037e-05,-16.11108740294186
motor,2025-03-31 13:00:48.665121,117.30000305175781,65.27999877929688
motor,2025-03-31 13:00:48.679284,117.30000305175781,64.20999908447266
motor,2025-03-31 13:00:48.699942,117.30000305175781,63.34000015258789
motor,2025-03-31 13:00:48.721164,117.30000305175781,62.9900016784668
motor,2025-03-31 13:00:48.739733,117.30000305175781,62.45000076293945
motor,2025-03-31 13:00:48.767438,117.30000305175781,61.93000030517578
motor,2025-03-31 13:00:48.780241,117.30000305175781,61.40999984741211
motor,2025-03-31 13:00:48.799668,117.30000305175781,60.529998779296875
motor,2025-03-31 13:00:48.823422,117.4000015258789,60.16999816894531
motor,2025-03-31 13:00:48.839692,117.30000305175781,59.81999969482422
motor,2025-03-31 13:00:48.872682,117.4000015258789,59.650001525878906
motor,2025-03-31 13:00:48.879754,117.30000305175781,58.58000183105469
odom,2025-03-31 13:00:48.888970,0.1623699835910623,-2.1479174771968212,-117.30428019003939,-0.8087097139328082,-0.013714743215102536,-16.650943276858072
motor,2025-03-31 13:00:48.900046,117.30000305175781,58.40999984741211
motor,2025-03-31 13:00:48.925763,117.30000305175781,58.58000183105469
motor,2025-03-31 13:00:48.940812,117.30000305175781,58.7599983215332
motor,2025-03-31 13:00:48.960013,117.30000305175781,57.70000076293945
motor,2025-03-31 13:00:48.979417,117.30000305175781,57.529998779296875
motor,2025-03-31 13:00:48.999420,117.30000305175781,57.529998779296875
motor,2025-03-31 13:00:49.027275,117.30000305175781,57.540000915527344
motor,2025-03-31 13:00:49.039445,117.30000305175781,57.11000061035156
motor,2025-03-31 13:00:49.060021,117.30000305175781,57.18000030517578
motor,2025-03-31 13:00:49.079965,117.30000305175781,57.36000061035156
motor,2025-03-31 13:00:49.100130,117.30000305175781,56.400001525878906
odom,2025-03-31 13:00:49.117364,0.14401885177484083,-2.2379110419382804,-109.96180302206011,-0.6727691536974426,-0.09978123399996469,-14.211896826196446
motor,2025-03-31 13:00:49.130465,117.4000015258789,56.130001068115234
motor,2025-03-31 13:00:49.139752,117.30000305175781,56.65999984741211
motor,2025-03-31 13:00:49.159638,117.4000015258789,56.58000183105469
motor,2025-03-31 13:00:49.179600,117.4000015258789,56.29999923706055
motor,2025-03-31 13:00:49.199802,117.30000305175781,55.779998779296875
motor,2025-03-31 13:00:49.220132,117.30000305175781,55.599998474121094
motor,2025-03-31 13:00:49.240135,117.30000305175781,56.650001525878906
motor,2025-03-31 13:00:49.259942,117.30000305175781,56.650001525878906
motor,2025-03-31 13:00:49.279871,117.30000305175781,55.59000015258789
motor,2025-03-31 13:00:49.301275,117.30000305175781,54.900001525878906
motor,2025-03-31 13:00:49.320316,117.4000015258789,56.13999938964844
odom,2025-03-31 13:00:49.321965,0.12699087976423054,-2.296859961265174,-106.35828322733435,-0.4995475168291348,-0.0021482716839040343,-15.11302086786089
motor,2025-03-31 13:00:49.340044,117.4000015258789,56.400001525878906
motor,2025-03-31 13:00:49.359800,117.4000015258789,56.47999954223633
odom,2025-03-31 13:00:49.380328,0.12627905500440012,-2.29708715115198,-106.26251321900783,-0.0030880379597175264,0.0045844515587300395,-13.719809583486292
motor,2025-03-31 13:00:49.380750,117.19999694824219,56.310001373291016
motor,2025-03-31 13:00:49.399831,117.19999694824219,55.959999084472656
motor,2025-03-31 13:00:49.419960,116.9000015258789,56.40999984741211
motor,2025-03-31 13:00:49.441688,115.4000015258789,56.47999954223633
motor,2025-03-31 13:00:49.460889,111.80000305175781,57.54999923706055
motor,2025-03-31 13:00:49.480460,109.0999984741211,58.599998474121094
odom,2025-03-31 13:00:49.487861,0.12955109317285293,-2.278832146400019,-106.45393668923914,0.1502202518398996,0.01656351522640771,-15.140601980075598
motor,2025-03-31 13:00:49.500033,103.0999984741211,61.40999984741211
motor,2025-03-31 13:00:49.519630,99.19999694824219,63.689998626708984
motor,2025-03-31 13:00:49.540202,94.0,67.55999755859375
motor,2025-03-31 13:00:49.562696,91.0999984741211,70.72000122070312
motor,2025-03-31 13:00:49.583035,91.0999984741211,73.0199966430664
motor,2025-03-31 13:00:49.600606,90.9000015258789,74.86000061035156
odom,2025-03-31 13:00:49.619555,0.14133315012987166,-2.2364345627812243,-106.89511976996614,0.325499710248983,0.0077548795289583425,-13.80431119438802
motor,2025-03-31 13:00:49.620011,90.80000305175781,76.79000091552734
motor,2025-03-31 13:00:49.643185,90.69999694824219,78.37000274658203
motor,2025-03-31 13:00:49.659874,90.4000015258789,80.48999786376953
motor,2025-03-31 13:00:49.679620,89.5999984741211,82.08000183105469
motor,2025-03-31 13:00:49.700952,87.0999984741211,82.5999984741211
motor,2025-03-31 13:00:49.720074,85.30000305175781,83.04000091552734
motor,2025-03-31 13:00:49.744529,83.80000305175781,84.0999984741211
motor,2025-03-31 13:00:49.759946,81.4000015258789,84.69999694824219
odom,2025-03-31 13:00:49.777482,0.15462455565818753,-2.184957368237001,-107.14358308331308,0.4324036800318357,0.020134540775534074,-15.225583633595287
motor,2025-03-31 13:00:49.779600,80.80000305175781,85.7699966430664
motor,2025-03-31 13:00:49.800096,80.0,86.30000305175781
motor,2025-03-31 13:00:49.820190,79.0999984741211,87.0
motor,2025-03-31 13:00:49.846870,78.0999984741211,87.62000274658203
motor,2025-03-31 13:00:49.859974,77.5,88.4000015258789
motor,2025-03-31 13:00:49.880047,77.0,89.63999938964844
motor,2025-03-31 13:00:49.900060,75.5999984741211,91.1500015258789
motor,2025-03-31 13:00:49.919918,74.69999694824219,92.0999984741211
odom,2025-03-31 13:00:49.933448,0.17254494121804323,-2.1275643115357523,-107.3660961822275,0.4453120033656359,0.00019940835665830655,-13.878696234729064
motor,2025-03-31 13:00:49.949129,74.0,93.33999633789062
motor,2025-03-31 13:00:49.959748,73.69999694824219,94.19999694824219
motor,2025-03-31 13:00:49.980121,73.30000305175781,95.0999984741211
motor,2025-03-31 13:00:49.999752,72.5,96.33000183105469
motor,2025-03-31 13:00:50.020925,72.0999984741211,97.20999908447266
motor,2025-03-31 13:00:50.039828,71.9000015258789,98.41999816894531
motor,2025-03-31 13:00:50.061859,71.69999694824219,98.5999984741211
motor,2025-03-31 13:00:50.081524,71.69999694824219,100.37000274658203
odom,2025-03-31 13:00:50.088985,0.1910012820071031,-2.064021732977286,-107.36849701934688,0.5380020862902037,0.011008558617471614,-15.23970616261785
motor,2025-03-31 13:00:50.100598,71.69999694824219,101.77999877929688
motor,2025-03-31 13:00:50.120033,71.69999694824219,102.66000366210938
motor,2025-03-31 13:00:50.140009,71.5999984741211,104.06999969482422
motor,2025-03-31 13:00:50.160390,71.19999694824219,105.37000274658203
motor,2025-03-31 13:00:50.180580,71.0999984741211,106.2699966430664
motor,2025-03-31 13:00:50.205976,70.69999694824219,108.02999877929688
motor,2025-03-31 13:00:50.219763,70.5999984741211,109.16999816894531
motor,2025-03-31 13:00:50.240522,69.9000015258789,110.93000030517578
motor,2025-03-31 13:00:50.261274,69.69999694824219,111.80999755859375
odom,2025-03-31 13:00:50.269565,0.21544988282993413,-1.9965649635380713,-105.82722213284207,0.5835858093684628,-0.041780799322075415,-15.061357031417424
motor,2025-03-31 13:00:50.280753,69.5999984741211,113.12999725341797
motor,2025-03-31 13:00:50.300014,69.0999984741211,114.33999633789062
motor,2025-03-31 13:00:50.320012,69.19999694824219,115.05000305175781
motor,2025-03-31 13:00:50.340120,69.30000305175781,115.93000030517578
motor,2025-03-31 13:00:50.359866,69.19999694824219,116.56999969482422
motor,2025-03-31 13:00:50.380168,69.0999984741211,117.3499984741211
motor,2025-03-31 13:00:50.400139,68.9000015258789,118.05000305175781
motor,2025-03-31 13:00:50.427645,68.5999984741211,118.93000030517578
motor,2025-03-31 13:00:50.462382,68.69999694824219,119.11000061035156
motor,2025-03-31 13:00:50.462736,68.69999694824219,120.16000366210938
odom,2025-03-31 13:00:50.470961,0.2393221005727002,-1.9259702822288582,-103.11249958732823,0.5494250928540774,-0.05359018725461886,-13.331231949365096
motor,2025-03-31 13:00:50.479156,68.69999694824219,120.5199966430664
motor,2025-03-31 13:00:50.505373,68.19999694824219,121.66000366210938
motor,2025-03-31 13:00:50.519392,67.9000015258789,122.62999725341797
motor,2025-03-31 13:00:50.539934,66.5999984741211,123.31999969482422
motor,2025-03-31 13:00:50.567134,66.0999984741211,124.73999786376953
motor,2025-03-31 13:00:50.580008,65.4000015258789,125.97000122070312
motor,2025-03-31 13:00:50.600070,64.19999694824219,126.58999633789062
motor,2025-03-31 13:00:50.620056,64.0,127.70999908447266
motor,2025-03-31 13:00:50.640418,62.70000076293945,128.07000732421875
motor,2025-03-31 13:00:50.668005,61.79999923706055,128.58999633789062
motor,2025-03-31 13:00:50.679711,61.0,129.47000122070312
odom,2025-03-31 13:00:50.699296,0.262407427372506,-1.8568960815577147,-98.2972049208892,0.5832502405487615,-0.1047643886108891,-13.959179158305156
motor,2025-03-31 13:00:50.700115,60.400001525878906,130.0
motor,2025-03-31 13:00:50.719738,60.099998474121094,130.17999267578125
motor,2025-03-31 13:00:50.744065,59.599998474121094,131.32000732421875
motor,2025-03-31 13:00:50.772089,58.099998474121094,131.9499969482422
motor,2025-03-31 13:00:50.779931,57.5,132.3000030517578
motor,2025-03-31 13:00:50.799988,56.400001525878906,132.0399932861328
motor,2025-03-31 13:00:50.819990,55.70000076293945,133.69000244140625
motor,2025-03-31 13:00:50.840220,55.70000076293945,133.5399932861328
motor,2025-03-31 13:00:50.875035,55.5,133.52000427246094
motor,2025-03-31 13:00:50.881831,55.5,132.8300018310547
motor,2025-03-31 13:00:50.901857,54.400001525878906,133.0800018310547
motor,2025-03-31 13:00:50.920102,54.70000076293945,132.11000061035156
odom,2025-03-31 13:00:50.922522,0.276704182376682,-1.7883240997640761,-93.14698176106204,0.5635793152723505,-0.08553585659834459,-13.230003520222304
motor,2025-03-31 13:00:50.940104,54.20000076293945,132.11000061035156
motor,2025-03-31 13:00:50.960095,54.29999923706055,129.30999755859375
motor,2025-03-31 13:00:50.981345,54.099998474121094,128.61000061035156
motor,2025-03-31 13:00:51.000054,54.0,127.98999786376953
motor,2025-03-31 13:00:51.020415,54.0,126.83000183105469
motor,2025-03-31 13:00:51.039455,53.79999923706055,125.06999969482422
motor,2025-03-31 13:00:51.059451,53.70000076293945,124.19999694824219
motor,2025-03-31 13:00:51.079552,53.70000076293945,122.62999725341797
odom,2025-03-31 13:00:51.099040,0.2915713597343851,-1.7203741442625302,-88.41654824996498,0.4996749329463041,-0.12388899580473257,-11.421153073363207
motor,2025-03-31 13:00:51.099962,53.599998474121094,121.30999755859375
motor,2025-03-31 13:00:51.122988,53.70000076293945,118.20999908447266
motor,2025-03-31 13:00:51.141080,53.70000076293945,116.81999969482422
motor,2025-03-31 13:00:51.160009,53.5,114.9800033569336
motor,2025-03-31 13:00:51.181525,53.400001525878906,114.98999786376953
motor,2025-03-31 13:00:51.200139,53.400001525878906,114.33999633789062
motor,2025-03-31 13:00:51.223279,53.20000076293945,113.66000366210938
motor,2025-03-31 13:00:51.240103,52.900001525878906,113.83000183105469
motor,2025-03-31 13:00:51.259797,52.79999923706055,112.06999969482422
motor,2025-03-31 13:00:51.279436,52.900001525878906,110.93000030517578
motor,2025-03-31 13:00:51.300922,52.900001525878906,110.75
odom,2025-03-31 13:00:51.323785,0.298131328881546,-1.6547735355323636,-82.79372361601702,0.5231392722314419,-0.11997630949088227,-11.763989232078078
motor,2025-03-31 13:00:51.327867,52.900001525878906,110.83999633789062
motor,2025-03-31 13:00:51.339707,52.79999923706055,110.30999755859375
motor,2025-03-31 13:00:51.359975,52.79999923706055,109.43000030517578
motor,2025-03-31 13:00:51.381462,53.400001525878906,109.08000183105469
motor,2025-03-31 13:00:51.399999,55.70000076293945,108.98999786376953
motor,2025-03-31 13:00:51.420095,57.900001525878906,108.63999938964844
motor,2025-03-31 13:00:51.440096,74.0999984741211,108.11000061035156
motor,2025-03-31 13:00:51.460020,90.80000305175781,108.37999725341797
motor,2025-03-31 13:00:51.483712,90.80000305175781,107.8499984741211
motor,2025-03-31 13:00:51.499863,90.80000305175781,107.94000244140625
motor,2025-03-31 13:00:51.519723,90.9000015258789,107.4800033569336
motor,2025-03-31 13:00:51.539998,91.0,106.70999908447266
odom,2025-03-31 13:00:51.557756,0.29794781648816154,-1.589226581706799,-77.25405939632925,0.4739796598822112,-0.10582138328964243,-9.990033873757156
motor,2025-03-31 13:00:51.559641,90.9000015258789,106.52999877929688
motor,2025-03-31 13:00:51.587021,90.9000015258789,106.08999633789062
motor,2025-03-31 13:00:51.599746,90.9000015258789,105.91000366210938
motor,2025-03-31 13:00:51.620058,91.0,106.08999633789062
motor,2025-03-31 13:00:51.640290,91.0,106.19000244140625
motor,2025-03-31 13:00:51.660161,90.9000015258789,105.9000015258789
motor,2025-03-31 13:00:51.688882,91.0,105.12000274658203
motor,2025-03-31 13:00:51.700061,91.0,105.04000091552734
motor,2025-03-31 13:00:51.719506,91.0999984741211,103.80000305175781
motor,2025-03-31 13:00:51.739950,91.30000305175781,103.19000244140625
motor,2025-03-31 13:00:51.759891,93.19999694824219,102.4800033569336
odom,2025-03-31 13:00:51.771269,0.2916528039331545,-1.5270960091559833,-72.03853401602971,0.49604828132023127,-0.10703249266931059,-10.21702659955923
motor,2025-03-31 13:00:51.793869,94.5999984741211,101.33000183105469
motor,2025-03-31 13:00:51.810419,95.5999984741211,100.37000274658203
motor,2025-03-31 13:00:51.823723,97.80000305175781,99.13999938964844
motor,2025-03-31 13:00:51.841577,100.4000015258789,96.69000244140625
motor,2025-03-31 13:00:51.861236,101.0999984741211,95.80000305175781
motor,2025-03-31 13:00:51.895003,101.80000305175781,95.44999694824219
motor,2025-03-31 13:00:51.900481,103.4000015258789,94.37999725341797
motor,2025-03-31 13:00:51.921001,105.5999984741211,92.27999877929688
motor,2025-03-31 13:00:51.941008,106.30000305175781,91.4000015258789
motor,2025-03-31 13:00:51.961001,107.80000305175781,90.33000183105469
motor,2025-03-31 13:00:51.980556,108.30000305175781,88.93000030517578
motor,2025-03-31 13:00:51.999843,108.5999984741211,88.05999755859375
motor,2025-03-31 13:00:52.020065,108.80000305175781,87.0
motor,2025-03-31 13:00:52.044737,108.80000305175781,86.12000274658203
odom,2025-03-31 13:00:52.055316,0.2812724091283729,-1.4744057503163523,-66.84895524612989,0.4278883035540882,-0.09099773621091474,-9.50405639423411
motor,2025-03-31 13:00:52.060224,109.0999984741211,85.5999984741211
motor,2025-03-31 13:00:52.079783,109.5,84.88999938964844
motor,2025-03-31 13:00:52.099927,110.0,84.19000244140625
motor,2025-03-31 13:00:52.120323,110.0999984741211,83.47000122070312
motor,2025-03-31 13:00:52.140791,110.19999694824219,82.69000244140625
motor,2025-03-31 13:00:52.160159,110.19999694824219,82.06999969482422
motor,2025-03-31 13:00:52.180228,110.19999694824219,81.63999938964844
odom,2025-03-31 13:00:52.194535,0.26895044293282305,-1.4682237048114153,-65.80896971887051,0.0791282433298856,0.0644563896483496,-8.503128733110524
motor,2025-03-31 13:00:52.200983,110.0999984741211,81.29000091552734
motor,2025-03-31 13:00:52.219897,110.0999984741211,81.01000213623047
motor,2025-03-31 13:00:52.239933,110.19999694824219,80.41000366210938
motor,2025-03-31 13:00:52.260109,110.0999984741211,80.12999725341797
motor,2025-03-31 13:00:52.280123,109.9000015258789,79.52999877929688
odom,2025-03-31 13:00:52.281709,0.2787462086304566,-1.4819322080383195,-65.83673012125158,-0.13435852714493784,-0.027055829205826568,-9.347057799529278
motor,2025-03-31 13:00:52.303680,109.69999694824219,79.44000244140625
motor,2025-03-31 13:00:52.319899,109.0999984741211,79.52999877929688
motor,2025-03-31 13:00:52.340611,108.69999694824219,78.91000366210938
motor,2025-03-31 13:00:52.360079,107.5999984741211,78.6500015258789
motor,2025-03-31 13:00:52.379769,107.19999694824219,78.81999969482422
motor,2025-03-31 13:00:52.405276,107.0999984741211,78.37000274658203
motor,2025-03-31 13:00:52.420548,107.0999984741211,78.12000274658203
odom,2025-03-31 13:00:52.421601,0.31311320444807755,-1.5380649682927465,-65.13636696975381,-0.4838634081829988,-0.056097882352850355,-8.413564014139867
motor,2025-03-31 13:00:52.440618,107.0999984741211,78.37000274658203
motor,2025-03-31 13:00:52.459580,106.69999694824219,78.20999908447266
motor,2025-03-31 13:00:52.479419,106.5,77.7699966430664
motor,2025-03-31 13:00:52.506638,106.5,77.7699966430664
motor,2025-03-31 13:00:52.519370,106.4000015258789,77.83999633789062
motor,2025-03-31 13:00:52.539800,106.5,77.5
motor,2025-03-31 13:00:52.562585,106.4000015258789,77.5
motor,2025-03-31 13:00:52.580090,106.5,77.68000030517578
odom,2025-03-31 13:00:52.610483,0.367470061670754,-1.6068710407317277,-62.10873783798258,-0.7032546529238618,-0.12929341647484027,-8.839503137548908
motor,2025-03-31 13:00:52.611897,106.4000015258789,77.25
motor,2025-03-31 13:00:52.619844,106.5999984741211,77.58999633789062
motor,2025-03-31 13:00:52.640380,106.5999984741211,77.5
motor,2025-03-31 13:00:52.660464,106.5999984741211,77.1500015258789
motor,2025-03-31 13:00:52.680208,106.5999984741211,76.9800033569336
motor,2025-03-31 13:00:52.700233,106.5999984741211,76.18000030517578
motor,2025-03-31 13:00:52.720125,106.5999984741211,76.11000061035156
motor,2025-03-31 13:00:52.741283,106.5999984741211,75.91999816894531
motor,2025-03-31 13:00:52.765421,106.5999984741211,75.4800033569336
motor,2025-03-31 13:00:52.780696,106.5999984741211,75.55999755859375
motor,2025-03-31 13:00:52.800229,106.5999984741211,75.30000305175781
odom,2025-03-31 13:00:52.823753,0.42717741223482375,-1.6857560979355342,-56.27135458796182,-0.8051605007502897,-0.047737799654205895,-8.006934489656528
motor,2025-03-31 13:00:52.835616,106.5,75.12999725341797
motor,2025-03-31 13:00:52.840629,106.5999984741211,75.12999725341797
motor,2025-03-31 13:00:52.864534,106.5999984741211,75.19999694824219
motor,2025-03-31 13:00:52.879578,106.5999984741211,75.13999938964844
motor,2025-03-31 13:00:52.899931,106.5999984741211,75.4800033569336
motor,2025-03-31 13:00:52.919865,106.5999984741211,75.12999725341797
motor,2025-03-31 13:00:52.939966,106.5999984741211,75.12999725341797
motor,2025-03-31 13:00:52.967522,106.5999984741211,75.12999725341797
motor,2025-03-31 13:00:52.979983,106.5999984741211,74.5999984741211
motor,2025-03-31 13:00:52.999914,106.5999984741211,74.94999694824219
motor,2025-03-31 13:00:53.024866,106.5999984741211,75.04000091552734
motor,2025-03-31 13:00:53.039332,106.5999984741211,75.02999877929688
motor,2025-03-31 13:00:53.064734,106.5999984741211,74.94999694824219
odom,2025-03-31 13:00:53.066230,0.4958233620942041,-1.7653969759490316,-49.62145066328601,-0.776647189122456,-0.005163630630467259,-6.397380204849233
motor,2025-03-31 13:00:53.079256,106.5999984741211,74.94999694824219
motor,2025-03-31 13:00:53.099172,106.5999984741211,75.19999694824219
motor,2025-03-31 13:00:53.121284,106.5,74.77999877929688
motor,2025-03-31 13:00:53.141316,106.69999694824219,75.19999694824219
motor,2025-03-31 13:00:53.172047,106.5999984741211,75.30000305175781
motor,2025-03-31 13:00:53.180811,106.5999984741211,75.37999725341797
motor,2025-03-31 13:00:53.201633,106.69999694824219,75.66999816894531
motor,2025-03-31 13:00:53.224868,106.5999984741211,75.4800033569336
motor,2025-03-31 13:00:53.240125,106.5999984741211,76.0999984741211
motor,2025-03-31 13:00:53.260675,106.5999984741211,75.83000183105469
motor,2025-03-31 13:00:53.288720,106.5999984741211,75.4800033569336
motor,2025-03-31 13:00:53.300768,106.5999984741211,75.83000183105469
odom,2025-03-31 13:00:53.307040,0.5813558576310413,-1.8236465284346248,-42.10547349288436,-0.8361571565809586,-0.11527868461532478,-5.994069805391796
motor,2025-03-31 13:00:53.379028,106.4000015258789,75.83000183105469
motor,2025-03-31 13:00:53.379408,106.5,75.91000366210938
motor,2025-03-31 13:00:53.384440,106.0999984741211,75.91999816894531
motor,2025-03-31 13:00:53.399857,105.9000015258789,75.83000183105469
motor,2025-03-31 13:00:53.428586,105.5,76.0999984741211
motor,2025-03-31 13:00:53.441102,105.0999984741211,75.83000183105469
motor,2025-03-31 13:00:53.466164,104.4000015258789,76.0999984741211
motor,2025-03-31 13:00:53.480703,104.30000305175781,75.93000030517578
motor,2025-03-31 13:00:53.514620,104.30000305175781,76.01000213623047
odom,2025-03-31 13:00:53.568775,0.6590716875575847,-1.8817492277163987,-35.10606194309513,-0.7889623809237524,0.023096660680329728,-4.983978454750332
motor,2025-03-31 13:00:53.575017,104.0999984741211,76.08000183105469
motor,2025-03-31 13:00:53.575396,103.9000015258789,76.26000213623047
motor,2025-03-31 13:00:53.608663,103.9000015258789,76.18000030517578
motor,2025-03-31 13:00:53.609056,103.9000015258789,76.11000061035156
motor,2025-03-31 13:00:53.620240,104.19999694824219,76.0999984741211
motor,2025-03-31 13:00:53.646371,104.19999694824219,75.91999816894531
motor,2025-03-31 13:00:53.663785,104.0999984741211,75.91000366210938
motor,2025-03-31 13:00:53.687943,104.19999694824219,76.18000030517578
motor,2025-03-31 13:00:53.744788,103.9000015258789,76.44999694824219
motor,2025-03-31 13:00:53.745252,104.19999694824219,76.0999984741211
motor,2025-03-31 13:00:53.783724,104.0999984741211,76.11000061035156
motor,2025-03-31 13:00:53.784172,104.0999984741211,76.01000213623047
motor,2025-03-31 13:00:53.784504,103.9000015258789,75.83000183105469
motor,2025-03-31 13:00:53.799745,103.80000305175781,76.36000061035156
motor,2025-03-31 13:00:53.820165,103.30000305175781,76.2699966430664
odom,2025-03-31 13:00:53.827490,0.7409741541918803,-1.9296627742034929,-28.84765772499256,-0.7023996158354872,0.018151229453885254,-3.7282599204698643
motor,2025-03-31 13:00:53.839750,103.0999984741211,76.01000213623047
motor,2025-03-31 13:00:53.860412,103.0999984741211,76.01000213623047
motor,2025-03-31 13:00:53.893461,103.0999984741211,76.0999984741211
motor,2025-03-31 13:00:53.903922,103.19999694824219,76.0999984741211
motor,2025-03-31 13:00:53.921131,103.0999984741211,76.0999984741211
motor,2025-03-31 13:00:53.941684,103.0999984741211,75.91999816894531
motor,2025-03-31 13:00:53.961748,103.0999984741211,76.0199966430664
motor,2025-03-31 13:00:53.990707,103.0999984741211,76.01000213623047
motor,2025-03-31 13:00:54.001067,103.0999984741211,76.26000213623047
motor,2025-03-31 13:00:54.019655,103.30000305175781,76.0999984741211
motor,2025-03-31 13:00:54.042171,103.0999984741211,75.93000030517578
motor,2025-03-31 13:00:54.062843,103.30000305175781,75.83000183105469
odom,2025-03-31 13:00:54.066824,0.8244347298130182,-1.9696017129355576,-25.10816304091582,-0.7528481841461995,0.0061056124133965295,-3.565802153094329
motor,2025-03-31 13:00:54.080112,103.0999984741211,75.83000183105469
motor,2025-03-31 13:00:54.105583,103.4000015258789,76.01000213623047
motor,2025-03-31 13:00:54.119356,103.30000305175781,76.0199966430664
motor,2025-03-31 13:00:54.144791,103.30000305175781,75.73999786376953
motor,2025-03-31 13:00:54.160192,103.30000305175781,75.4800033569336
motor,2025-03-31 13:00:54.179868,103.30000305175781,75.56999969482422
motor,2025-03-31 13:00:54.199828,103.30000305175781,75.66000366210938
motor,2025-03-31 13:00:54.220295,103.30000305175781,75.56999969482422
odom,2025-03-31 13:00:54.232701,0.9165825935853336,-2.013792583519245,-23.63171453797515,-0.7560105720240647,0.02625546232641003,-3.053005415187375
motor,2025-03-31 13:00:54.251400,103.30000305175781,75.56999969482422
motor,2025-03-31 13:00:54.260408,103.5,74.5999984741211
motor,2025-03-31 13:00:54.279622,103.30000305175781,74.51000213623047
motor,2025-03-31 13:00:54.300138,103.4000015258789,73.72000122070312
motor,2025-03-31 13:00:54.320153,103.4000015258789,73.45999908447266
motor,2025-03-31 13:00:54.367031,103.5,72.83000183105469
motor,2025-03-31 13:00:54.367458,103.4000015258789,72.56999969482422
motor,2025-03-31 13:00:54.379633,103.4000015258789,72.2300033569336
odom,2025-03-31 13:00:54.392539,1.0166246935560075,-2.0628933244673715,-23.17259621532155,-0.9059681548317978,0.04699217392934014,-3.29230351773816
motor,2025-03-31 13:00:54.404686,103.5999984741211,71.95999908447266
motor,2025-03-31 13:00:54.420094,103.69999694824219,70.20999908447266
motor,2025-03-31 13:00:54.439789,103.5999984741211,69.69000244140625
motor,2025-03-31 13:00:54.459974,103.5999984741211,69.31999969482422
motor,2025-03-31 13:00:54.480030,103.5999984741211,68.9800033569336
motor,2025-03-31 13:00:54.499416,103.80000305175781,68.77999877929688
motor,2025-03-31 13:00:54.519300,104.0999984741211,68.70999908447266
motor,2025-03-31 13:00:54.539817,104.5999984741211,68.0999984741211
odom,2025-03-31 13:00:54.559536,1.1131453319320799,-2.1161854136174303,-24.034141586110984,-0.8131555512122982,0.06928792204107996,-3.1049186641079207
motor,2025-03-31 13:00:54.560958,104.69999694824219,67.91999816894531
motor,2025-03-31 13:00:54.580254,104.69999694824219,67.81999969482422
motor,2025-03-31 13:00:54.600383,104.69999694824219,67.93000030517578
motor,2025-03-31 13:00:54.619973,104.69999694824219,67.55999755859375
motor,2025-03-31 13:00:54.639888,104.69999694824219,67.4800033569336
motor,2025-03-31 13:00:54.660259,104.69999694824219,67.20999908447266
motor,2025-03-31 13:00:54.680123,104.69999694824219,67.11000061035156
motor,2025-03-31 13:00:54.707342,104.80000305175781,67.02999877929688
motor,2025-03-31 13:00:54.720163,104.69999694824219,66.8499984741211
odom,2025-03-31 13:00:54.731193,1.216250948310904,-2.165873237712643,-23.29117281954321,-0.9300794468415184,0.0396128292105008,-3.306378382296546
motor,2025-03-31 13:00:54.739800,104.80000305175781,66.86000061035156
motor,2025-03-31 13:00:54.759278,104.69999694824219,66.68000030517578
motor,2025-03-31 13:00:54.780475,104.80000305175781,66.51000213623047
motor,2025-03-31 13:00:54.820180,104.69999694824219,66.31999969482422
motor,2025-03-31 13:00:54.820555,104.69999694824219,66.33999633789062
motor,2025-03-31 13:00:54.842364,104.69999694824219,66.33000183105469
motor,2025-03-31 13:00:54.861237,104.69999694824219,66.33000183105469
motor,2025-03-31 13:00:54.879981,104.69999694824219,66.33000183105469
motor,2025-03-31 13:00:54.906389,104.69999694824219,66.16000366210938
motor,2025-03-31 13:00:54.920116,104.80000305175781,66.16000366210938
motor,2025-03-31 13:00:54.941560,104.69999694824219,65.9800033569336
motor,2025-03-31 13:00:54.963831,104.69999694824219,65.9800033569336
motor,2025-03-31 13:00:54.980183,104.69999694824219,65.9800033569336
odom,2025-03-31 13:00:54.982322,1.333240530081457,-2.199390651836808,-20.695703563955593,-0.9872443991724903,-0.08131788771563477,-2.9401760684877543
motor,2025-03-31 13:00:55.000865,104.69999694824219,65.80000305175781
motor,2025-03-31 13:00:55.020226,104.69999694824219,65.9800033569336
motor,2025-03-31 13:00:55.047426,104.80000305175781,65.9800033569336
motor,2025-03-31 13:00:55.065121,104.69999694824219,66.06999969482422
motor,2025-03-31 13:00:55.079296,104.69999694824219,65.9800033569336
motor,2025-03-31 13:00:55.102991,104.80000305175781,65.9800033569336
motor,2025-03-31 13:00:55.134119,104.80000305175781,65.98999786376953
motor,2025-03-31 13:00:55.172746,104.80000305175781,65.9800033569336
motor,2025-03-31 13:00:55.173109,104.69999694824219,65.97000122070312
motor,2025-03-31 13:00:55.183175,104.69999694824219,66.2300033569336
motor,2025-03-31 13:00:55.200960,104.80000305175781,65.97000122070312
odom,2025-03-31 13:00:55.205137,1.453515639675945,-2.2367486419708746,-17.780089649626117,-0.9326701009084408,-0.008547244930024013,-2.2981717383304203
motor,2025-03-31 13:00:55.225102,104.69999694824219,66.86000061035156
motor,2025-03-31 13:00:55.240781,104.80000305175781,67.20999908447266
motor,2025-03-31 13:00:55.260262,104.69999694824219,67.91999816894531
motor,2025-03-31 13:00:55.279889,104.69999694824219,68.69999694824219
motor,2025-03-31 13:00:55.299993,104.5999984741211,69.31999969482422
motor,2025-03-31 13:00:55.321087,104.80000305175781,69.31999969482422
motor,2025-03-31 13:00:55.339693,104.69999694824219,70.55999755859375
motor,2025-03-31 13:00:55.374262,104.80000305175781,71.43000030517578
motor,2025-03-31 13:00:55.386722,104.80000305175781,71.95999908447266
motor,2025-03-31 13:00:55.401760,104.69999694824219,72.31999969482422
motor,2025-03-31 13:00:55.422998,104.80000305175781,73.0999984741211
motor,2025-03-31 13:00:55.441004,104.69999694824219,73.80999755859375
motor,2025-03-31 13:00:55.484435,104.80000305175781,74.94999694824219
motor,2025-03-31 13:00:55.491851,104.80000305175781,75.83999633789062
motor,2025-03-31 13:00:55.507324,104.80000305175781,76.72000122070312
odom,2025-03-31 13:00:55.515850,1.5718913297327748,-2.24799706791746,-13.70430673702301,-0.958926595535919,-0.13948516668415306,-1.9491801847880417
motor,2025-03-31 13:00:55.537786,104.80000305175781,77.1500015258789
motor,2025-03-31 13:00:55.540896,104.80000305175781,77.8499984741211
motor,2025-03-31 13:00:55.580651,104.69999694824219,78.29000091552734
motor,2025-03-31 13:00:55.581065,104.69999694824219,79.36000061035156
motor,2025-03-31 13:00:55.603487,104.80000305175781,80.31999969482422
motor,2025-03-31 13:00:55.622715,104.80000305175781,80.66999816894531
motor,2025-03-31 13:00:55.639828,104.80000305175781,81.11000061035156
motor,2025-03-31 13:00:55.662349,104.69999694824219,81.11000061035156
motor,2025-03-31 13:00:55.685423,104.69999694824219,81.63999938964844
motor,2025-03-31 13:00:55.702665,104.69999694824219,81.98999786376953
motor,2025-03-31 13:00:55.727165,104.69999694824219,82.43000030517578
motor,2025-03-31 13:00:55.745758,104.69999694824219,82.77999877929688
odom,2025-03-31 13:00:55.750213,1.6811848514106502,-2.259864653460647,-8.555407696849787,-0.8123551929526356,-0.03345483607048775,-1.104313288156223
motor,2025-03-31 13:00:55.761188,104.69999694824219,82.95999908447266
motor,2025-03-31 13:00:55.785108,104.80000305175781,83.30999755859375
motor,2025-03-31 13:00:55.800439,104.69999694824219,83.4800033569336
motor,2025-03-31 13:00:55.819763,104.80000305175781,83.4800033569336
motor,2025-03-31 13:00:55.839829,104.69999694824219,83.56999969482422
motor,2025-03-31 13:00:55.860293,104.80000305175781,83.83999633789062
motor,2025-03-31 13:00:55.886601,104.69999694824219,83.91999816894531
motor,2025-03-31 13:00:55.900080,104.69999694824219,84.19000244140625
motor,2025-03-31 13:00:55.919818,104.69999694824219,84.36000061035156
motor,2025-03-31 13:00:55.939944,104.69999694824219,84.29000091552734
motor,2025-03-31 13:00:55.960013,104.5999984741211,84.44999694824219
motor,2025-03-31 13:00:55.989346,104.69999694824219,84.44999694824219
motor,2025-03-31 13:00:55.999830,104.5999984741211,84.63999938964844
motor,2025-03-31 13:00:56.021238,104.5999984741211,84.72000122070312
motor,2025-03-31 13:00:56.039500,104.5999984741211,84.80000305175781
odom,2025-03-31 13:00:56.058362,1.800134535385899,-2.233274511708759,-2.657390236240532,-0.9578967243951041,-0.26129967643071617,-0.37781996008079166
motor,2025-03-31 13:00:56.059675,104.5999984741211,84.80000305175781
motor,2025-03-31 13:00:56.092206,104.5999984741211,84.88999938964844
motor,2025-03-31 13:00:56.099807,104.5999984741211,85.16000366210938
motor,2025-03-31 13:00:56.120122,104.4000015258789,84.9800033569336
motor,2025-03-31 13:00:56.139900,104.5,85.23999786376953
motor,2025-03-31 13:00:56.164366,104.5,85.05999755859375
motor,2025-03-31 13:00:56.210349,104.5,85.23999786376953
motor,2025-03-31 13:00:56.210774,104.30000305175781,85.41999816894531
motor,2025-03-31 13:00:56.220057,104.30000305175781,85.23999786376953
motor,2025-03-31 13:00:56.243104,104.30000305175781,85.16000366210938
motor,2025-03-31 13:00:56.260428,104.19999694824219,85.16000366210938
motor,2025-03-31 13:00:56.280232,104.30000305175781,85.2300033569336
motor,2025-03-31 13:00:56.299384,104.30000305175781,85.41000366210938
motor,2025-03-31 13:00:56.320079,104.30000305175781,85.2300033569336
motor,2025-03-31 13:00:56.339936,104.19999694824219,85.23999786376953
odom,2025-03-31 13:00:56.343786,1.9098134797821393,-2.2096591735655116,4.314771589291123,-0.9059982596206732,-0.12469060834079951,0.6138657574864462
motor,2025-03-31 13:00:56.360649,104.30000305175781,85.41000366210938
motor,2025-03-31 13:00:56.380427,104.19999694824219,85.4800033569336
motor,2025-03-31 13:00:56.399975,104.19999694824219,85.33000183105469
motor,2025-03-31 13:00:56.420410,104.30000305175781,85.33000183105469
motor,2025-03-31 13:00:56.446457,104.30000305175781,85.41999816894531
motor,2025-03-31 13:00:56.461066,104.30000305175781,85.41000366210938
motor,2025-03-31 13:00:56.480003,104.30000305175781,85.41000366210938
motor,2025-03-31 13:00:56.500763,104.30000305175781,85.33999633789062
motor,2025-03-31 13:00:56.519775,104.30000305175781,85.33000183105469
motor,2025-03-31 13:00:56.550136,104.30000305175781,85.41000366210938
motor,2025-03-31 13:00:56.561533,104.30000305175781,85.58000183105469
motor,2025-03-31 13:00:56.579225,104.30000305175781,85.51000213623047
motor,2025-03-31 13:00:56.600860,104.30000305175781,85.7699966430664
motor,2025-03-31 13:00:56.620047,104.30000305175781,85.41000366210938
odom,2025-03-31 13:00:56.625855,2.0033437889279,-2.175013969709995,11.100453701941811,-0.7274862252583177,-0.11815317710948442,1.4316080712688601
motor,2025-03-31 13:00:56.639952,104.30000305175781,85.5999984741211
motor,2025-03-31 13:00:56.659855,104.30000305175781,85.5999984741211
motor,2025-03-31 13:00:56.684061,104.30000305175781,85.33999633789062
motor,2025-03-31 13:00:56.703124,104.30000305175781,85.33000183105469
motor,2025-03-31 13:00:56.722030,104.19999694824219,85.33000183105469
motor,2025-03-31 13:00:56.741481,104.30000305175781,85.51000213623047
motor,2025-03-31 13:00:56.766067,104.30000305175781,85.51000213623047
motor,2025-03-31 13:00:56.781248,104.19999694824219,85.5999984741211
motor,2025-03-31 13:00:56.808684,104.30000305175781,85.51000213623047
motor,2025-03-31 13:00:56.821074,104.0999984741211,85.7699966430664
motor,2025-03-31 13:00:56.839984,103.5999984741211,85.41999816894531
motor,2025-03-31 13:00:56.860928,103.30000305175781,85.5999984741211
motor,2025-03-31 13:00:56.879951,103.0999984741211,85.68000030517578
motor,2025-03-31 13:00:56.907832,102.80000305175781,85.7699966430664
odom,2025-03-31 13:00:56.915991,2.1197551189220216,-2.1551902867163086,17.98605548660984,-0.9527219196031089,0.13935837984401184,2.559610774910104
motor,2025-03-31 13:00:56.919759,102.9000015258789,85.5999984741211
motor,2025-03-31 13:00:56.940696,102.80000305175781,85.41999816894531
motor,2025-03-31 13:00:56.959820,102.80000305175781,85.5199966430664
motor,2025-03-31 13:00:56.979423,102.80000305175781,85.77999877929688
motor,2025-03-31 13:00:57.010219,102.80000305175781,85.41999816894531
motor,2025-03-31 13:00:57.019995,102.80000305175781,85.41999816894531
motor,2025-03-31 13:00:57.039745,102.80000305175781,85.33000183105469
motor,2025-03-31 13:00:57.063079,102.9000015258789,85.23999786376953
motor,2025-03-31 13:00:57.080100,102.80000305175781,85.23999786376953
motor,2025-03-31 13:00:57.130181,102.80000305175781,85.33999633789062
motor,2025-03-31 13:00:57.130565,102.80000305175781,85.06999969482422
motor,2025-03-31 13:00:57.139236,102.80000305175781,84.9800033569336
motor,2025-03-31 13:00:57.164435,102.80000305175781,84.88999938964844
motor,2025-03-31 13:00:57.179776,102.80000305175781,84.80000305175781
odom,2025-03-31 13:00:57.196464,2.2151281757016505,-2.098905471946899,25.281316281410906,-0.8161670054648859,-0.07522284088923945,3.2657041964141356
motor,2025-03-31 13:00:57.199849,102.80000305175781,84.63999938964844
motor,2025-03-31 13:00:57.225066,102.80000305175781,84.72000122070312
motor,2025-03-31 13:00:57.240653,102.80000305175781,84.63999938964844
motor,2025-03-31 13:00:57.267721,102.80000305175781,84.62999725341797
motor,2025-03-31 13:00:57.280989,102.80000305175781,84.72000122070312
motor,2025-03-31 13:00:57.300225,102.80000305175781,84.44999694824219
motor,2025-03-31 13:00:57.319885,102.80000305175781,84.54000091552734
motor,2025-03-31 13:00:57.339896,102.80000305175781,84.55000305175781
motor,2025-03-31 13:00:57.359538,102.80000305175781,84.36000061035156
motor,2025-03-31 13:00:57.379754,102.80000305175781,84.54000091552734
motor,2025-03-31 13:00:57.401819,102.80000305175781,84.54000091552734
odom,2025-03-31 13:00:57.429774,2.2973606534185373,-2.0295750473278766,32.22026307548096,-0.8674921033370803,-0.12059157083408563,4.579123878404546
motor,2025-03-31 13:00:57.447464,102.9000015258789,84.54000091552734
motor,2025-03-31 13:00:57.447927,102.9000015258789,84.54000091552734
motor,2025-03-31 13:00:57.459660,102.80000305175781,84.27999877929688
motor,2025-03-31 13:00:57.505610,102.80000305175781,84.36000061035156
motor,2025-03-31 13:00:57.506023,102.5999984741211,84.44999694824219
motor,2025-03-31 13:00:57.521624,102.5,84.36000061035156
motor,2025-03-31 13:00:57.539709,102.30000305175781,84.36000061035156
motor,2025-03-31 13:00:57.559858,102.19999694824219,84.36000061035156
motor,2025-03-31 13:00:57.580741,101.80000305175781,84.11000061035156
motor,2025-03-31 13:00:57.600055,101.80000305175781,84.54000091552734
motor,2025-03-31 13:00:57.624053,101.9000015258789,84.29000091552734
motor,2025-03-31 13:00:57.639837,101.80000305175781,84.36000061035156
motor,2025-03-31 13:00:57.659858,101.69999694824219,84.36000061035156
motor,2025-03-31 13:00:57.679876,101.69999694824219,84.36000061035156
motor,2025-03-31 13:00:57.700792,101.80000305175781,84.54000091552734
odom,2025-03-31 13:00:57.710823,2.384134447550151,-1.9486956966405349,39.3724760223558,-0.9630338004526704,-0.0608238278499904,5.58999210587379
motor,2025-03-31 13:00:57.726954,101.80000305175781,84.29000091552734
motor,2025-03-31 13:00:57.739803,101.69999694824219,84.36000061035156
motor,2025-03-31 13:00:57.760923,101.69999694824219,84.19000244140625
motor,2025-03-31 13:00:57.782053,101.9000015258789,84.19000244140625
motor,2025-03-31 13:00:57.800184,101.80000305175781,84.36000061035156
motor,2025-03-31 13:00:57.823882,101.69999694824219,84.0999984741211
motor,2025-03-31 13:00:57.842380,101.9000015258789,84.18000030517578
motor,2025-03-31 13:00:57.859915,101.80000305175781,84.0999984741211
motor,2025-03-31 13:00:57.880950,101.69999694824219,84.19000244140625
motor,2025-03-31 13:00:57.899761,101.69999694824219,84.19000244140625
motor,2025-03-31 13:00:57.926032,101.69999694824219,84.19000244140625
motor,2025-03-31 13:00:57.939959,101.69999694824219,84.19000244140625
motor,2025-03-31 13:00:57.959917,101.69999694824219,84.19000244140625
odom,2025-03-31 13:00:57.965234,2.459408661044317,-1.8624544691539586,46.63976206198786,-0.8472200393447719,-0.03320892288499778,6.029279856836888
motor,2025-03-31 13:00:57.983929,101.69999694824219,84.0199966430664
motor,2025-03-31 13:00:57.999978,101.9000015258789,84.29000091552734
motor,2025-03-31 13:00:58.020911,101.80000305175781,83.94000244140625
motor,2025-03-31 13:00:58.039977,101.9000015258789,84.01000213623047
motor,2025-03-31 13:00:58.063788,101.9000015258789,84.0199966430664
motor,2025-03-31 13:00:58.089137,101.69999694824219,83.94000244140625
motor,2025-03-31 13:00:58.105337,101.9000015258789,83.66000366210938
motor,2025-03-31 13:00:58.119982,101.9000015258789,83.4800033569336
odom,2025-03-31 13:00:58.191419,2.5110913208961296,-1.7816959646363828,53.39886784688604,-0.7778402326852941,-0.05416397141796297,7.579155582940481
motor,2025-03-31 13:00:58.192953,101.80000305175781,83.12999725341797
motor,2025-03-31 13:00:58.193313,101.80000305175781,82.87000274658203
motor,2025-03-31 13:00:58.200074,101.80000305175781,82.95999908447266
motor,2025-03-31 13:00:58.220012,101.80000305175781,82.87000274658203
motor,2025-03-31 13:00:58.240017,101.80000305175781,82.69000244140625
motor,2025-03-31 13:00:58.259318,101.80000305175781,82.7699966430664
motor,2025-03-31 13:00:58.280008,101.9000015258789,82.7699966430664
motor,2025-03-31 13:00:58.300072,101.9000015258789,82.5999984741211
motor,2025-03-31 13:00:58.320075,101.80000305175781,82.5199966430664
motor,2025-03-31 13:00:58.340624,101.80000305175781,82.5199966430664
motor,2025-03-31 13:00:58.359409,101.80000305175781,82.33999633789062
motor,2025-03-31 13:00:58.379979,101.69999694824219,82.43000030517578
motor,2025-03-31 13:00:58.400083,101.9000015258789,82.43000030517578
motor,2025-03-31 13:00:58.420064,101.80000305175781,82.33999633789062
odom,2025-03-31 13:00:58.420671,2.532868053123922,-1.6964024337866372,59.02766972194941,-0.6248647018870858,-0.18687212788216445,7.632930660140495
motor,2025-03-31 13:00:58.443399,101.80000305175781,82.43000030517578
motor,2025-03-31 13:00:58.459987,101.80000305175781,82.18000030517578
motor,2025-03-31 13:00:58.480318,101.80000305175781,82.16999816894531
motor,2025-03-31 13:00:58.500496,101.80000305175781,82.18000030517578
motor,2025-03-31 13:00:58.519971,101.69999694824219,82.3499984741211
motor,2025-03-31 13:00:58.543100,101.80000305175781,82.16999816894531
motor,2025-03-31 13:00:58.561418,101.80000305175781,82.25
motor,2025-03-31 13:00:58.579503,102.0,82.26000213623047
motor,2025-03-31 13:00:58.599189,102.0,82.0
odom,2025-03-31 13:00:58.602801,2.561877787901756,-1.6076187473314834,61.02822273188807,-0.7468166976932887,-0.14350567445049878,8.672316787901705
motor,2025-03-31 13:00:58.619469,102.0,82.18000030517578
motor,2025-03-31 13:00:58.642789,102.0,82.08000183105469
motor,2025-03-31 13:00:58.659685,102.19999694824219,82.08000183105469
motor,2025-03-31 13:00:58.680094,102.19999694824219,82.25
motor,2025-03-31 13:00:58.700638,102.19999694824219,81.98999786376953
motor,2025-03-31 13:00:58.720190,102.19999694824219,82.08000183105469
motor,2025-03-31 13:00:58.751062,102.19999694824219,82.0
motor,2025-03-31 13:00:58.759786,102.30000305175781,81.98999786376953
motor,2025-03-31 13:00:58.779821,102.19999694824219,82.0
odom,2025-03-31 13:00:58.781110,2.599961065873581,-1.5160227250612752,59.96280906574569,-0.7273660329388035,-0.09525470788895099,7.739335859080883
motor,2025-03-31 13:00:58.802830,102.19999694824219,82.08000183105469
motor,2025-03-31 13:00:58.820016,102.19999694824219,82.0
motor,2025-03-31 13:00:58.839896,102.0,82.0
motor,2025-03-31 13:00:58.859900,102.30000305175781,82.08000183105469
motor,2025-03-31 13:00:58.880135,102.19999694824219,82.08000183105469
motor,2025-03-31 13:00:58.905306,102.19999694824219,81.98999786376953
motor,2025-03-31 13:00:58.919638,102.19999694824219,82.08999633789062
motor,2025-03-31 13:00:58.940166,102.19999694824219,81.98999786376953
motor,2025-03-31 13:00:58.959889,102.19999694824219,82.08000183105469
odom,2025-03-31 13:00:58.962405,2.6649804891953432,-1.422174009356802,56.58008149040455,-0.9286487500266716,0.02098839064115446,8.034263206671053
motor,2025-03-31 13:00:58.980031,102.19999694824219,81.9000015258789
motor,2025-03-31 13:00:59.003762,102.19999694824219,82.0
motor,2025-03-31 13:00:59.021399,102.19999694824219,82.0
motor,2025-03-31 13:00:59.042570,102.19999694824219,82.0
motor,2025-03-31 13:00:59.061168,102.19999694824219,82.0
motor,2025-03-31 13:00:59.085199,102.19999694824219,81.83000183105469
motor,2025-03-31 13:00:59.108221,102.19999694824219,81.75
motor,2025-03-31 13:00:59.126730,102.19999694824219,81.91000366210938
motor,2025-03-31 13:00:59.139586,102.19999694824219,81.6500015258789
motor,2025-03-31 13:00:59.160827,102.19999694824219,81.6500015258789
motor,2025-03-31 13:00:59.182550,102.19999694824219,81.7300033569336
motor,2025-03-31 13:00:59.200385,102.19999694824219,81.47000122070312
odom,2025-03-31 13:00:59.204569,2.7425113284158398,-1.335323315641087,50.986152200666965,-0.861376866462397,0.04124161692376974,6.591513260274082
motor,2025-03-31 13:00:59.227641,102.19999694824219,81.55000305175781
motor,2025-03-31 13:00:59.244000,102.19999694824219,81.55999755859375
motor,2025-03-31 13:00:59.276397,102.19999694824219,81.48999786376953
motor,2025-03-31 13:00:59.281462,102.19999694824219,81.55000305175781
motor,2025-03-31 13:00:59.300032,102.19999694824219,81.45999908447266
motor,2025-03-31 13:00:59.320885,102.19999694824219,81.45999908447266
motor,2025-03-31 13:00:59.342591,102.19999694824219,81.45999908447266
motor,2025-03-31 13:00:59.361060,102.19999694824219,81.55000305175781
motor,2025-03-31 13:00:59.382450,102.19999694824219,81.55000305175781
motor,2025-03-31 13:00:59.403463,102.19999694824219,81.37000274658203
motor,2025-03-31 13:00:59.466051,102.19999694824219,81.37000274658203
motor,2025-03-31 13:00:59.466427,102.19999694824219,81.55000305175781
motor,2025-03-31 13:00:59.466746,102.19999694824219,81.30000305175781
odom,2025-03-31 13:00:59.467584,2.8212226527918354,-1.263545554268531,43.8712581253907,-0.8666250671833071,0.022832761178744464,6.2314477447401355
motor,2025-03-31 13:00:59.484500,102.19999694824219,81.38999938964844
motor,2025-03-31 13:00:59.501987,102.19999694824219,81.55000305175781
motor,2025-03-31 13:00:59.519983,102.19999694824219,81.30000305175781
motor,2025-03-31 13:00:59.539959,102.19999694824219,81.30000305175781
motor,2025-03-31 13:00:59.568752,102.19999694824219,81.30000305175781
motor,2025-03-31 13:00:59.583663,102.19999694824219,81.30000305175781
motor,2025-03-31 13:00:59.601686,102.19999694824219,81.30000305175781
motor,2025-03-31 13:00:59.623086,102.19999694824219,81.30000305175781
motor,2025-03-31 13:00:59.641870,102.19999694824219,81.29000091552734
motor,2025-03-31 13:00:59.673715,102.19999694824219,81.36000061035156
motor,2025-03-31 13:00:59.679868,102.19999694824219,81.36000061035156
motor,2025-03-31 13:00:59.699695,102.19999694824219,81.55000305175781
motor,2025-03-31 13:00:59.721342,102.30000305175781,81.55000305175781
odom,2025-03-31 13:00:59.727222,2.916905437599481,-1.1942222681275096,36.51923180493397,-0.8745837708693657,0.009089718004350359,4.718098526352233
motor,2025-03-31 13:00:59.739472,102.19999694824219,81.37000274658203
motor,2025-03-31 13:00:59.760254,102.19999694824219,81.55000305175781
motor,2025-03-31 13:00:59.779845,102.19999694824219,81.29000091552734
motor,2025-03-31 13:00:59.800057,102.19999694824219,81.55000305175781
motor,2025-03-31 13:00:59.827308,102.19999694824219,81.29000091552734
motor,2025-03-31 13:00:59.839647,102.19999694824219,81.45999908447266
motor,2025-03-31 13:00:59.859935,102.19999694824219,81.29000091552734
motor,2025-03-31 13:00:59.879900,102.19999694824219,81.29000091552734
motor,2025-03-31 13:00:59.900122,102.0999984741211,81.19999694824219
motor,2025-03-31 13:00:59.930204,102.19999694824219,81.37000274658203
motor,2025-03-31 13:00:59.940081,102.19999694824219,81.30000305175781
motor,2025-03-31 13:00:59.959834,102.19999694824219,81.45999908447266
motor,2025-03-31 13:00:59.979714,102.19999694824219,81.29000091552734
odom,2025-03-31 13:00:59.986592,3.0001073426744886,-1.133115400320695,28.88693776524891,-0.8331744977577866,-0.10833084508449778,4.1034180792562065
motor,2025-03-31 13:00:59.999954,102.19999694824219,81.55000305175781
motor,2025-03-31 13:01:00.019939,102.19999694824219,81.37000274658203
motor,2025-03-31 13:01:00.039954,102.19999694824219,81.55000305175781
motor,2025-03-31 13:01:00.061435,102.19999694824219,81.55000305175781
motor,2025-03-31 13:01:00.079805,102.19999694824219,81.45999908447266
motor,2025-03-31 13:01:00.099757,102.19999694824219,81.54000091552734
motor,2025-03-31 13:01:00.120057,102.19999694824219,81.37000274658203
motor,2025-03-31 13:01:00.139975,102.19999694824219,81.37000274658203
motor,2025-03-31 13:01:00.159670,102.19999694824219,81.36000061035156
motor,2025-03-31 13:01:00.182309,102.19999694824219,81.54000091552734
motor,2025-03-31 13:01:00.199982,102.5999984741211,81.45999908447266
motor,2025-03-31 13:01:00.220131,102.19999694824219,81.36000061035156
motor,2025-03-31 13:01:00.239936,102.0999984741211,81.29000091552734
odom,2025-03-31 13:01:00.246067,3.097958273177589,-1.097289180829697,21.13694866322636,-0.8484992548760716,0.015221290391724027,3.004413374264285
motor,2025-03-31 13:01:00.259835,102.19999694824219,81.55000305175781
motor,2025-03-31 13:01:00.284673,102.19999694824219,81.55000305175781
motor,2025-03-31 13:01:00.300050,102.19999694824219,81.37000274658203
motor,2025-03-31 13:01:00.320081,102.19999694824219,81.37000274658203
motor,2025-03-31 13:01:00.339823,102.19999694824219,81.37000274658203
motor,2025-03-31 13:01:00.359964,102.19999694824219,81.30000305175781
motor,2025-03-31 13:01:00.387632,102.19999694824219,81.29000091552734
motor,2025-03-31 13:01:00.401879,102.30000305175781,81.37000274658203
motor,2025-03-31 13:01:00.420266,102.19999694824219,81.37000274658203
motor,2025-03-31 13:01:00.442728,102.19999694824219,81.29000091552734
motor,2025-03-31 13:01:00.490515,102.19999694824219,81.29000091552734
motor,2025-03-31 13:01:00.491017,102.19999694824219,81.37000274658203
motor,2025-03-31 13:01:00.501046,102.19999694824219,81.55000305175781
odom,2025-03-31 13:01:00.504225,3.1989483897182818,-1.0716641603556296,14.100207367168402,-0.7710991124521377,-0.0018495318417307404,1.821321310798949
motor,2025-03-31 13:01:00.519845,102.19999694824219,81.55000305175781
motor,2025-03-31 13:01:00.544796,102.19999694824219,81.30000305175781
motor,2025-03-31 13:01:00.559679,102.19999694824219,81.38999938964844
motor,2025-03-31 13:01:00.579300,102.19999694824219,81.29000091552734
motor,2025-03-31 13:01:00.599215,102.19999694824219,81.45999908447266
motor,2025-03-31 13:01:00.619263,102.19999694824219,81.29000091552734
motor,2025-03-31 13:01:00.639556,102.19999694824219,81.29000091552734
motor,2025-03-31 13:01:00.659589,102.19999694824219,81.30000305175781
motor,2025-03-31 13:01:00.679709,102.19999694824219,81.37000274658203
motor,2025-03-31 13:01:00.700834,102.19999694824219,81.29000091552734
motor,2025-03-31 13:01:00.720129,102.19999694824219,81.29000091552734
odom,2025-03-31 13:01:00.742240,3.313340917961557,-1.052685485948658,6.975547879992946,-0.9445068950670797,-0.04032136970271857,0.9925726278625231
motor,2025-03-31 13:01:00.742930,102.19999694824219,81.37000274658203
motor,2025-03-31 13:01:00.760488,102.19999694824219,81.37000274658203
motor,2025-03-31 13:01:00.803846,102.30000305175781,81.37000274658203
motor,2025-03-31 13:01:00.804300,102.19999694824219,81.30000305175781
motor,2025-03-31 13:01:00.822586,102.19999694824219,81.37000274658203
motor,2025-03-31 13:01:00.843019,102.19999694824219,81.30000305175781
motor,2025-03-31 13:01:00.861051,102.19999694824219,81.38999938964844
motor,2025-03-31 13:01:00.879692,102.19999694824219,81.29000091552734
motor,2025-03-31 13:01:00.901004,102.19999694824219,81.37000274658203
motor,2025-03-31 13:01:00.921485,102.19999694824219,81.37000274658203
motor,2025-03-31 13:01:00.939969,102.19999694824219,81.37000274658203
motor,2025-03-31 13:01:00.960930,102.19999694824219,81.30000305175781
motor,2025-03-31 13:01:00.979871,102.19999694824219,81.30000305175781
odom,2025-03-31 13:01:00.981269,3.4504440845127453,-1.0225079431407742,0.4620292091791135,-1.0159561522168157,-0.21504588733031516,0.059651076264877416
motor,2025-03-31 13:01:01.002969,102.19999694824219,81.29000091552734
motor,2025-03-31 13:01:01.030756,102.0999984741211,81.29000091552734
motor,2025-03-31 13:01:01.045949,102.19999694824219,81.29000091552734
motor,2025-03-31 13:01:01.059837,102.19999694824219,81.36000061035156
motor,2025-03-31 13:01:01.082757,102.19999694824219,81.37000274658203
motor,2025-03-31 13:01:01.120926,102.19999694824219,81.29000091552734
motor,2025-03-31 13:01:01.121292,102.19999694824219,80.76000213623047
motor,2025-03-31 13:01:01.177271,102.0999984741211,80.75
motor,2025-03-31 13:01:01.178225,102.19999694824219,80.66000366210938
motor,2025-03-31 13:01:01.179170,102.19999694824219,80.66999816894531
odom,2025-03-31 13:01:01.194250,3.5293031668644157,-1.0356182373306408,-3.1775319003902385,-0.6474504090049069,0.07103933418449608,-0.4518564272044052
motor,2025-03-31 13:01:01.213072,102.0999984741211,80.41000366210938
motor,2025-03-31 13:01:01.239125,102.19999694824219,80.30999755859375
odom,2025-03-31 13:01:01.280804,3.5314329405697302,-1.042201550127352,-3.3901829029079633,-0.02048004790963383,0.05248219987581118,-0.4817620639211789
motor,2025-03-31 13:01:01.283919,102.30000305175781,80.30999755859375
motor,2025-03-31 13:01:01.284324,102.30000305175781,80.2300033569336
motor,2025-03-31 13:01:01.284652,102.4000015258789,80.31999969482422
motor,2025-03-31 13:01:01.310060,102.30000305175781,80.4800033569336
motor,2025-03-31 13:01:01.319738,102.5,80.2300033569336
motor,2025-03-31 13:01:01.339700,102.9000015258789,80.12999725341797
motor,2025-03-31 13:01:01.361130,103.4000015258789,80.05000305175781
motor,2025-03-31 13:01:01.412815,103.69999694824219,80.13999938964844
motor,2025-03-31 13:01:01.413616,103.5999984741211,80.05000305175781
odom,2025-03-31 13:01:01.418829,3.496156954544062,-1.0241839245387894,-2.4950818731127833,0.26681936768315295,-0.12194053985750357,-0.3225169211838822
motor,2025-03-31 13:01:01.420847,103.5999984741211,79.88999938964844
motor,2025-03-31 13:01:01.440056,103.5999984741211,79.69999694824219
motor,2025-03-31 13:01:01.465439,103.5999984741211,79.77999877929688
motor,2025-03-31 13:01:01.481688,103.5999984741211,79.77999877929688
motor,2025-03-31 13:01:01.499748,103.5999984741211,80.05000305175781
motor,2025-03-31 13:01:01.524736,103.5999984741211,79.94999694824219
motor,2025-03-31 13:01:01.540504,103.69999694824219,79.87999725341797
motor,2025-03-31 13:01:01.567873,103.5999984741211,79.77999877929688
motor,2025-03-31 13:01:01.580750,103.5999984741211,79.77999877929688
odom,2025-03-31 13:01:01.581257,3.4218755073051437,-1.018883905273568,-1.5218528094104593,0.6054973110194356,-0.02706463576999053,-0.2161785992759333
motor,2025-03-31 13:01:01.599963,103.69999694824219,79.79000091552734
motor,2025-03-31 13:01:01.620030,103.69999694824219,79.87999725341797
motor,2025-03-31 13:01:01.641199,103.5999984741211,79.94999694824219
motor,2025-03-31 13:01:01.660593,103.5999984741211,79.69999694824219
motor,2025-03-31 13:01:01.680099,103.5999984741211,79.77999877929688
motor,2025-03-31 13:01:01.699748,103.5999984741211,79.69999694824219
odom,2025-03-31 13:01:01.719066,3.33289186724517,-1.0183557939568915,-1.6730038191704202,0.6584270265167222,0.015320783098148223,-0.21611343103729252
motor,2025-03-31 13:01:01.720052,103.5999984741211,79.77999877929688
motor,2025-03-31 13:01:01.740025,103.5999984741211,79.69999694824219
motor,2025-03-31 13:01:01.759966,103.69999694824219,79.77999877929688
motor,2025-03-31 13:01:01.779745,103.69999694824219,79.79000091552734
motor,2025-03-31 13:01:01.800616,103.5999984741211,79.69999694824219
motor,2025-03-31 13:01:01.822130,103.5999984741211,79.69999694824219
motor,2025-03-31 13:01:01.862927,103.5999984741211,79.69999694824219
motor,2025-03-31 13:01:01.864168,103.5999984741211,79.77999877929688
motor,2025-03-31 13:01:01.879971,103.5999984741211,79.5999984741211
odom,2025-03-31 13:01:01.881240,3.230096204968959,-1.02153805278698,-3.0331023893464812,0.8338524551207191,0.07011213091228996,-0.430725643603328
motor,2025-03-31 13:01:01.899981,103.5999984741211,79.43000030517578
motor,2025-03-31 13:01:01.922175,103.5999984741211,79.69999694824219
motor,2025-03-31 13:01:01.941999,103.80000305175781,79.52999877929688
motor,2025-03-31 13:01:01.960109,103.80000305175781,79.61000061035156
motor,2025-03-31 13:01:01.980094,103.80000305175781,79.52999877929688
motor,2025-03-31 13:01:01.999870,103.80000305175781,79.62999725341797
motor,2025-03-31 13:01:02.024562,103.80000305175781,79.5999984741211
motor,2025-03-31 13:01:02.039316,104.19999694824219,79.43000030517578
motor,2025-03-31 13:01:02.059951,104.30000305175781,79.3499984741211
motor,2025-03-31 13:01:02.079917,104.30000305175781,79.3499984741211
odom,2025-03-31 13:01:02.095079,3.117351755036804,-1.0217196523797292,-6.16181633564505,0.911319909056189,0.09987180583127994,-0.8744877657325566
motor,2025-03-31 13:01:02.099755,104.4000015258789,79.44000244140625
motor,2025-03-31 13:01:02.127096,104.4000015258789,79.54000091552734
motor,2025-03-31 13:01:02.139635,104.5,79.44000244140625
motor,2025-03-31 13:01:02.160439,104.4000015258789,79.54000091552734
motor,2025-03-31 13:01:02.182275,104.4000015258789,79.36000061035156
motor,2025-03-31 13:01:02.201800,104.4000015258789,79.61000061035156
motor,2025-03-31 13:01:02.229308,104.30000305175781,79.3499984741211
motor,2025-03-31 13:01:02.239844,104.4000015258789,79.54000091552734
motor,2025-03-31 13:01:02.260098,104.4000015258789,79.61000061035156
motor,2025-03-31 13:01:02.280906,104.4000015258789,79.61000061035156
motor,2025-03-31 13:01:02.300064,104.4000015258789,79.3499984741211
motor,2025-03-31 13:01:02.331650,104.4000015258789,79.52999877929688
odom,2025-03-31 13:01:02.334771,3.010762536573954,-1.0198167336652189,-10.829321499940546,0.7781109823399559,0.13449453642384107,-1.4000073134455553
motor,2025-03-31 13:01:02.340077,104.5,79.33999633789062
motor,2025-03-31 13:01:02.359884,104.4000015258789,79.52999877929688
motor,2025-03-31 13:01:02.387715,104.4000015258789,79.3499984741211
motor,2025-03-31 13:01:02.400041,104.5999984741211,79.69999694824219
motor,2025-03-31 13:01:02.420268,105.4000015258789,79.61000061035156
motor,2025-03-31 13:01:02.439834,105.5999984741211,79.3499984741211
motor,2025-03-31 13:01:02.460958,105.5999984741211,79.69999694824219
motor,2025-03-31 13:01:02.489892,105.5999984741211,79.5999984741211
motor,2025-03-31 13:01:02.500756,105.5999984741211,79.52999877929688
motor,2025-03-31 13:01:02.520030,105.5999984741211,79.80000305175781
motor,2025-03-31 13:01:02.541251,105.5999984741211,79.61000061035156
motor,2025-03-31 13:01:02.559878,105.69999694824219,79.43000030517578
odom,2025-03-31 13:01:02.576976,2.91353291601665,-1.010867284285777,-15.926225821807527,0.7804123004161351,0.1469989309392319,-2.2607612178905763
motor,2025-03-31 13:01:02.580031,105.5999984741211,79.77999877929688
motor,2025-03-31 13:01:02.601855,105.5999984741211,79.70999908447266
motor,2025-03-31 13:01:02.619352,105.5999984741211,79.69999694824219
motor,2025-03-31 13:01:02.644021,105.5999984741211,79.79000091552734
motor,2025-03-31 13:01:02.663767,105.5999984741211,79.61000061035156
motor,2025-03-31 13:01:02.679309,105.5999984741211,79.69999694824219
motor,2025-03-31 13:01:02.700378,105.69999694824219,79.79000091552734
motor,2025-03-31 13:01:02.720764,105.5999984741211,79.79000091552734
motor,2025-03-31 13:01:02.744918,105.5999984741211,79.70999908447266
motor,2025-03-31 13:01:02.760220,105.5999984741211,79.61000061035156
motor,2025-03-31 13:01:02.780038,105.5999984741211,79.79000091552734
motor,2025-03-31 13:01:02.799998,105.80000305175781,79.69999694824219
odom,2025-03-31 13:01:02.817188,2.808418376873231,-1.0042794230986365,-21.93575025847369,0.7402923329607912,0.24553843362836547,-2.835192966427016
motor,2025-03-31 13:01:02.819806,105.5999984741211,79.77999877929688
motor,2025-03-31 13:01:02.843842,105.5999984741211,79.69999694824219
motor,2025-03-31 13:01:02.859649,105.5999984741211,79.79000091552734
motor,2025-03-31 13:01:02.879749,105.5999984741211,79.77999877929688
motor,2025-03-31 13:01:02.899893,105.5999984741211,79.69999694824219
motor,2025-03-31 13:01:02.919984,105.5999984741211,79.97000122070312
motor,2025-03-31 13:01:02.946230,105.5999984741211,79.5999984741211
motor,2025-03-31 13:01:02.960685,105.5999984741211,79.61000061035156
motor,2025-03-31 13:01:02.981465,105.5999984741211,79.79000091552734
motor,2025-03-31 13:01:03.001702,105.5999984741211,79.69999694824219
motor,2025-03-31 13:01:03.019805,105.5999984741211,79.97000122070312
motor,2025-03-31 13:01:03.047725,105.5999984741211,79.69000244140625
odom,2025-03-31 13:01:03.059308,2.7378999213395043,-0.9819673950765658,-26.526462697084074,0.5952122488501104,0.09394329727950089,-3.7718210482897683
motor,2025-03-31 13:01:03.060221,105.5999984741211,79.77999877929688
motor,2025-03-31 13:01:03.079991,105.5999984741211,79.77999877929688
motor,2025-03-31 13:01:03.104221,105.5999984741211,80.05000305175781
motor,2025-03-31 13:01:03.119927,105.5999984741211,79.87999725341797
motor,2025-03-31 13:01:03.150325,105.5999984741211,80.51000213623047
motor,2025-03-31 13:01:03.159175,105.5999984741211,80.66999816894531
motor,2025-03-31 13:01:03.179367,105.5999984741211,80.58000183105469
motor,2025-03-31 13:01:03.205558,105.5999984741211,81.11000061035156
motor,2025-03-31 13:01:03.219556,105.5999984741211,81.73999786376953
motor,2025-03-31 13:01:03.240750,105.5999984741211,82.0
odom,2025-03-31 13:01:03.248386,2.670893973019311,-0.9565791458384586,-29.060209212843098,0.5243144933796435,0.07657085395766851,-3.750657812089362
motor,2025-03-31 13:01:03.259629,105.5999984741211,82.43000030517578
motor,2025-03-31 13:01:03.279977,105.5999984741211,82.95999908447266
motor,2025-03-31 13:01:03.308818,105.5999984741211,83.30999755859375
motor,2025-03-31 13:01:03.319910,105.5999984741211,83.4800033569336
motor,2025-03-31 13:01:03.339590,105.5999984741211,83.83999633789062
motor,2025-03-31 13:01:03.359979,105.5999984741211,84.62999725341797
odom,2025-03-31 13:01:03.360450,2.639236730615293,-0.94136689102424,-29.182537965651544,0.28555293554739464,0.017549474139601028,-4.148773519007134
motor,2025-03-31 13:01:03.379859,105.5999984741211,85.23999786376953
motor,2025-03-31 13:01:03.401067,105.5999984741211,85.5999984741211
motor,2025-03-31 13:01:03.419520,105.5999984741211,86.30000305175781
motor,2025-03-31 13:01:03.439328,105.5999984741211,86.75
odom,2025-03-31 13:01:03.446245,2.646393497786508,-0.9410374154922143,-29.40529390937339,-0.04948946303531807,-0.030973893514277415,-4.182285644763854
motor,2025-03-31 13:01:03.460106,105.5999984741211,87.45999908447266
motor,2025-03-31 13:01:03.480582,105.5999984741211,88.33999633789062
motor,2025-03-31 13:01:03.519815,105.5999984741211,89.29000091552734
motor,2025-03-31 13:01:03.520668,105.5999984741211,89.98999786376953
motor,2025-03-31 13:01:03.540899,105.5999984741211,90.26000213623047
motor,2025-03-31 13:01:03.574662,105.5999984741211,90.69999694824219
motor,2025-03-31 13:01:03.584084,105.5999984741211,91.05000305175781
motor,2025-03-31 13:01:03.600570,105.5999984741211,91.58000183105469
motor,2025-03-31 13:01:03.620846,105.5999984741211,91.4000015258789
odom,2025-03-31 13:01:03.633433,2.671049223543381,-0.9632343533931383,-31.711138370658258,-0.24154538634162348,0.04382998751140139,-4.0954934690760485
motor,2025-03-31 13:01:03.642292,105.5999984741211,91.58000183105469
motor,2025-03-31 13:01:03.666055,105.5999984741211,92.27999877929688
motor,2025-03-31 13:01:03.682060,105.5999984741211,92.62999725341797
motor,2025-03-31 13:01:03.700414,105.5999984741211,93.52999877929688
motor,2025-03-31 13:01:03.740214,105.5999984741211,94.22000122070312
motor,2025-03-31 13:01:03.740752,105.5999984741211,94.31999969482422
motor,2025-03-31 13:01:03.763595,105.5999984741211,94.91999816894531
motor,2025-03-31 13:01:03.782188,105.5999984741211,94.91999816894531
motor,2025-03-31 13:01:03.799640,105.5999984741211,95.0999984741211
motor,2025-03-31 13:01:03.819933,105.5999984741211,95.2699966430664
motor,2025-03-31 13:01:03.848177,105.5999984741211,95.63999938964844
odom,2025-03-31 13:01:03.872783,2.707266801848103,-0.990481560179286,-35.34133414811931,-0.3687838176814559,0.010388310268857845,-5.021011946406097
motor,2025-03-31 13:01:03.879950,105.5999984741211,95.80000305175781
motor,2025-03-31 13:01:03.883060,105.5999984741211,95.9800033569336
motor,2025-03-31 13:01:03.899621,105.5999984741211,95.80000305175781
motor,2025-03-31 13:01:03.921003,105.5999984741211,95.63999938964844
motor,2025-03-31 13:01:03.943082,105.69999694824219,94.83999633789062
motor,2025-03-31 13:01:03.970929,105.5999984741211,94.93000030517578
motor,2025-03-31 13:01:03.982907,105.5999984741211,94.93000030517578
motor,2025-03-31 13:01:04.001645,105.5999984741211,95.11000061035156
motor,2025-03-31 13:01:04.030708,105.69999694824219,94.93000030517578
motor,2025-03-31 13:01:04.039584,105.5999984741211,95.11000061035156
motor,2025-03-31 13:01:04.071096,105.5999984741211,94.91999816894531
motor,2025-03-31 13:01:04.080502,105.5999984741211,94.91999816894531
motor,2025-03-31 13:01:04.099707,105.5999984741211,94.93000030517578
motor,2025-03-31 13:01:04.121577,105.5999984741211,94.73999786376953
odom,2025-03-31 13:01:04.136803,2.7610766241387226,-1.0247448796539522,-40.67300090573575,-0.46789507368101185,-0.06730896744555415,-5.260305222831457
motor,2025-03-31 13:01:04.140094,105.5999984741211,94.76000213623047
motor,2025-03-31 13:01:04.159797,105.5999984741211,94.66999816894531
motor,2025-03-31 13:01:04.179698,105.5999984741211,94.93000030517578
motor,2025-03-31 13:01:04.199934,105.69999694824219,94.93000030517578
motor,2025-03-31 13:01:04.219893,105.5999984741211,94.73999786376953
motor,2025-03-31 13:01:04.239787,105.5999984741211,94.73999786376953
motor,2025-03-31 13:01:04.259919,105.5999984741211,94.66999816894531
motor,2025-03-31 13:01:04.279770,105.5999984741211,94.7300033569336
motor,2025-03-31 13:01:04.299998,105.5999984741211,94.98999786376953
motor,2025-03-31 13:01:04.321298,105.5999984741211,94.73999786376953
motor,2025-03-31 13:01:04.339674,105.5999984741211,94.86000061035156
motor,2025-03-31 13:01:04.359789,105.5999984741211,94.76000213623047
odom,2025-03-31 13:01:04.376501,2.8078082152821136,-1.081314080454008,-47.57967041459397,-0.5972596066967071,0.02984160013970904,-6.767906017919556
motor,2025-03-31 13:01:04.379410,105.5999984741211,94.91999816894531
motor,2025-03-31 13:01:04.399674,105.4000015258789,94.94999694824219
motor,2025-03-31 13:01:04.419559,105.5999984741211,94.76000213623047
motor,2025-03-31 13:01:04.439727,105.5999984741211,94.73999786376953
motor,2025-03-31 13:01:04.459356,105.5999984741211,94.56999969482422
motor,2025-03-31 13:01:04.483097,105.5999984741211,94.56999969482422
motor,2025-03-31 13:01:04.500016,105.4000015258789,94.73999786376953
motor,2025-03-31 13:01:04.519910,105.5999984741211,94.55000305175781
motor,2025-03-31 13:01:04.539492,105.5999984741211,94.56999969482422
motor,2025-03-31 13:01:04.561991,105.5999984741211,94.56999969482422
motor,2025-03-31 13:01:04.582895,105.5999984741211,94.55000305175781
motor,2025-03-31 13:01:04.603009,105.69999694824219,94.38999938964844
motor,2025-03-31 13:01:04.620626,105.5999984741211,94.38999938964844
motor,2025-03-31 13:01:04.640226,105.5999984741211,94.58000183105469
motor,2025-03-31 13:01:04.662928,105.5999984741211,94.56999969482422
motor,2025-03-31 13:01:04.685654,105.5999984741211,94.58000183105469
odom,2025-03-31 13:01:04.686319,2.849360366080219,-1.1570396893781243,-54.214416553228816,-0.6339794911285588,0.07819263449097869,-6.997594366749754
motor,2025-03-31 13:01:04.699640,105.5999984741211,94.56999969482422
motor,2025-03-31 13:01:04.720801,105.5999984741211,94.37999725341797
motor,2025-03-31 13:01:04.740531,105.5999984741211,94.38999938964844
motor,2025-03-31 13:01:04.761210,105.5999984741211,94.56999969482422
motor,2025-03-31 13:01:04.787232,105.5999984741211,94.38999938964844
motor,2025-03-31 13:01:04.799777,105.5999984741211,94.38999938964844
motor,2025-03-31 13:01:04.819207,105.5999984741211,94.22000122070312
motor,2025-03-31 13:01:04.839885,105.5999984741211,94.38999938964844
motor,2025-03-31 13:01:04.859857,105.5999984741211,94.22000122070312
motor,2025-03-31 13:01:04.890999,105.5999984741211,94.56999969482422
motor,2025-03-31 13:01:04.902006,105.5999984741211,94.29000091552734
motor,2025-03-31 13:01:04.920127,105.5999984741211,94.58000183105469
motor,2025-03-31 13:01:04.948331,105.5999984741211,94.37999725341797
motor,2025-03-31 13:01:04.960518,105.5999984741211,94.37999725341797
odom,2025-03-31 13:01:04.967704,2.8846940632340745,-1.2433109845379615,-61.358277918101564,-0.7543762023500544,0.0842095085263726,-8.719421858016387
motor,2025-03-31 13:01:04.992528,105.5999984741211,94.38999938964844
motor,2025-03-31 13:01:05.000024,105.5999984741211,94.22000122070312
motor,2025-03-31 13:01:05.021705,105.5999984741211,94.22000122070312
motor,2025-03-31 13:01:05.050402,105.69999694824219,94.38999938964844
motor,2025-03-31 13:01:05.102180,105.5999984741211,94.41000366210938
motor,2025-03-31 13:01:05.102577,105.69999694824219,94.38999938964844
motor,2025-03-31 13:01:05.111447,105.5999984741211,94.30000305175781
motor,2025-03-31 13:01:05.119621,105.5999984741211,94.55000305175781
motor,2025-03-31 13:01:05.141430,105.5999984741211,95.2699966430664
motor,2025-03-31 13:01:05.160449,105.5999984741211,96.33000183105469
motor,2025-03-31 13:01:05.179264,105.5999984741211,96.8499984741211
motor,2025-03-31 13:01:05.200012,105.5999984741211,97.7300033569336
odom,2025-03-31 13:01:05.201784,2.9157477124913496,-1.3298211272830698,-68.29545461826432,-0.7471907749546209,0.025550177907485806,-9.695472906725184
motor,2025-03-31 13:01:05.219019,105.5999984741211,98.36000061035156
motor,2025-03-31 13:01:05.238928,105.69999694824219,98.97000122070312
motor,2025-03-31 13:01:05.258970,105.69999694824219,99.48999786376953
motor,2025-03-31 13:01:05.280858,105.5999984741211,100.20999908447266
motor,2025-03-31 13:01:05.300392,105.5999984741211,101.2699966430664
motor,2025-03-31 13:01:05.321459,105.69999694824219,102.31999969482422
motor,2025-03-31 13:01:05.340335,105.5999984741211,103.19999694824219
motor,2025-03-31 13:01:05.359405,105.5999984741211,104.41999816894531
motor,2025-03-31 13:01:05.379780,105.5999984741211,104.7699966430664
motor,2025-03-31 13:01:05.401684,105.5999984741211,106.3499984741211
motor,2025-03-31 13:01:05.420084,105.5999984741211,107.05999755859375
motor,2025-03-31 13:01:05.443847,105.5999984741211,108.29000091552734
motor,2025-03-31 13:01:05.459801,105.5999984741211,109.16999816894531
odom,2025-03-31 13:01:05.467737,2.9270320235508507,-1.4219858441343352,-75.5372394001881,-0.6825624053192674,0.08964808431159042,-9.774603543864384
motor,2025-03-31 13:01:05.479705,105.5999984741211,109.87000274658203
motor,2025-03-31 13:01:05.504325,105.5999984741211,110.93000030517578
motor,2025-03-31 13:01:05.519942,105.5999984741211,112.16000366210938
motor,2025-03-31 13:01:05.539998,105.5999984741211,113.12999725341797
motor,2025-03-31 13:01:05.562691,105.5999984741211,114.01000213623047
motor,2025-03-31 13:01:05.580015,105.5999984741211,114.54000091552734
motor,2025-03-31 13:01:05.608001,105.5999984741211,115.75
motor,2025-03-31 13:01:05.619599,105.5999984741211,116.29000091552734
motor,2025-03-31 13:01:05.640411,105.5999984741211,116.7300033569336
motor,2025-03-31 13:01:05.663638,105.5999984741211,117.33000183105469
motor,2025-03-31 13:01:05.680005,105.5999984741211,117.69000244140625
motor,2025-03-31 13:01:05.710189,105.5999984741211,118.04000091552734
odom,2025-03-31 13:01:05.711119,2.9170818845608686,-1.5200950900468606,-82.2621643298931,-0.779327765353168,0.18751620030775135,-11.67043006880059
motor,2025-03-31 13:01:05.720701,105.5999984741211,118.58000183105469
motor,2025-03-31 13:01:05.739299,105.5999984741211,118.76000213623047
motor,2025-03-31 13:01:05.765891,105.5999984741211,118.38999938964844
motor,2025-03-31 13:01:05.779652,105.5999984741211,118.20999908447266
motor,2025-03-31 13:01:05.813130,105.5999984741211,116.27999877929688
motor,2025-03-31 13:01:05.819637,105.5999984741211,116.02999877929688
motor,2025-03-31 13:01:05.839940,105.5999984741211,112.69000244140625
motor,2025-03-31 13:01:05.868476,105.5999984741211,108.55000305175781
motor,2025-03-31 13:01:05.880445,105.5999984741211,107.66999816894531
motor,2025-03-31 13:01:05.900108,105.69999694824219,106.87999725341797
motor,2025-03-31 13:01:05.920685,105.5999984741211,105.83000183105469
motor,2025-03-31 13:01:05.940689,105.5999984741211,104.93000030517578
motor,2025-03-31 13:01:05.959745,105.5999984741211,102.30999755859375
motor,2025-03-31 13:01:05.980006,105.5999984741211,101.08999633789062
motor,2025-03-31 13:01:05.999878,105.5999984741211,98.06999969482422
odom,2025-03-31 13:01:06.004571,2.9211455454813557,-1.6132190944075386,-89.95020438948897,-0.7572505307083867,-0.032384695878649526,-12.765600515960141
motor,2025-03-31 13:01:06.020012,105.5999984741211,96.05999755859375
motor,2025-03-31 13:01:06.040016,105.5999984741211,92.80999755859375
motor,2025-03-31 13:01:06.060600,105.5999984741211,89.9800033569336
motor,2025-03-31 13:01:06.080033,105.5999984741211,87.3499984741211
motor,2025-03-31 13:01:06.100047,105.5999984741211,83.4800033569336
motor,2025-03-31 13:01:06.120115,105.5999984741211,81.0199966430664
motor,2025-03-31 13:01:06.141020,105.5999984741211,76.44999694824219
motor,2025-03-31 13:01:06.159402,105.5999984741211,73.54000091552734
motor,2025-03-31 13:01:06.179744,105.5999984741211,71.69999694824219
motor,2025-03-31 13:01:06.200055,105.5999984741211,70.04000091552734
motor,2025-03-31 13:01:06.222469,105.5999984741211,68.2699966430664
motor,2025-03-31 13:01:06.239958,105.5999984741211,66.33000183105469
motor,2025-03-31 13:01:06.259971,105.5999984741211,64.91000366210938
odom,2025-03-31 13:01:06.262732,2.9110105242387414,-1.7112605721839929,-97.57340174407047,-0.730132951656192,-0.021305220547863216,-12.620530451581756
motor,2025-03-31 13:01:06.279682,105.5999984741211,63.52000045776367
motor,2025-03-31 13:01:06.300062,105.5999984741211,62.290000915527344
motor,2025-03-31 13:01:06.327579,105.5999984741211,61.41999816894531
motor,2025-03-31 13:01:06.339794,105.5999984741211,60.16999816894531
motor,2025-03-31 13:01:06.361126,105.5999984741211,58.95000076293945
motor,2025-03-31 13:01:06.382421,105.5999984741211,58.2400016784668
motor,2025-03-31 13:01:06.400378,105.5999984741211,57.18000030517578
motor,2025-03-31 13:01:06.424864,105.5999984741211,56.380001068115234
motor,2025-03-31 13:01:06.439910,105.5999984741211,55.68000030517578
motor,2025-03-31 13:01:06.459910,105.5999984741211,54.88999938964844
motor,2025-03-31 13:01:06.479660,105.5999984741211,54.18000030517578
motor,2025-03-31 13:01:06.499424,105.69999694824219,53.47999954223633
motor,2025-03-31 13:01:06.527051,105.69999694824219,53.22999954223633
motor,2025-03-31 13:01:06.539863,105.69999694824219,52.790000915527344
odom,2025-03-31 13:01:06.550643,2.87615754461189,-1.8007330262523005,-105.2152405376653,-0.7772702262608541,0.08262180528815362,-14.948626663125976
motor,2025-03-31 13:01:06.559749,105.80000305175781,52.61000061035156
motor,2025-03-31 13:01:06.585292,105.69999694824219,52.09000015258789
motor,2025-03-31 13:01:06.599880,105.69999694824219,51.54999923706055
motor,2025-03-31 13:01:06.631205,105.80000305175781,51.11000061035156
motor,2025-03-31 13:01:06.639747,106.0999984741211,51.20000076293945
motor,2025-03-31 13:01:06.659268,106.19999694824219,51.20000076293945
motor,2025-03-31 13:01:06.685400,106.5999984741211,51.20000076293945
motor,2025-03-31 13:01:06.699279,107.19999694824219,51.20000076293945
motor,2025-03-31 13:01:06.719467,107.19999694824219,51.20000076293945
motor,2025-03-31 13:01:06.739808,107.19999694824219,51.20000076293945
motor,2025-03-31 13:01:06.759943,107.19999694824219,51.20000076293945
motor,2025-03-31 13:01:06.779952,107.30000305175781,51.20000076293945
motor,2025-03-31 13:01:06.799793,107.30000305175781,51.189998626708984
odom,2025-03-31 13:01:06.811131,2.8448198108610856,-1.8936822380093277,-109.43376864923906,-0.7254449406598833,-0.010158581750268927,-14.127065396997095
motor,2025-03-31 13:01:06.820049,107.19999694824219,51.11000061035156
motor,2025-03-31 13:01:06.839748,107.30000305175781,51.20000076293945
motor,2025-03-31 13:01:06.861628,107.19999694824219,51.189998626708984
motor,2025-03-31 13:01:06.879891,107.30000305175781,51.20000076293945
motor,2025-03-31 13:01:06.900107,107.30000305175781,51.20000076293945
motor,2025-03-31 13:01:06.919928,107.19999694824219,51.20000076293945
motor,2025-03-31 13:01:06.940096,107.30000305175781,51.20000076293945
motor,2025-03-31 13:01:06.960118,107.19999694824219,51.189998626708984
odom,2025-03-31 13:01:06.969219,2.8067044693922245,-1.988687441115617,-110.93816348313833,-0.8331852051144204,0.013410422034722532,-15.761628490035855
motor,2025-03-31 13:01:06.980118,107.30000305175781,51.11000061035156
motor,2025-03-31 13:01:07.001369,107.19999694824219,51.189998626708984
motor,2025-03-31 13:01:07.019954,107.30000305175781,51.189998626708984
motor,2025-03-31 13:01:07.040173,107.5,51.189998626708984
motor,2025-03-31 13:01:07.059851,107.5,51.189998626708984
motor,2025-03-31 13:01:07.079747,108.0,51.20000076293945
motor,2025-03-31 13:01:07.100136,108.9000015258789,51.189998626708984
motor,2025-03-31 13:01:07.120203,109.30000305175781,51.20000076293945
odom,2025-03-31 13:01:07.126836,2.7680363353155357,-2.0900284477380184,-110.59673593105597,-0.8848707019792582,0.004453374928216392,-15.747258123932939
motor,2025-03-31 13:01:07.141330,109.4000015258789,51.20000076293945
motor,2025-03-31 13:01:07.161423,109.30000305175781,51.189998626708984
motor,2025-03-31 13:01:07.180081,109.30000305175781,51.189998626708984
motor,2025-03-31 13:01:07.200975,109.4000015258789,51.11000061035156
motor,2025-03-31 13:01:07.219523,109.4000015258789,51.11000061035156
motor,2025-03-31 13:01:07.244724,109.30000305175781,51.11000061035156
motor,2025-03-31 13:01:07.259576,109.4000015258789,51.11000061035156
motor,2025-03-31 13:01:07.279530,109.30000305175781,51.189998626708984
odom,2025-03-31 13:01:07.284938,2.732001956313482,-2.1928135577549708,-109.8280931088466,-0.8046266915723895,-0.007140552856215466,-14.161213063553333
motor,2025-03-31 13:01:07.301889,109.30000305175781,51.20000076293945
motor,2025-03-31 13:01:07.319884,109.30000305175781,51.20000076293945
motor,2025-03-31 13:01:07.345965,109.4000015258789,51.20000076293945
motor,2025-03-31 13:01:07.359788,109.30000305175781,51.20000076293945
motor,2025-03-31 13:01:07.380003,109.30000305175781,51.20000076293945
motor,2025-03-31 13:01:07.402321,109.30000305175781,51.11000061035156
motor,2025-03-31 13:01:07.419901,109.30000305175781,51.119998931884766
odom,2025-03-31 13:01:07.443071,2.6927672130502356,-2.29727002568823,-108.77155249899948,-0.9103946175075027,0.028849937824047222,-15.496965495371102
motor,2025-03-31 13:01:07.448349,109.30000305175781,51.189998626708984
motor,2025-03-31 13:01:07.460100,109.4000015258789,51.189998626708984
motor,2025-03-31 13:01:07.481013,109.4000015258789,51.20000076293945
motor,2025-03-31 13:01:07.506020,109.4000015258789,51.20000076293945
motor,2025-03-31 13:01:07.520403,109.4000015258789,51.20000076293945
motor,2025-03-31 13:01:07.550418,109.30000305175781,51.189998626708984
motor,2025-03-31 13:01:07.563106,109.4000015258789,51.189998626708984
motor,2025-03-31 13:01:07.600061,109.30000305175781,51.189998626708984
motor,2025-03-31 13:01:07.603712,109.4000015258789,51.189998626708984
motor,2025-03-31 13:01:07.619853,109.4000015258789,51.189998626708984
motor,2025-03-31 13:01:07.639890,109.4000015258789,51.11000061035156
odom,2025-03-31 13:01:07.650539,2.657688574364996,-2.4126870090448906,-106.22729518620159,-0.9813424512454854,0.011618184569588899,-15.08375061932537
motor,2025-03-31 13:01:07.659657,109.30000305175781,51.189998626708984
motor,2025-03-31 13:01:07.680807,109.30000305175781,51.189998626708984
motor,2025-03-31 13:01:07.700014,109.19999694824219,51.11000061035156
motor,2025-03-31 13:01:07.734617,109.4000015258789,51.11000061035156
motor,2025-03-31 13:01:07.739784,109.4000015258789,51.11000061035156
motor,2025-03-31 13:01:07.759993,109.4000015258789,51.189998626708984
motor,2025-03-31 13:01:07.779277,109.4000015258789,51.11000061035156
motor,2025-03-31 13:01:07.799941,109.4000015258789,51.189998626708984
motor,2025-03-31 13:01:07.820067,109.30000305175781,51.189998626708984
motor,2025-03-31 13:01:07.839635,109.4000015258789,51.189998626708984
odom,2025-03-31 13:01:07.857424,2.6335235488111044,-2.5424461302387322,-102.45112486348455,-0.9769636998806388,-0.03243950508896474,-13.242519835458396
motor,2025-03-31 13:01:07.859814,109.30000305175781,51.54999923706055
motor,2025-03-31 13:01:07.880076,109.4000015258789,51.189998626708984
motor,2025-03-31 13:01:07.900484,109.4000015258789,51.189998626708984
motor,2025-03-31 13:01:07.919386,109.4000015258789,51.189998626708984
motor,2025-03-31 13:01:07.939818,109.4000015258789,51.11000061035156
motor,2025-03-31 13:01:07.960964,109.4000015258789,51.11000061035156
motor,2025-03-31 13:01:07.980109,109.4000015258789,51.11000061035156
motor,2025-03-31 13:01:07.999853,109.4000015258789,51.20000076293945
motor,2025-03-31 13:01:08.020010,109.4000015258789,51.54999923706055
motor,2025-03-31 13:01:08.039094,109.30000305175781,51.63999938964844
motor,2025-03-31 13:01:08.062382,109.30000305175781,51.470001220703125
motor,2025-03-31 13:01:08.080105,109.4000015258789,51.369998931884766
odom,2025-03-31 13:01:08.088882,2.6212092249532124,-2.658016283580238,-97.59703608476723,-0.945771757357094,-0.025012814976948128,-13.866123299452564
motor,2025-03-31 13:01:08.100347,109.30000305175781,51.11000061035156
motor,2025-03-31 13:01:08.121785,109.4000015258789,51.11000061035156
motor,2025-03-31 13:01:08.139553,109.30000305175781,51.20000076293945
motor,2025-03-31 13:01:08.164999,109.30000305175781,51.189998626708984
motor,2025-03-31 13:01:08.179905,109.30000305175781,51.369998931884766
motor,2025-03-31 13:01:08.200098,109.30000305175781,51.900001525878906
motor,2025-03-31 13:01:08.223965,109.30000305175781,52.06999969482422
motor,2025-03-31 13:01:08.239415,109.4000015258789,52.2599983215332
motor,2025-03-31 13:01:08.266870,109.4000015258789,51.720001220703125
odom,2025-03-31 13:01:08.272069,2.621173516547832,-2.7533074077606043,-93.86897260495891,-0.7725357544145139,-0.05195495630890458,-13.312068484632736
motor,2025-03-31 13:01:08.281451,109.30000305175781,51.11000061035156
motor,2025-03-31 13:01:08.299403,109.4000015258789,51.189998626708984
motor,2025-03-31 13:01:08.326244,109.30000305175781,51.11000061035156
motor,2025-03-31 13:01:08.339636,109.30000305175781,51.189998626708984
motor,2025-03-31 13:01:08.369646,109.30000305175781,51.189998626708984
motor,2025-03-31 13:01:08.380011,109.4000015258789,51.369998931884766
motor,2025-03-31 13:01:08.399640,109.4000015258789,51.720001220703125
motor,2025-03-31 13:01:08.437646,109.4000015258789,52.25
motor,2025-03-31 13:01:08.442234,109.4000015258789,52.25
odom,2025-03-31 13:01:08.461976,2.621187843927521,-2.8594681447856813,-91.81903613355334,-0.7865803774682041,-0.02508699441804113,-11.879827344145145
motor,2025-03-31 13:01:08.472689,109.30000305175781,52.25
motor,2025-03-31 13:01:08.479794,109.4000015258789,51.720001220703125
motor,2025-03-31 13:01:08.500037,109.30000305175781,51.20000076293945
motor,2025-03-31 13:01:08.520045,109.30000305175781,51.189998626708984
motor,2025-03-31 13:01:08.546211,109.4000015258789,51.189998626708984
motor,2025-03-31 13:01:08.560306,109.30000305175781,51.290000915527344
motor,2025-03-31 13:01:08.580849,109.30000305175781,51.900001525878906
motor,2025-03-31 13:01:08.600419,109.0999984741211,52.2599983215332
motor,2025-03-31 13:01:08.634909,108.80000305175781,52.599998474121094
motor,2025-03-31 13:01:08.641374,107.4000015258789,52.599998474121094
odom,2025-03-31 13:01:08.656877,2.6245407000302734,-2.9679333836213746,-89.60938864147447,-0.881926980365934,-0.021244729734804433,-12.714274607149317
motor,2025-03-31 13:01:08.686715,106.30000305175781,52.43000030517578
motor,2025-03-31 13:01:08.687199,105.5999984741211,51.72999954223633
motor,2025-03-31 13:01:08.701028,103.80000305175781,51.54999923706055
motor,2025-03-31 13:01:08.719464,101.4000015258789,53.29999923706055
motor,2025-03-31 13:01:08.739427,100.0999984741211,54.900001525878906
motor,2025-03-31 13:01:08.802327,94.30000305175781,59.290000915527344
motor,2025-03-31 13:01:08.802666,90.9000015258789,62.290000915527344
motor,2025-03-31 13:01:08.841400,91.0,63.869998931884766
motor,2025-03-31 13:01:08.841745,90.9000015258789,66.1500015258789
odom,2025-03-31 13:01:08.851091,2.6326529990733043,-3.0760793310588683,-87.34494851203019,-0.8023499937355852,-0.022899441364195427,-11.283068304483994
motor,2025-03-31 13:01:08.902346,90.69999694824219,70.19999694824219
motor,2025-03-31 13:01:08.902709,90.5999984741211,71.86000061035156
motor,2025-03-31 13:01:08.921498,90.69999694824219,74.41000366210938
motor,2025-03-31 13:01:08.939468,90.5,75.91000366210938
motor,2025-03-31 13:01:08.992981,89.9000015258789,78.55000305175781
motor,2025-03-31 13:01:08.993345,89.5999984741211,79.94999694824219
motor,2025-03-31 13:01:08.999871,88.5,81.0199966430664
motor,2025-03-31 13:01:09.020089,87.9000015258789,82.06999969482422
odom,2025-03-31 13:01:09.045453,2.6310979632071176,-3.191307679624749,-85.28396989886649,-0.9330972291986261,0.08966975825063467,-12.107905702634346
motor,2025-03-31 13:01:09.047347,86.4000015258789,82.7699966430664
motor,2025-03-31 13:01:09.061475,83.69999694824219,83.66000366210938
motor,2025-03-31 13:01:09.116872,82.69999694824219,84.69999694824219
motor,2025-03-31 13:01:09.117279,81.0,85.58000183105469
motor,2025-03-31 13:01:09.120137,79.5999984741211,86.4800033569336
motor,2025-03-31 13:01:09.145686,78.9000015258789,87.70999908447266
motor,2025-03-31 13:01:09.160084,78.9000015258789,88.75
motor,2025-03-31 13:01:09.190993,78.69999694824219,89.27999877929688
motor,2025-03-31 13:01:09.199679,78.4000015258789,89.91000366210938
odom,2025-03-31 13:01:09.214386,2.62905299078157,-3.270778685163568,-83.95154454746523,-0.5839462364641664,0.07711121326776661,-10.856266098756937
motor,2025-03-31 13:01:09.246941,78.4000015258789,90.51000213623047
motor,2025-03-31 13:01:09.247298,78.4000015258789,90.5999984741211
motor,2025-03-31 13:01:09.259104,78.0,91.75
motor,2025-03-31 13:01:09.289529,78.0999984741211,92.44000244140625
motor,2025-03-31 13:01:09.299345,77.5999984741211,93.33999633789062
motor,2025-03-31 13:01:09.319620,77.5999984741211,93.5
odom,2025-03-31 13:01:09.331605,2.6294823852422624,-3.2893935855535634,-83.70209111997819,-0.15097451818030108,0.013146159087882614,-11.889987898638923
motor,2025-03-31 13:01:09.339864,77.5,93.8499984741211
motor,2025-03-31 13:01:09.360018,77.30000305175781,94.37999725341797
motor,2025-03-31 13:01:09.392901,77.4000015258789,94.66000366210938
odom,2025-03-31 13:01:09.394045,2.627949153859314,-3.2874099913838397,-83.68934403658331,0.01584469057802971,0.009668522092034192,-10.814240471886233
motor,2025-03-31 13:01:09.399946,77.30000305175781,95.08000183105469
motor,2025-03-31 13:01:09.474106,77.19999694824219,95.43000030517578
motor,2025-03-31 13:01:09.474474,77.19999694824219,96.2300033569336
motor,2025-03-31 13:01:09.475642,77.19999694824219,96.2300033569336
motor,2025-03-31 13:01:09.479574,77.19999694824219,96.13999938964844
motor,2025-03-31 13:01:09.499612,77.19999694824219,96.5199966430664
odom,2025-03-31 13:01:09.511992,2.623618088853105,-3.260661859625971,-83.66347890275132,0.22054816724438425,0.011021948618310993,-11.899951228749241
motor,2025-03-31 13:01:09.519910,77.30000305175781,96.5
motor,2025-03-31 13:01:09.540009,77.4000015258789,96.48999786376953
motor,2025-03-31 13:01:09.560747,77.4000015258789,96.75
motor,2025-03-31 13:01:09.580073,77.4000015258789,97.0199966430664
motor,2025-03-31 13:01:09.600695,77.0,97.20999908447266
motor,2025-03-31 13:01:09.620768,77.30000305175781,96.8499984741211
odom,2025-03-31 13:01:09.652836,2.6124718262034894,-3.2203101291018017,-83.19835899350734,0.33721992726947786,0.05124038388224415,-11.831311749088206
motor,2025-03-31 13:01:09.663897,77.4000015258789,95.79000091552734
motor,2025-03-31 13:01:09.664286,77.69999694824219,95.62000274658203
motor,2025-03-31 13:01:09.680081,77.69999694824219,95.43000030517578
motor,2025-03-31 13:01:09.700035,77.80000305175781,95.44999694824219
motor,2025-03-31 13:01:09.719729,78.0,95.79000091552734
motor,2025-03-31 13:01:09.740750,78.30000305175781,95.44999694824219
motor,2025-03-31 13:01:09.760316,78.5999984741211,95.44999694824219
motor,2025-03-31 13:01:09.804968,78.80000305175781,95.2699966430664
motor,2025-03-31 13:01:09.805325,78.80000305175781,95.62000274658203
motor,2025-03-31 13:01:09.819795,78.9000015258789,95.62000274658203
motor,2025-03-31 13:01:09.840603,79.19999694824219,95.19999694824219
odom,2025-03-31 13:01:09.849962,2.6010774373189487,-3.1606441762742445,-81.96494930165753,0.4484656716838753,0.021749410421259607,-10.574020364492327
motor,2025-03-31 13:01:09.861886,79.69999694824219,95.2699966430664
motor,2025-03-31 13:01:09.879669,79.80000305175781,94.91999816894531
motor,2025-03-31 13:01:09.904633,80.0,94.22000122070312
motor,2025-03-31 13:01:09.940555,80.0999984741211,94.22000122070312
motor,2025-03-31 13:01:09.940901,80.0999984741211,93.68000030517578
motor,2025-03-31 13:01:09.964764,80.0999984741211,93.41000366210938
motor,2025-03-31 13:01:10.010135,80.0999984741211,93.1500015258789
motor,2025-03-31 13:01:10.010486,80.4000015258789,92.0999984741211
odom,2025-03-31 13:01:10.019909,2.592308578696136,-3.0889691320282675,-80.11712182734722,0.5875191200178697,-0.02984343057430464,-11.391746960563975
motor,2025-03-31 13:01:10.020400,80.5,91.58000183105469
motor,2025-03-31 13:01:10.039940,80.69999694824219,91.04000091552734
motor,2025-03-31 13:01:10.097307,81.0999984741211,90.33000183105469
motor,2025-03-31 13:01:10.097653,81.0,89.9800033569336
motor,2025-03-31 13:01:10.109420,81.19999694824219,89.20999908447266
motor,2025-03-31 13:01:10.119674,81.0999984741211,88.41999816894531
motor,2025-03-31 13:01:10.140361,81.0,87.87999725341797
motor,2025-03-31 13:01:10.159989,81.19999694824219,87.33999633789062
motor,2025-03-31 13:01:10.179976,81.30000305175781,86.98999786376953
motor,2025-03-31 13:01:10.210654,81.30000305175781,86.11000061035156
odom,2025-03-31 13:01:10.219316,2.5886447457010084,-3.005124395066927,-77.17383587821124,0.6118635454524574,-0.1114599432606226,-9.9816170339298
motor,2025-03-31 13:01:10.219700,81.30000305175781,85.41999816894531
motor,2025-03-31 13:01:10.239854,81.19999694824219,84.88999938964844
motor,2025-03-31 13:01:10.259893,81.19999694824219,84.19000244140625
motor,2025-03-31 13:01:10.279883,81.30000305175781,83.75
motor,2025-03-31 13:01:10.299891,81.19999694824219,83.12999725341797
motor,2025-03-31 13:01:10.319794,81.30000305175781,82.25
motor,2025-03-31 13:01:10.341719,81.30000305175781,81.9000015258789
motor,2025-03-31 13:01:10.360032,81.30000305175781,81.19000244140625
motor,2025-03-31 13:01:10.380305,81.30000305175781,81.0
motor,2025-03-31 13:01:10.425589,81.30000305175781,80.66000366210938
motor,2025-03-31 13:01:10.425951,81.4000015258789,80.12999725341797
motor,2025-03-31 13:01:10.440751,81.30000305175781,79.77999877929688
odom,2025-03-31 13:01:10.444742,2.578420265876072,-2.924653275090472,-73.22741648191668,0.6506722594763776,-0.10925320167711572,-10.39520893581507
motor,2025-03-31 13:01:10.460049,81.4000015258789,79.16000366210938
motor,2025-03-31 13:01:10.480009,81.4000015258789,78.88999938964844
motor,2025-03-31 13:01:10.500051,81.30000305175781,78.55000305175781
motor,2025-03-31 13:01:10.563948,81.30000305175781,77.83999633789062
motor,2025-03-31 13:01:10.564683,81.4000015258789,77.66999816894531
motor,2025-03-31 13:01:10.580409,81.4000015258789,77.48999786376953
motor,2025-03-31 13:01:10.600836,81.4000015258789,77.23999786376953
motor,2025-03-31 13:01:10.622104,81.30000305175781,76.54000091552734
motor,2025-03-31 13:01:10.641430,81.4000015258789,76.44000244140625
motor,2025-03-31 13:01:10.662387,81.4000015258789,76.01000213623047
odom,2025-03-31 13:01:10.664326,2.562588901772505,-2.8460060044286846,-69.31725194886518,0.6448188951416681,-0.1056099594079084,-9.853620597367568
motor,2025-03-31 13:01:10.684277,81.4000015258789,75.7300033569336
motor,2025-03-31 13:01:10.702109,81.4000015258789,75.55999755859375
motor,2025-03-31 13:01:10.723467,81.5,75.56999969482422
motor,2025-03-31 13:01:10.740366,81.69999694824219,75.30000305175781
motor,2025-03-31 13:01:10.759025,82.0,75.19999694824219
motor,2025-03-31 13:01:10.783348,82.19999694824219,75.02999877929688
motor,2025-03-31 13:01:10.799822,82.30000305175781,74.58999633789062
motor,2025-03-31 13:01:10.827359,82.80000305175781,74.58999633789062
motor,2025-03-31 13:01:10.840039,83.69999694824219,74.5999984741211
motor,2025-03-31 13:01:10.859664,85.5999984741211,74.41999816894531
odom,2025-03-31 13:01:10.882523,2.540951416920718,-2.76901113711242,-65.22475424296887,0.5848026154343198,-0.09344578302152444,-8.429591780239578
motor,2025-03-31 13:01:10.886032,86.5,74.25
motor,2025-03-31 13:01:10.899898,87.9000015258789,74.41999816894531
motor,2025-03-31 13:01:10.929962,89.4000015258789,74.25
motor,2025-03-31 13:01:10.939973,89.4000015258789,74.33999633789062
motor,2025-03-31 13:01:10.960084,89.5,74.06999969482422
motor,2025-03-31 13:01:10.986105,89.5,74.06999969482422
motor,2025-03-31 13:01:10.999918,89.4000015258789,74.25
motor,2025-03-31 13:01:11.032065,89.69999694824219,74.25
motor,2025-03-31 13:01:11.040758,89.69999694824219,74.33999633789062
motor,2025-03-31 13:01:11.059931,89.5999984741211,74.33999633789062
motor,2025-03-31 13:01:11.080117,89.69999694824219,74.5
motor,2025-03-31 13:01:11.100305,89.5999984741211,74.51000213623047
odom,2025-03-31 13:01:11.102295,2.5138029465306615,-2.6926898438310047,-60.954222270123836,0.6493440102960751,-0.10825116760863289,-8.645521983273252
motor,2025-03-31 13:01:11.119747,89.5999984741211,74.33999633789062
motor,2025-03-31 13:01:11.139942,89.69999694824219,74.33999633789062
motor,2025-03-31 13:01:11.160009,89.9000015258789,74.41999816894531
motor,2025-03-31 13:01:11.180017,89.9000015258789,74.5999984741211
motor,2025-03-31 13:01:11.199942,89.80000305175781,74.94000244140625
motor,2025-03-31 13:01:11.219901,90.0,74.69000244140625
motor,2025-03-31 13:01:11.239633,90.4000015258789,74.77999877929688
motor,2025-03-31 13:01:11.259239,90.9000015258789,74.77999877929688
motor,2025-03-31 13:01:11.279016,90.80000305175781,74.79000091552734
motor,2025-03-31 13:01:11.298957,91.0,74.95999908447266
motor,2025-03-31 13:01:11.319091,91.0,74.77999877929688
odom,2025-03-31 13:01:11.323813,2.491628289099975,-2.612556599972277,-56.72506080406433,0.5864205646307884,-0.1883579781982469,-7.334115524190859
motor,2025-03-31 13:01:11.339841,91.0,74.06999969482422
motor,2025-03-31 13:01:11.359649,91.0,73.62000274658203
motor,2025-03-31 13:01:11.381602,91.0999984741211,73.72000122070312
motor,2025-03-31 13:01:11.400390,91.30000305175781,73.62000274658203
motor,2025-03-31 13:01:11.419930,91.69999694824219,73.08999633789062
motor,2025-03-31 13:01:11.439237,92.9000015258789,73.01000213623047
motor,2025-03-31 13:01:11.459386,93.80000305175781,72.4800033569336
motor,2025-03-31 13:01:11.479632,94.69999694824219,72.30000305175781
motor,2025-03-31 13:01:11.501130,95.80000305175781,72.04000091552734
motor,2025-03-31 13:01:11.520014,96.5,71.86000061035156
odom,2025-03-31 13:01:11.539895,2.466323613972767,-2.5408315338565277,-52.60219273835508,0.5885385251672288,-0.19082945403608534,-7.468251700687162
motor,2025-03-31 13:01:11.541288,97.5,71.5199966430664
motor,2025-03-31 13:01:11.559886,98.0999984741211,71.16000366210938
motor,2025-03-31 13:01:11.580002,98.69999694824219,70.91000366210938
motor,2025-03-31 13:01:11.602964,99.5,70.55000305175781
motor,2025-03-31 13:01:11.619706,100.4000015258789,70.19999694824219
motor,2025-03-31 13:01:11.643718,101.4000015258789,69.8499984741211
motor,2025-03-31 13:01:11.659916,101.69999694824219,69.66999816894531
motor,2025-03-31 13:01:11.680354,102.30000305175781,69.31999969482422
motor,2025-03-31 13:01:11.706341,103.30000305175781,68.88999938964844
motor,2025-03-31 13:01:11.719620,103.5999984741211,68.97000122070312
motor,2025-03-31 13:01:11.746228,103.9000015258789,68.54000091552734
motor,2025-03-31 13:01:11.760106,104.0,68.08999633789062
motor,2025-03-31 13:01:11.782080,104.30000305175781,68.08999633789062
odom,2025-03-31 13:01:11.782567,2.4213400831543535,-2.4869362805132402,-49.05347956943974,0.520005859951142,-0.009953300685375822,-6.342933450781392
motor,2025-03-31 13:01:11.808577,104.30000305175781,68.0999984741211
motor,2025-03-31 13:01:11.819711,104.4000015258789,67.93000030517578
motor,2025-03-31 13:01:11.848959,104.4000015258789,68.2699966430664
motor,2025-03-31 13:01:11.861459,105.0999984741211,68.5199966430664
motor,2025-03-31 13:01:11.882624,105.30000305175781,67.91999816894531
motor,2025-03-31 13:01:11.899926,105.5,67.73999786376953
motor,2025-03-31 13:01:11.919971,105.5999984741211,67.56999969482422
motor,2025-03-31 13:01:11.960759,106.30000305175781,67.73999786376953
motor,2025-03-31 13:01:11.961158,106.69999694824219,67.91999816894531
motor,2025-03-31 13:01:12.014939,107.0999984741211,68.16999816894531
motor,2025-03-31 13:01:12.015353,107.30000305175781,68.08999633789062
motor,2025-03-31 13:01:12.020919,107.30000305175781,67.73999786376953
motor,2025-03-31 13:01:12.039563,107.30000305175781,67.55999755859375
odom,2025-03-31 13:01:12.052856,2.3626685348031775,-2.4358516452743744,-45.494881528973984,0.6308797605333892,0.04908816365175915,-6.4587452844976925
motor,2025-03-31 13:01:12.060071,107.30000305175781,67.73999786376953
motor,2025-03-31 13:01:12.084060,107.30000305175781,68.08000183105469
motor,2025-03-31 13:01:12.099880,107.19999694824219,68.16999816894531
motor,2025-03-31 13:01:12.119927,107.30000305175781,68.2699966430664
motor,2025-03-31 13:01:12.156897,107.19999694824219,68.2699966430664
motor,2025-03-31 13:01:12.162006,107.30000305175781,68.2699966430664
motor,2025-03-31 13:01:12.180369,107.19999694824219,68.27999877929688
motor,2025-03-31 13:01:12.199661,107.30000305175781,68.43000030517578
motor,2025-03-31 13:01:12.237550,107.19999694824219,68.52999877929688
motor,2025-03-31 13:01:12.242088,107.0999984741211,68.70999908447266
motor,2025-03-31 13:01:12.261754,107.0999984741211,68.44999694824219
odom,2025-03-31 13:01:12.270534,2.3067939831999893,-2.3801169890959377,-42.9055689865075,0.6414566172592455,-0.022653698536562072,-6.090370326860415
motor,2025-03-31 13:01:12.305650,107.19999694824219,68.62000274658203
motor,2025-03-31 13:01:12.306035,107.30000305175781,68.79000091552734
motor,2025-03-31 13:01:12.321979,107.0999984741211,68.72000122070312
motor,2025-03-31 13:01:12.340823,107.0999984741211,68.79000091552734
motor,2025-03-31 13:01:12.360073,107.0999984741211,68.62999725341797
motor,2025-03-31 13:01:12.380322,107.19999694824219,68.79000091552734
motor,2025-03-31 13:01:12.427970,107.0999984741211,68.80999755859375
motor,2025-03-31 13:01:12.428406,107.19999694824219,68.9800033569336
motor,2025-03-31 13:01:12.439787,107.0999984741211,68.9800033569336
motor,2025-03-31 13:01:12.462889,107.0999984741211,68.88999938964844
motor,2025-03-31 13:01:12.479948,107.0999984741211,68.97000122070312
motor,2025-03-31 13:01:12.508589,107.0999984741211,68.79000091552734
odom,2025-03-31 13:01:12.513665,2.247738551816331,-2.3206205735021443,-40.621421704825245,0.6189632293596452,-0.04971044315568856,-5.25166741839944
motor,2025-03-31 13:01:12.519475,107.0999984741211,69.2300033569336
motor,2025-03-31 13:01:12.566213,107.19999694824219,68.97000122070312
motor,2025-03-31 13:01:12.566607,107.0999984741211,69.25
motor,2025-03-31 13:01:12.579960,107.0999984741211,69.31999969482422
motor,2025-03-31 13:01:12.600003,107.19999694824219,69.1500015258789
motor,2025-03-31 13:01:12.620716,106.9000015258789,69.51000213623047
motor,2025-03-31 13:01:12.646387,106.69999694824219,69.31999969482422
motor,2025-03-31 13:01:12.667420,106.5999984741211,69.1500015258789
motor,2025-03-31 13:01:12.712040,106.5999984741211,69.5
motor,2025-03-31 13:01:12.712437,106.0999984741211,69.33000183105469
motor,2025-03-31 13:01:12.719596,105.69999694824219,69.33000183105469
odom,2025-03-31 13:01:12.735815,2.184521054360846,-2.2613244036612983,-38.05832691618918,0.7036584343846557,-0.06290409901572125,-5.414091886123653
motor,2025-03-31 13:01:12.739098,105.69999694824219,69.33000183105469
motor,2025-03-31 13:01:12.776277,105.69999694824219,69.41999816894531
motor,2025-03-31 13:01:12.779083,105.69999694824219,69.33000183105469
motor,2025-03-31 13:01:12.800818,105.69999694824219,69.33000183105469
motor,2025-03-31 13:01:12.879310,105.69999694824219,69.13999938964844
motor,2025-03-31 13:01:12.879758,105.69999694824219,69.1500015258789
motor,2025-03-31 13:01:12.900401,106.0,68.97000122070312
motor,2025-03-31 13:01:12.920212,105.80000305175781,69.31999969482422
motor,2025-03-31 13:01:12.939934,105.80000305175781,69.1500015258789
odom,2025-03-31 13:01:12.956357,2.112143757754097,-2.2121975208023383,-35.740248773871414,0.6460946968762772,0.017743663195667798,-4.609030804230733
motor,2025-03-31 13:01:12.982952,105.69999694824219,68.62000274658203
motor,2025-03-31 13:01:12.983279,105.80000305175781,68.2699966430664
motor,2025-03-31 13:01:12.999944,105.5999984741211,68.08999633789062
motor,2025-03-31 13:01:13.019830,105.69999694824219,67.73999786376953
motor,2025-03-31 13:01:13.080598,105.80000305175781,67.20999908447266
motor,2025-03-31 13:01:13.080992,105.69999694824219,67.22000122070312
motor,2025-03-31 13:01:13.126129,105.69999694824219,67.20999908447266
motor,2025-03-31 13:01:13.126543,105.80000305175781,66.86000061035156
motor,2025-03-31 13:01:13.141418,105.69999694824219,66.94000244140625
motor,2025-03-31 13:01:13.160035,105.69999694824219,66.94000244140625
odom,2025-03-31 13:01:13.164479,2.043416149895071,-2.1580335442086227,-32.90424274278208,0.7099200976002082,-0.06632317010537092,-4.679401244508689
motor,2025-03-31 13:01:13.210069,105.69999694824219,66.86000061035156
motor,2025-03-31 13:01:13.210905,105.80000305175781,66.51000213623047
motor,2025-03-31 13:01:13.220338,105.69999694824219,66.23999786376953
motor,2025-03-31 13:01:13.242503,105.69999694824219,65.80000305175781
motor,2025-03-31 13:01:13.285936,105.69999694824219,65.62999725341797
motor,2025-03-31 13:01:13.287826,105.80000305175781,65.44999694824219
motor,2025-03-31 13:01:13.299107,105.5999984741211,65.27999877929688
motor,2025-03-31 13:01:13.346821,105.69999694824219,64.91999816894531
motor,2025-03-31 13:01:13.347157,105.80000305175781,65.08999633789062
motor,2025-03-31 13:01:13.359666,105.80000305175781,64.75
motor,2025-03-31 13:01:13.383212,105.69999694824219,64.91999816894531
odom,2025-03-31 13:01:13.393620,1.9683905452515824,-2.105733248212136,-30.517506216974212,0.7445219673640525,-0.056801919163691685,-4.348636201584898
motor,2025-03-31 13:01:13.428761,105.5999984741211,64.73999786376953
motor,2025-03-31 13:01:13.429093,105.80000305175781,64.22000122070312
motor,2025-03-31 13:01:13.447175,105.69999694824219,64.05000305175781
motor,2025-03-31 13:01:13.460369,105.80000305175781,63.689998626708984
motor,2025-03-31 13:01:13.486700,105.69999694824219,63.34000015258789
motor,2025-03-31 13:01:13.500297,105.69999694824219,62.9900016784668
odom,2025-03-31 13:01:13.524461,1.899612497477003,-2.0624004768205038,-29.401573157179765,0.6001703222673977,-0.029467776922660054,-3.793197863581407
motor,2025-03-31 13:01:13.566451,105.69999694824219,62.630001068115234
motor,2025-03-31 13:01:13.566805,105.69999694824219,62.279998779296875
motor,2025-03-31 13:01:13.588429,105.69999694824219,62.290000915527344
motor,2025-03-31 13:01:13.599708,105.69999694824219,62.099998474121094
motor,2025-03-31 13:01:13.621281,106.0,62.11000061035156
motor,2025-03-31 13:01:13.639718,105.9000015258789,61.7599983215332
motor,2025-03-31 13:01:13.659746,106.0,61.7599983215332
odom,2025-03-31 13:01:13.660496,1.8312317927060744,-2.0164783870072984,-28.236630891237226,0.6673236298578034,-0.0659879068064565,-4.0121079411652225
motor,2025-03-31 13:01:13.694719,105.9000015258789,61.56999969482422
motor,2025-03-31 13:01:13.700116,106.0999984741211,61.58000183105469
motor,2025-03-31 13:01:13.756741,106.0999984741211,61.58000183105469
motor,2025-03-31 13:01:13.757204,106.0999984741211,61.59000015258789
motor,2025-03-31 13:01:13.760011,106.0999984741211,61.40999984741211
motor,2025-03-31 13:01:13.779772,106.0999984741211,61.40999984741211
motor,2025-03-31 13:01:13.799980,106.0999984741211,61.40999984741211
motor,2025-03-31 13:01:13.819971,106.0999984741211,61.40999984741211
odom,2025-03-31 13:01:13.824901,1.7556864923624085,-1.9758505023198007,-26.75358497107515,0.6354033977778053,-0.016833492578403123,-3.46010901978204
motor,2025-03-31 13:01:13.840328,106.0999984741211,61.22999954223633
motor,2025-03-31 13:01:13.861703,106.0999984741211,61.04999923706055
motor,2025-03-31 13:01:13.898211,106.0999984741211,61.22999954223633
motor,2025-03-31 13:01:13.902539,106.0999984741211,61.58000183105469
motor,2025-03-31 13:01:13.932308,106.0999984741211,61.220001220703125
motor,2025-03-31 13:01:13.940053,106.0,61.40999984741211
motor,2025-03-31 13:01:13.959973,106.0999984741211,61.400001525878906
motor,2025-03-31 13:01:13.983330,106.0999984741211,61.220001220703125
motor,2025-03-31 13:01:14.043013,106.0999984741211,61.91999816894531
odom,2025-03-31 13:01:14.061406,1.6817650277606417,-1.924960000124404,-23.95702332308539,0.7172559797157806,-0.13407614445237065,-3.399622517796921
motor,2025-03-31 13:01:14.075437,106.0999984741211,61.93000030517578
motor,2025-03-31 13:01:14.075788,106.0,62.459999084472656
motor,2025-03-31 13:01:14.076111,106.0999984741211,62.810001373291016
motor,2025-03-31 13:01:14.081270,106.0,62.810001373291016
motor,2025-03-31 13:01:14.100127,106.0999984741211,62.810001373291016
motor,2025-03-31 13:01:14.151041,106.0999984741211,62.9900016784668
motor,2025-03-31 13:01:14.151372,106.0999984741211,63.16999816894531
motor,2025-03-31 13:01:14.161409,106.0999984741211,63.34000015258789
motor,2025-03-31 13:01:14.179634,106.0999984741211,63.25
motor,2025-03-31 13:01:14.202346,106.0999984741211,63.52000045776367
motor,2025-03-31 13:01:14.220210,106.0999984741211,63.689998626708984
motor,2025-03-31 13:01:14.239796,106.0999984741211,63.689998626708984
motor,2025-03-31 13:01:14.261447,106.0999984741211,63.869998931884766
motor,2025-03-31 13:01:14.279829,106.0999984741211,63.869998931884766
odom,2025-03-31 13:01:14.297799,1.6116833659796306,-1.886266079635649,-20.30632907586348,0.6444643023528932,-0.09744203117811602,-2.885575612049173
motor,2025-03-31 13:01:14.305415,105.9000015258789,64.04000091552734
motor,2025-03-31 13:01:14.321073,106.0999984741211,63.869998931884766
motor,2025-03-31 13:01:14.340190,106.0999984741211,63.869998931884766
motor,2025-03-31 13:01:14.386498,106.0,64.04000091552734
motor,2025-03-31 13:01:14.388743,106.0999984741211,63.86000061035156
motor,2025-03-31 13:01:14.409339,106.0999984741211,64.91999816894531
motor,2025-03-31 13:01:14.419921,106.0999984741211,65.80000305175781
motor,2025-03-31 13:01:14.441898,106.0,66.51000213623047
motor,2025-03-31 13:01:14.474160,106.0999984741211,67.73999786376953
motor,2025-03-31 13:01:14.511111,106.0999984741211,68.26000213623047
motor,2025-03-31 13:01:14.511496,106.0999984741211,69.05000305175781
motor,2025-03-31 13:01:14.520000,106.0,69.30999755859375
odom,2025-03-31 13:01:14.561818,1.5380448340677755,-1.8490974720838391,-16.25513526562036,0.6002933935709307,-0.11154992461108808,-2.0999879322048014
motor,2025-03-31 13:01:14.595761,106.0999984741211,71.33000183105469
motor,2025-03-31 13:01:14.596105,106.0999984741211,71.87000274658203
motor,2025-03-31 13:01:14.599984,106.0999984741211,72.83999633789062
motor,2025-03-31 13:01:14.620067,106.0999984741211,73.54000091552734
motor,2025-03-31 13:01:14.693377,106.0,74.7699966430664
motor,2025-03-31 13:01:14.693726,106.0999984741211,75.19999694824219
motor,2025-03-31 13:01:14.699902,106.0999984741211,75.55999755859375
motor,2025-03-31 13:01:14.751192,106.0,75.7300033569336
motor,2025-03-31 13:01:14.751569,106.0999984741211,76.0999984741211
motor,2025-03-31 13:01:14.760258,106.0999984741211,76.70999908447266
motor,2025-03-31 13:01:14.779419,106.0999984741211,77.33000183105469
odom,2025-03-31 13:01:14.798445,1.466398720395917,-1.8170856187563893,-11.863456125065152,0.6236662205992974,-0.13497680926282077,-1.6836964450042273
motor,2025-03-31 13:01:14.798961,106.0999984741211,77.43000030517578
motor,2025-03-31 13:01:14.819300,106.0999984741211,78.12000274658203
motor,2025-03-31 13:01:14.841171,106.0999984741211,78.47000122070312
motor,2025-03-31 13:01:14.861053,106.0999984741211,78.9000015258789
motor,2025-03-31 13:01:14.879713,106.0,79.06999969482422
motor,2025-03-31 13:01:14.929098,106.0,79.3499984741211
motor,2025-03-31 13:01:14.929530,106.0999984741211,79.43000030517578
motor,2025-03-31 13:01:14.941186,106.0999984741211,79.77999877929688
motor,2025-03-31 13:01:14.960060,106.0999984741211,80.12999725341797
motor,2025-03-31 13:01:14.982340,106.0999984741211,80.8499984741211
motor,2025-03-31 13:01:15.023661,106.0999984741211,81.55000305175781
motor,2025-03-31 13:01:15.024017,106.0999984741211,81.98999786376953
motor,2025-03-31 13:01:15.041658,106.0999984741211,82.5999984741211
motor,2025-03-31 13:01:15.069105,106.0999984741211,83.04000091552734
odom,2025-03-31 13:01:15.078766,1.3943562160145715,-1.7881658513391148,-6.796065539536684,0.5556901102193251,-0.14968458699125634,-0.8793190291048371
motor,2025-03-31 13:01:15.087201,106.0999984741211,83.6500015258789
motor,2025-03-31 13:01:15.103658,106.0999984741211,83.83999633789062
motor,2025-03-31 13:01:15.125824,106.0999984741211,84.19000244140625
motor,2025-03-31 13:01:15.182691,106.0999984741211,84.45999908447266
motor,2025-03-31 13:01:15.253798,106.0999984741211,84.88999938964844
motor,2025-03-31 13:01:15.254175,106.0999984741211,85.16000366210938
motor,2025-03-31 13:01:15.258377,106.0999984741211,86.45999908447266
motor,2025-03-31 13:01:15.258729,106.0999984741211,86.83000183105469
motor,2025-03-31 13:01:15.259717,106.0999984741211,87.3499984741211
motor,2025-03-31 13:01:15.295558,106.0999984741211,87.87999725341797
odom,2025-03-31 13:01:15.310262,1.322250829091051,-1.7689658607415768,-2.5850673111524527,0.5926324164759105,-0.12949100372822617,-0.3667914369825059
motor,2025-03-31 13:01:15.310831,106.0999984741211,88.58999633789062
motor,2025-03-31 13:01:15.339223,106.0999984741211,89.29000091552734
motor,2025-03-31 13:01:15.344182,106.0999984741211,89.47000122070312
motor,2025-03-31 13:01:15.363584,106.0999984741211,90.16999816894531
motor,2025-03-31 13:01:15.381672,106.0999984741211,90.69999694824219
motor,2025-03-31 13:01:15.399994,106.0999984741211,91.05000305175781
motor,2025-03-31 13:01:15.431457,106.0999984741211,91.55999755859375
motor,2025-03-31 13:01:15.439888,106.0999984741211,91.55999755859375
motor,2025-03-31 13:01:15.460869,106.0999984741211,91.75
motor,2025-03-31 13:01:15.479678,106.0,91.93000030517578
motor,2025-03-31 13:01:15.500443,106.0999984741211,92.44000244140625
motor,2025-03-31 13:01:15.520029,106.0999984741211,92.45999908447266
odom,2025-03-31 13:01:15.540333,1.2491624986772312,-1.755880974083752,2.2148709591593083,0.5904661035454606,-0.1294433807944192,0.3147131605672572
motor,2025-03-31 13:01:15.541335,106.0999984741211,92.45999908447266
motor,2025-03-31 13:01:15.561114,106.0999984741211,92.80999755859375
motor,2025-03-31 13:01:15.581234,106.0999984741211,92.9800033569336
motor,2025-03-31 13:01:15.600573,106.0999984741211,92.80000305175781
motor,2025-03-31 13:01:15.621319,106.0,92.95999908447266
motor,2025-03-31 13:01:15.642174,106.0999984741211,92.97000122070312
motor,2025-03-31 13:01:15.660655,106.0999984741211,93.1500015258789
motor,2025-03-31 13:01:15.680885,106.0999984741211,92.9800033569336
motor,2025-03-31 13:01:15.701801,106.0,92.80000305175781
motor,2025-03-31 13:01:15.719258,106.0999984741211,91.91999816894531
motor,2025-03-31 13:01:15.739156,106.0999984741211,91.83999633789062
motor,2025-03-31 13:01:15.759506,106.0,91.58000183105469
odom,2025-03-31 13:01:15.768866,1.1827734305301278,-1.7469973120687172,5.964209166492996,0.4824127419112646,-0.11658141070371777,0.7713008943521059
motor,2025-03-31 13:01:15.779602,106.0999984741211,91.55999755859375
motor,2025-03-31 13:01:15.801395,106.0999984741211,91.38999938964844
motor,2025-03-31 13:01:15.819963,106.0999984741211,91.55999755859375
motor,2025-03-31 13:01:15.842032,106.0999984741211,91.55999755859375
motor,2025-03-31 13:01:15.861871,106.0,91.4000015258789
motor,2025-03-31 13:01:15.879319,106.0999984741211,91.20999908447266
motor,2025-03-31 13:01:15.903846,106.0,91.2300033569336
motor,2025-03-31 13:01:15.920393,106.0999984741211,91.2300033569336
odom,2025-03-31 13:01:15.925535,1.1443829129036265,-1.7438439237332484,6.857288602323149,0.3070852474775007,-0.06277312474901107,0.9738540802875023
motor,2025-03-31 13:01:15.944003,106.0999984741211,91.05000305175781
motor,2025-03-31 13:01:15.960356,106.0999984741211,91.05000305175781
motor,2025-03-31 13:01:15.982880,106.0999984741211,90.68000030517578
odom,2025-03-31 13:01:15.984826,1.148179389648519,-1.7406954554254446,6.8366921812309425,-0.030663836477363336,-0.019786252459787816,0.88287934603745
motor,2025-03-31 13:01:16.013381,106.0999984741211,90.69999694824219
motor,2025-03-31 13:01:16.021407,106.0999984741211,90.16999816894531
motor,2025-03-31 13:01:16.052193,106.0999984741211,89.98999786376953
motor,2025-03-31 13:01:16.072236,106.0999984741211,89.0999984741211
motor,2025-03-31 13:01:16.082533,106.0,88.56999969482422
odom,2025-03-31 13:01:16.094774,1.1733748491850096,-1.737059835591336,6.808288736470195,-0.20716907501198492,-0.005072598144236517,0.9673268719902014
motor,2025-03-31 13:01:16.108210,106.0,88.22000122070312
motor,2025-03-31 13:01:16.124736,106.0,88.05000305175781
motor,2025-03-31 13:01:16.151004,106.0,87.87000274658203
motor,2025-03-31 13:01:16.161482,106.0,87.44000244140625
motor,2025-03-31 13:01:16.180503,106.0999984741211,87.5199966430664
motor,2025-03-31 13:01:16.200975,106.0,87.08999633789062
odom,2025-03-31 13:01:16.228624,1.2124493338999949,-1.734368623907586,6.828536853193077,-0.3187554034232204,0.016083731279263484,0.9711669317579132
motor,2025-03-31 13:01:16.266905,106.0999984741211,87.16999816894531
motor,2025-03-31 13:01:16.326381,105.9000015258789,86.38999938964844
motor,2025-03-31 13:01:16.326783,106.0,86.12000274658203
motor,2025-03-31 13:01:16.327219,106.0,86.11000061035156
motor,2025-03-31 13:01:16.355121,106.0,85.76000213623047
motor,2025-03-31 13:01:16.359868,105.9000015258789,85.94000244140625
odom,2025-03-31 13:01:16.363582,1.2587471267167423,-1.7289826675693982,7.365755756212908,-0.34503028469132185,0.004397427010562411,0.9517171821532698
motor,2025-03-31 13:01:16.385021,105.80000305175781,85.76000213623047
motor,2025-03-31 13:01:16.439768,105.69999694824219,85.76000213623047
motor,2025-03-31 13:01:16.440177,105.69999694824219,85.51000213623047
motor,2025-03-31 13:01:16.463934,105.80000305175781,85.41999816894531
motor,2025-03-31 13:01:16.464346,105.5999984741211,85.58000183105469
motor,2025-03-31 13:01:16.485541,105.5999984741211,85.16000366210938
motor,2025-03-31 13:01:16.504515,105.5999984741211,85.41000366210938
motor,2025-03-31 13:01:16.520710,105.4000015258789,85.26000213623047
odom,2025-03-31 13:01:16.521524,1.3056235966922467,-1.7204162760117254,8.71617356420923,-0.38784433389953893,-0.011104527496360107,1.2386554400925098
motor,2025-03-31 13:01:16.541827,105.0,85.06999969482422
motor,2025-03-31 13:01:16.566259,104.4000015258789,85.05999755859375
motor,2025-03-31 13:01:16.580616,104.19999694824219,85.23999786376953
motor,2025-03-31 13:01:16.599918,104.0999984741211,85.16000366210938
motor,2025-03-31 13:01:16.620659,104.0999984741211,84.80000305175781
motor,2025-03-31 13:01:16.639952,104.19999694824219,84.52999877929688
motor,2025-03-31 13:01:16.660487,104.0999984741211,84.62999725341797
motor,2025-03-31 13:01:16.679966,104.0999984741211,84.54000091552734
motor,2025-03-31 13:01:16.700019,104.0999984741211,84.52999877929688
motor,2025-03-31 13:01:16.723508,104.30000305175781,84.19000244140625
motor,2025-03-31 13:01:16.740217,104.19999694824219,84.01000213623047
odom,2025-03-31 13:01:16.749127,1.3619706206127278,-1.7084184350603955,10.941534698361378,-0.42706480918432466,-0.008042051390316562,1.415881907542746
motor,2025-03-31 13:01:16.760519,104.0999984741211,83.66000366210938
motor,2025-03-31 13:01:16.779098,104.0999984741211,83.55999755859375
motor,2025-03-31 13:01:16.799201,104.30000305175781,83.47000122070312
motor,2025-03-31 13:01:16.824736,104.30000305175781,83.6500015258789
motor,2025-03-31 13:01:16.839584,104.0999984741211,83.02999877929688
motor,2025-03-31 13:01:16.862734,104.0999984741211,83.11000061035156
motor,2025-03-31 13:01:16.880020,104.0999984741211,82.94000244140625
motor,2025-03-31 13:01:16.899475,104.19999694824219,82.7699966430664
motor,2025-03-31 13:01:16.927815,104.30000305175781,82.41999816894531
motor,2025-03-31 13:01:16.939912,104.30000305175781,82.58999633789062
motor,2025-03-31 13:01:16.965136,104.30000305175781,82.33999633789062
odom,2025-03-31 13:01:16.977180,1.4194415935466285,-1.692271095833505,13.616320130842123,-0.4848330673131885,-0.01758476099664306,1.9313784179019438
motor,2025-03-31 13:01:16.979848,104.0999984741211,82.5199966430664
motor,2025-03-31 13:01:16.999442,104.0999984741211,82.33999633789062
motor,2025-03-31 13:01:17.029290,104.19999694824219,82.41999816894531
motor,2025-03-31 13:01:17.039299,104.30000305175781,81.88999938964844
motor,2025-03-31 13:01:17.067480,104.19999694824219,81.80000305175781
motor,2025-03-31 13:01:17.079581,104.19999694824219,81.62999725341797
motor,2025-03-31 13:01:17.099384,104.30000305175781,81.54000091552734
motor,2025-03-31 13:01:17.119853,104.19999694824219,81.44999694824219
motor,2025-03-31 13:01:17.139885,104.19999694824219,81.36000061035156
motor,2025-03-31 13:01:17.169988,104.19999694824219,81.2699966430664
motor,2025-03-31 13:01:17.181191,104.19999694824219,81.11000061035156
motor,2025-03-31 13:01:17.200350,104.30000305175781,80.75
odom,2025-03-31 13:01:17.208719,1.480738169537965,-1.6716643196342458,16.861347234351673,-0.5259532665271179,-0.015796869513512883,2.39455770384096
motor,2025-03-31 13:01:17.220125,104.30000305175781,80.4800033569336
motor,2025-03-31 13:01:17.239826,104.30000305175781,80.4800033569336
motor,2025-03-31 13:01:17.260335,104.19999694824219,80.30999755859375
motor,2025-03-31 13:01:17.280262,104.30000305175781,80.02999877929688
motor,2025-03-31 13:01:17.301733,104.30000305175781,79.69000244140625
motor,2025-03-31 13:01:17.325258,104.19999694824219,79.5999984741211
motor,2025-03-31 13:01:17.339896,104.30000305175781,79.25
motor,2025-03-31 13:01:17.359334,104.19999694824219,79.05999755859375
motor,2025-03-31 13:01:17.378830,104.30000305175781,78.88999938964844
motor,2025-03-31 13:01:17.399105,104.19999694824219,78.72000122070312
odom,2025-03-31 13:01:17.415199,1.5465862510099044,-1.6348715984726185,19.784857024018304,-0.5511377331287368,-0.09133404426709023,2.5574657294540546
motor,2025-03-31 13:01:17.419204,104.19999694824219,78.27999877929688
motor,2025-03-31 13:01:17.439946,104.19999694824219,78.19999694824219
motor,2025-03-31 13:01:17.460046,104.30000305175781,77.76000213623047
motor,2025-03-31 13:01:17.479928,104.30000305175781,77.66999816894531
motor,2025-03-31 13:01:17.499517,104.30000305175781,77.13999938964844
motor,2025-03-31 13:01:17.519246,104.30000305175781,76.95999908447266
motor,2025-03-31 13:01:17.543215,104.30000305175781,76.54000091552734
motor,2025-03-31 13:01:17.560068,104.19999694824219,76.26000213623047
motor,2025-03-31 13:01:17.581789,104.19999694824219,76.26000213623047
motor,2025-03-31 13:01:17.599933,104.19999694824219,75.83000183105469
motor,2025-03-31 13:01:17.619210,104.19999694824219,75.30000305175781
odom,2025-03-31 13:01:17.622963,1.6168583915272197,-1.6004549819369966,22.712843229422774,-0.6355607863259138,-0.03754787578493887,3.225461783992284
motor,2025-03-31 13:01:17.644536,104.19999694824219,75.37999725341797
motor,2025-03-31 13:01:17.660705,104.0999984741211,74.94000244140625
motor,2025-03-31 13:01:17.681640,104.30000305175781,74.77999877929688
motor,2025-03-31 13:01:17.700726,104.19999694824219,74.68000030517578
motor,2025-03-31 13:01:17.722726,104.19999694824219,74.41000366210938
motor,2025-03-31 13:01:17.747829,104.19999694824219,73.37000274658203
motor,2025-03-31 13:01:17.763304,104.19999694824219,72.73999786376953
motor,2025-03-31 13:01:17.784716,104.19999694824219,71.87000274658203
motor,2025-03-31 13:01:17.799824,104.0999984741211,70.87999725341797
motor,2025-03-31 13:01:17.819043,104.30000305175781,69.48999786376953
motor,2025-03-31 13:01:17.839694,104.30000305175781,68.5999984741211
odom,2025-03-31 13:01:17.859297,1.688992510777357,-1.5516189805614162,26.59583055891139,-0.6394739234589129,-0.08422042899233319,3.436973747194967
motor,2025-03-31 13:01:17.860394,104.19999694824219,67.44999694824219
motor,2025-03-31 13:01:17.887056,104.30000305175781,66.5999984741211
motor,2025-03-31 13:01:17.900991,104.19999694824219,64.91999816894531
motor,2025-03-31 13:01:17.920570,104.19999694824219,64.20999908447266
motor,2025-03-31 13:01:17.939931,104.19999694824219,63.41999816894531
motor,2025-03-31 13:01:17.960466,104.30000305175781,62.630001068115234
motor,2025-03-31 13:01:17.988648,104.19999694824219,62.279998779296875
motor,2025-03-31 13:01:18.000568,104.30000305175781,61.75
motor,2025-03-31 13:01:18.035733,104.30000305175781,61.220001220703125
motor,2025-03-31 13:01:18.040325,104.19999694824219,60.869998931884766
motor,2025-03-31 13:01:18.060355,104.19999694824219,60.599998474121094
odom,2025-03-31 13:01:18.067445,1.7754789712964985,-1.5232452371193579,30.32543777745251,-0.7238281446980012,0.15599801710828978,4.305594515269272
motor,2025-03-31 13:01:18.090945,104.19999694824219,60.16999816894531
motor,2025-03-31 13:01:18.099873,104.19999694824219,59.810001373291016
motor,2025-03-31 13:01:18.121572,104.19999694824219,59.279998779296875
motor,2025-03-31 13:01:18.139811,104.30000305175781,59.11000061035156
motor,2025-03-31 13:01:18.159908,104.19999694824219,58.7599983215332
motor,2025-03-31 13:01:18.204340,104.19999694824219,58.58000183105469
motor,2025-03-31 13:01:18.204731,104.30000305175781,58.59000015258789
motor,2025-03-31 13:01:18.221205,104.4000015258789,58.04999923706055
motor,2025-03-31 13:01:18.239955,104.69999694824219,58.22999954223633
motor,2025-03-31 13:01:18.261898,104.5999984741211,57.880001068115234
odom,2025-03-31 13:01:18.274638,1.8417652414941266,-1.4720100197260508,33.9020503130213,-0.6814293960224589,-0.045257779445532796,4.82330736427539
motor,2025-03-31 13:01:18.301797,104.5999984741211,57.709999084472656
motor,2025-03-31 13:01:18.302154,104.5999984741211,57.880001068115234
motor,2025-03-31 13:01:18.319759,104.5999984741211,57.709999084472656
motor,2025-03-31 13:01:18.340586,104.5999984741211,56.65999984741211
motor,2025-03-31 13:01:18.399426,104.69999694824219,56.130001068115234
motor,2025-03-31 13:01:18.399878,104.69999694824219,55.95000076293945
motor,2025-03-31 13:01:18.401302,104.69999694824219,55.41999816894531
motor,2025-03-31 13:01:18.419652,104.69999694824219,55.2400016784668
motor,2025-03-31 13:01:18.441665,104.69999694824219,55.060001373291016
motor,2025-03-31 13:01:18.478883,105.0,54.88999938964844
motor,2025-03-31 13:01:18.480337,105.0999984741211,54.720001220703125
odom,2025-03-31 13:01:18.499774,1.9151444207441561,-1.4066938474006128,38.37711876446991,-0.7255985931951958,-0.04178385515427139,4.955478106061033
motor,2025-03-31 13:01:18.500177,105.0999984741211,54.36000061035156
motor,2025-03-31 13:01:18.519510,105.19999694824219,54.11000061035156
motor,2025-03-31 13:01:18.568784,105.19999694824219,54.11000061035156
motor,2025-03-31 13:01:18.569154,105.5,54.0099983215332
motor,2025-03-31 13:01:18.579708,105.5,54.0099983215332
motor,2025-03-31 13:01:18.602621,105.4000015258789,53.75
motor,2025-03-31 13:01:18.619722,105.4000015258789,53.58000183105469
motor,2025-03-31 13:01:18.639667,105.4000015258789,53.58000183105469
motor,2025-03-31 13:01:18.668442,105.4000015258789,53.65999984741211
motor,2025-03-31 13:01:18.679948,105.4000015258789,53.47999954223633
odom,2025-03-31 13:01:18.700378,1.9812172215026005,-1.3364433338285429,42.44086737997656,-0.7823806558858843,-0.05902594795552103,6.026334850018178
motor,2025-03-31 13:01:18.704644,105.5,53.29999923706055
motor,2025-03-31 13:01:18.743852,105.4000015258789,53.400001525878906
motor,2025-03-31 13:01:18.744679,105.4000015258789,53.400001525878906
motor,2025-03-31 13:01:18.759926,105.4000015258789,53.220001220703125
motor,2025-03-31 13:01:18.779569,105.80000305175781,53.29999923706055
motor,2025-03-31 13:01:18.806634,105.5,53.13999938964844
motor,2025-03-31 13:01:18.819176,105.4000015258789,53.22999954223633
motor,2025-03-31 13:01:18.839129,105.4000015258789,53.29999923706055
motor,2025-03-31 13:01:18.862748,105.4000015258789,54.540000915527344
motor,2025-03-31 13:01:18.879136,105.5,54.88999938964844
odom,2025-03-31 13:01:18.902093,2.0275868163862327,-1.2926797247243025,44.89069652061908,-0.4722516459629524,0.012752379651932053,5.805161021027899
motor,2025-03-31 13:01:18.910659,105.5,56.119998931884766
motor,2025-03-31 13:01:18.919923,105.5,56.650001525878906
motor,2025-03-31 13:01:18.939892,105.4000015258789,57.16999816894531
motor,2025-03-31 13:01:18.959887,105.5,57.70000076293945
motor,2025-03-31 13:01:18.979912,105.4000015258789,57.70000076293945
motor,2025-03-31 13:01:19.013968,105.4000015258789,58.04999923706055
motor,2025-03-31 13:01:19.019411,105.5,58.40999984741211
motor,2025-03-31 13:01:19.041312,105.5,58.58000183105469
odom,2025-03-31 13:01:19.057225,2.0791355292558396,-1.2382946764506895,45.99445761412617,-0.6094875107874603,-0.0057364896149482685,6.529680974016221
motor,2025-03-31 13:01:19.062297,105.4000015258789,58.93000030517578
motor,2025-03-31 13:01:19.079930,105.19999694824219,59.029998779296875
motor,2025-03-31 13:01:19.114349,105.4000015258789,59.119998931884766
motor,2025-03-31 13:01:19.119837,105.5,59.290000915527344
motor,2025-03-31 13:01:19.140541,105.4000015258789,59.459999084472656
motor,2025-03-31 13:01:19.159611,105.4000015258789,59.470001220703125
motor,2025-03-31 13:01:19.179623,105.4000015258789,59.650001525878906
motor,2025-03-31 13:01:19.205650,105.4000015258789,59.650001525878906
motor,2025-03-31 13:01:19.230240,105.4000015258789,59.81999969482422
odom,2025-03-31 13:01:19.235246,2.1338742194888694,-1.1841273749036931,46.72407850869374,-0.5694409224177014,0.020130918695501078,6.033861114887063
motor,2025-03-31 13:01:19.289165,105.4000015258789,59.810001373291016
motor,2025-03-31 13:01:19.293191,105.4000015258789,59.72999954223633
motor,2025-03-31 13:01:19.293597,105.4000015258789,59.81999969482422
motor,2025-03-31 13:01:19.300984,105.4000015258789,60.15999984741211
motor,2025-03-31 13:01:19.321324,105.4000015258789,60.09000015258789
motor,2025-03-31 13:01:19.368114,105.4000015258789,60.0
motor,2025-03-31 13:01:19.368482,105.4000015258789,60.349998474121094
odom,2025-03-31 13:01:19.389391,2.1861552416013796,-1.131606651666536,47.00821234451828,-0.6038615072183745,0.01979119412611697,6.689089276652012
motor,2025-03-31 13:01:19.389769,105.4000015258789,60.349998474121094
motor,2025-03-31 13:01:19.398895,105.4000015258789,60.33000183105469
motor,2025-03-31 13:01:19.420330,105.19999694824219,60.349998474121094
motor,2025-03-31 13:01:19.439644,105.19999694824219,60.52000045776367
motor,2025-03-31 13:01:19.459609,105.4000015258789,60.52000045776367
motor,2025-03-31 13:01:19.487861,105.5,60.689998626708984
motor,2025-03-31 13:01:19.499915,105.4000015258789,60.70000076293945
motor,2025-03-31 13:01:19.523225,105.5,60.869998931884766
motor,2025-03-31 13:01:19.540907,105.4000015258789,60.880001068115234
odom,2025-03-31 13:01:19.541836,2.235298109410417,-1.0822080840154544,47.06884232641564,-0.567470707830155,0.019024876670299652,6.694112326892459
motor,2025-03-31 13:01:19.563296,105.5,60.529998779296875
motor,2025-03-31 13:01:19.579923,105.19999694824219,60.880001068115234
motor,2025-03-31 13:01:19.599969,105.4000015258789,60.70000076293945
motor,2025-03-31 13:01:19.637193,105.4000015258789,60.880001068115234
motor,2025-03-31 13:01:19.640473,105.5,60.689998626708984
motor,2025-03-31 13:01:19.659888,105.4000015258789,60.689998626708984
motor,2025-03-31 13:01:19.679915,105.5,60.529998779296875
odom,2025-03-31 13:01:19.694953,2.2825146908493554,-1.0249140974638047,47.38786201498589,-0.5483825649685629,-0.029889848166021464,6.118113066646317
motor,2025-03-31 13:01:19.699848,105.4000015258789,60.529998779296875
motor,2025-03-31 13:01:19.727915,105.4000015258789,60.529998779296875
motor,2025-03-31 13:01:19.739962,105.4000015258789,60.70000076293945
motor,2025-03-31 13:01:19.759862,105.4000015258789,60.70000076293945
motor,2025-03-31 13:01:19.838169,105.5,60.70000076293945
motor,2025-03-31 13:01:19.838524,105.4000015258789,60.880001068115234
motor,2025-03-31 13:01:19.846870,105.4000015258789,60.880001068115234
motor,2025-03-31 13:01:19.847220,105.4000015258789,60.88999938964844
odom,2025-03-31 13:01:19.871870,2.3447697986028877,-0.9614060897270479,47.454229553130126,-0.7232582048710268,0.023783689223716476,6.739390163532966
motor,2025-03-31 13:01:19.898875,105.4000015258789,60.790000915527344
motor,2025-03-31 13:01:19.911407,105.30000305175781,60.880001068115234
motor,2025-03-31 13:01:19.911716,105.5,61.040000915527344
motor,2025-03-31 13:01:19.920408,105.5,61.040000915527344
motor,2025-03-31 13:01:19.939563,105.5,61.040000915527344
motor,2025-03-31 13:01:19.984360,105.4000015258789,61.040000915527344
motor,2025-03-31 13:01:19.984685,105.4000015258789,61.220001220703125
motor,2025-03-31 13:01:19.999947,105.30000305175781,61.220001220703125
motor,2025-03-31 13:01:20.019837,105.5,60.869998931884766
motor,2025-03-31 13:01:20.043267,105.5,61.040000915527344
odom,2025-03-31 13:01:20.049551,2.412846445827842,-0.8852646612633089,47.889546882115546,-0.7562552078000487,-0.004106919165757876,6.188854683631503
motor,2025-03-31 13:01:20.062106,105.5,61.040000915527344
motor,2025-03-31 13:01:20.099291,105.5,61.04999923706055
motor,2025-03-31 13:01:20.100014,105.4000015258789,60.959999084472656
motor,2025-03-31 13:01:20.119356,105.4000015258789,61.040000915527344
motor,2025-03-31 13:01:20.156326,105.4000015258789,61.04999923706055
motor,2025-03-31 13:01:20.159749,105.5,60.869998931884766
motor,2025-03-31 13:01:20.179709,105.4000015258789,60.869998931884766
motor,2025-03-31 13:01:20.200824,105.4000015258789,60.869998931884766
motor,2025-03-31 13:01:20.219521,105.4000015258789,60.689998626708984
motor,2025-03-31 13:01:20.240177,105.5,60.70000076293945
odom,2025-03-31 13:01:20.250430,2.4820185766602747,-0.8090301505639887,47.72564931303879,-0.8383197127146486,-0.0008049973222595118,6.783569477343096
motor,2025-03-31 13:01:20.260352,105.4000015258789,60.880001068115234
motor,2025-03-31 13:01:20.280230,105.4000015258789,61.040000915527344
motor,2025-03-31 13:01:20.351401,105.4000015258789,61.04999923706055
motor,2025-03-31 13:01:20.351857,105.5,61.22999954223633
motor,2025-03-31 13:01:20.362188,105.4000015258789,61.400001525878906
motor,2025-03-31 13:01:20.414713,105.4000015258789,61.220001220703125
motor,2025-03-31 13:01:20.415071,105.4000015258789,61.22999954223633
motor,2025-03-31 13:01:20.420271,105.4000015258789,61.13999938964844
motor,2025-03-31 13:01:20.444869,105.4000015258789,61.22999954223633
odom,2025-03-31 13:01:20.450396,2.5512687125586195,-0.7372814237489123,46.71173959485462,-0.8113611175780151,0.009863895100653318,6.634084244429876
motor,2025-03-31 13:01:20.459608,105.4000015258789,61.04999923706055
motor,2025-03-31 13:01:20.479815,105.4000015258789,61.040000915527344
motor,2025-03-31 13:01:20.500101,105.4000015258789,61.04999923706055
motor,2025-03-31 13:01:20.520109,105.5,61.04999923706055
motor,2025-03-31 13:01:20.547010,105.4000015258789,60.880001068115234
motor,2025-03-31 13:01:20.583287,105.4000015258789,60.880001068115234
motor,2025-03-31 13:01:20.583633,105.4000015258789,60.70000076293945
motor,2025-03-31 13:01:20.600029,105.4000015258789,60.880001068115234
motor,2025-03-31 13:01:20.619777,105.5,60.880001068115234
motor,2025-03-31 13:01:20.649104,105.4000015258789,61.040000915527344
odom,2025-03-31 13:01:20.653024,2.632951717885552,-0.6617457856732276,45.23227676116461,-0.82240856482094,0.03549641900381388,5.841130161681773
motor,2025-03-31 13:01:20.660008,105.4000015258789,60.880001068115234
motor,2025-03-31 13:01:20.679779,105.4000015258789,61.040000915527344
motor,2025-03-31 13:01:20.699523,105.4000015258789,61.04999923706055
motor,2025-03-31 13:01:20.721376,105.4000015258789,60.880001068115234
motor,2025-03-31 13:01:20.739459,105.5,60.880001068115234
motor,2025-03-31 13:01:20.760799,105.4000015258789,61.04999923706055
motor,2025-03-31 13:01:20.779520,105.4000015258789,60.880001068115234
motor,2025-03-31 13:01:20.800771,105.4000015258789,61.040000915527344
motor,2025-03-31 13:01:20.819821,105.4000015258789,61.22999954223633
motor,2025-03-31 13:01:20.839008,105.4000015258789,60.790000915527344
motor,2025-03-31 13:01:20.859016,105.4000015258789,60.869998931884766
odom,2025-03-31 13:01:20.878096,2.721227300847056,-0.5774024299081466,43.35784188606619,-0.9941750666400042,-0.005851054194783199,6.162109328184985
motor,2025-03-31 13:01:20.879102,105.5,60.869998931884766
motor,2025-03-31 13:01:20.925007,105.4000015258789,61.04999923706055
motor,2025-03-31 13:01:20.925373,105.4000015258789,60.869998931884766
motor,2025-03-31 13:01:20.940054,105.4000015258789,60.869998931884766
motor,2025-03-31 13:01:20.961828,105.4000015258789,60.880001068115234
motor,2025-03-31 13:01:20.984405,105.4000015258789,60.869998931884766
motor,2025-03-31 13:01:20.999972,105.4000015258789,60.959999084472656
motor,2025-03-31 13:01:21.028499,105.4000015258789,60.880001068115234
motor,2025-03-31 13:01:21.042033,105.5,60.70000076293945
odom,2025-03-31 13:01:21.054702,2.7991398200432567,-0.5102429697866986,41.43486813526899,-0.7618655210047823,0.00896266926126751,5.356652633625518
motor,2025-03-31 13:01:21.063303,105.4000015258789,60.869998931884766
motor,2025-03-31 13:01:21.080042,105.4000015258789,61.040000915527344
motor,2025-03-31 13:01:21.100074,105.5,60.869998931884766
motor,2025-03-31 13:01:21.121939,105.4000015258789,60.970001220703125
motor,2025-03-31 13:01:21.139728,105.4000015258789,60.880001068115234
motor,2025-03-31 13:01:21.191783,105.4000015258789,61.040000915527344
motor,2025-03-31 13:01:21.192134,105.4000015258789,60.869998931884766
motor,2025-03-31 13:01:21.199501,105.4000015258789,61.04999923706055
motor,2025-03-31 13:01:21.228607,105.4000015258789,61.209999084472656
odom,2025-03-31 13:01:21.254110,2.878863183964373,-0.45212254103327326,38.86121501792553,-0.8011101153615806,0.03873483844145574,5.513811597756002
motor,2025-03-31 13:01:21.273158,105.5,61.040000915527344
motor,2025-03-31 13:01:21.273553,105.5,60.869998931884766
motor,2025-03-31 13:01:21.279741,105.4000015258789,60.880001068115234
motor,2025-03-31 13:01:21.299498,105.4000015258789,61.040000915527344
motor,2025-03-31 13:01:21.320632,105.5,60.869998931884766
motor,2025-03-31 13:01:21.339659,105.4000015258789,61.04999923706055
motor,2025-03-31 13:01:21.365808,105.4000015258789,60.869998931884766
motor,2025-03-31 13:01:21.386155,105.4000015258789,61.040000915527344
motor,2025-03-31 13:01:21.399078,105.5,60.869998931884766
odom,2025-03-31 13:01:21.429754,2.9691462103005235,-0.3871946281436208,36.44895387256588,-0.8236153677371731,0.010447936036706611,4.711896241221246
motor,2025-03-31 13:01:21.447207,105.5,60.869998931884766
motor,2025-03-31 13:01:21.447494,105.4000015258789,61.04999923706055
motor,2025-03-31 13:01:21.467079,105.4000015258789,60.869998931884766
motor,2025-03-31 13:01:21.479679,105.4000015258789,61.04999923706055
motor,2025-03-31 13:01:21.522444,105.4000015258789,61.040000915527344
motor,2025-03-31 13:01:21.522788,105.4000015258789,60.86000061035156
motor,2025-03-31 13:01:21.539969,105.5,60.869998931884766
motor,2025-03-31 13:01:21.570317,105.4000015258789,60.869998931884766
motor,2025-03-31 13:01:21.580769,105.5,60.86000061035156
motor,2025-03-31 13:01:21.599789,105.4000015258789,60.77000045776367
odom,2025-03-31 13:01:21.626233,3.0633853033191967,-0.3266446320028919,34.144676318378345,-0.9119749161671648,0.022659825076624278,4.853355240747259
motor,2025-03-31 13:01:21.626582,105.5,60.689998626708984
motor,2025-03-31 13:01:21.640725,105.5,60.70000076293945
motor,2025-03-31 13:01:21.681153,105.4000015258789,60.86000061035156
motor,2025-03-31 13:01:21.681503,105.30000305175781,60.869998931884766
motor,2025-03-31 13:01:21.704488,105.5,60.52000045776367
motor,2025-03-31 13:01:21.729221,105.4000015258789,59.459999084472656
motor,2025-03-31 13:01:21.745319,105.5,59.11000061035156
motor,2025-03-31 13:01:21.787764,105.4000015258789,58.91999816894531
motor,2025-03-31 13:01:21.788099,105.5,58.93000030517578
motor,2025-03-31 13:01:21.799904,105.5,58.40999984741211
odom,2025-03-31 13:01:21.802646,3.1512042167504313,-0.25914130849809947,32.168882370345635,-0.8972019262663157,-0.08448418202542621,4.567919685156838
motor,2025-03-31 13:01:21.819979,105.5,58.400001525878906
motor,2025-03-31 13:01:21.840629,105.4000015258789,58.22999954223633
motor,2025-03-31 13:01:21.862192,105.5,58.040000915527344
motor,2025-03-31 13:01:21.880579,105.5,57.880001068115234
motor,2025-03-31 13:01:21.899877,105.4000015258789,57.880001068115234
motor,2025-03-31 13:01:21.919757,105.4000015258789,57.880001068115234
motor,2025-03-31 13:01:21.941052,105.4000015258789,56.470001220703125
motor,2025-03-31 13:01:21.959589,105.30000305175781,55.59000015258789
motor,2025-03-31 13:01:21.979811,105.5,55.2400016784668
motor,2025-03-31 13:01:21.999837,105.4000015258789,54.709999084472656
odom,2025-03-31 13:01:22.009606,3.2505455226524953,-0.20992902740486202,29.914692527020094,-0.819065205766183,0.050979022287439064,3.864866655719812
motor,2025-03-31 13:01:22.052195,105.4000015258789,54.36000061035156
motor,2025-03-31 13:01:22.052561,105.4000015258789,53.65999984741211
motor,2025-03-31 13:01:22.059319,105.4000015258789,53.47999954223633
motor,2025-03-31 13:01:22.081486,105.5,53.130001068115234
motor,2025-03-31 13:01:22.099592,105.0999984741211,53.130001068115234
motor,2025-03-31 13:01:22.128898,105.4000015258789,52.61000061035156
motor,2025-03-31 13:01:22.161908,105.5,52.599998474121094
motor,2025-03-31 13:01:22.168241,105.4000015258789,52.41999816894531
motor,2025-03-31 13:01:22.184893,105.4000015258789,52.41999816894531
odom,2025-03-31 13:01:22.191089,3.3424153865559414,-0.16037480551947458,28.74899064435003,-0.8508498406359016,0.00604037247865833,4.090124345413089
motor,2025-03-31 13:01:22.213127,105.4000015258789,52.25
motor,2025-03-31 13:01:22.220296,105.19999694824219,52.41999816894531
motor,2025-03-31 13:01:22.241597,105.5,52.2599983215332
motor,2025-03-31 13:01:22.261696,105.5,52.08000183105469
motor,2025-03-31 13:01:22.286501,105.4000015258789,52.06999969482422
motor,2025-03-31 13:01:22.306898,105.4000015258789,52.06999969482422
motor,2025-03-31 13:01:22.322200,105.5,51.720001220703125
motor,2025-03-31 13:01:22.340929,105.4000015258789,51.63999938964844
motor,2025-03-31 13:01:22.363331,105.19999694824219,51.470001220703125
odom,2025-03-31 13:01:22.372569,3.447253285810707,-0.10425525952940662,29.19897676540343,-0.8798587916770324,0.015955650306826944,3.7713671740933643
motor,2025-03-31 13:01:22.388735,105.4000015258789,51.369998931884766
motor,2025-03-31 13:01:22.399692,105.19999694824219,51.54999923706055
motor,2025-03-31 13:01:22.421694,105.30000305175781,51.369998931884766
motor,2025-03-31 13:01:22.439961,105.5,51.189998626708984
motor,2025-03-31 13:01:22.460548,105.19999694824219,51.189998626708984
motor,2025-03-31 13:01:22.479619,105.30000305175781,51.189998626708984
motor,2025-03-31 13:01:22.501228,105.30000305175781,51.189998626708984
motor,2025-03-31 13:01:22.521527,105.5,51.189998626708984
motor,2025-03-31 13:01:22.542362,105.5,51.189998626708984
motor,2025-03-31 13:01:22.560544,105.19999694824219,51.11000061035156
odom,2025-03-31 13:01:22.576785,3.5467488572959818,-0.03649070153212121,31.875803837535727,-0.9787912344831066,-0.040719571227585634,4.527400846660202
motor,2025-03-31 13:01:22.579910,105.19999694824219,51.189998626708984
motor,2025-03-31 13:01:22.601195,105.19999694824219,51.189998626708984
motor,2025-03-31 13:01:22.636042,105.19999694824219,51.11000061035156
motor,2025-03-31 13:01:22.640098,105.4000015258789,51.189998626708984
motor,2025-03-31 13:01:22.661496,105.4000015258789,51.20000076293945
motor,2025-03-31 13:01:22.680084,105.5,51.189998626708984
motor,2025-03-31 13:01:22.700289,105.4000015258789,51.11000061035156
motor,2025-03-31 13:01:22.720134,105.19999694824219,51.11000061035156
motor,2025-03-31 13:01:22.739874,105.5,51.189998626708984
motor,2025-03-31 13:01:22.766324,105.4000015258789,51.18000030517578
motor,2025-03-31 13:01:22.782700,105.19999694824219,51.18000030517578
motor,2025-03-31 13:01:22.802088,105.5,51.189998626708984
odom,2025-03-31 13:01:22.802874,3.6468688232283926,0.05426094184302872,37.311225000083496,-1.09617728870608,-0.09356802917138193,5.301824802334031
motor,2025-03-31 13:01:22.821417,105.5,51.189998626708984
motor,2025-03-31 13:01:22.841361,105.4000015258789,51.11000061035156
motor,2025-03-31 13:01:22.867175,105.5,51.18000030517578
motor,2025-03-31 13:01:22.880916,105.30000305175781,51.189998626708984
motor,2025-03-31 13:01:22.900815,105.4000015258789,51.11000061035156
motor,2025-03-31 13:01:22.920039,105.4000015258789,51.11000061035156
motor,2025-03-31 13:01:22.939553,105.19999694824219,51.189998626708984
motor,2025-03-31 13:01:23.008509,105.4000015258789,51.189998626708984
motor,2025-03-31 13:01:23.009449,105.5,51.11000061035156
motor,2025-03-31 13:01:23.022734,105.5,51.189998626708984
motor,2025-03-31 13:01:23.057218,105.4000015258789,51.11000061035156
motor,2025-03-31 13:01:23.059749,105.4000015258789,51.189998626708984
motor,2025-03-31 13:01:23.092128,105.19999694824219,51.189998626708984
motor,2025-03-31 13:01:23.107327,105.5,51.20000076293945
motor,2025-03-31 13:01:23.119545,105.5,51.20000076293945
odom,2025-03-31 13:01:23.148186,3.7426456857789856,0.1181109129412811,44.62479371920819,-0.8376128111002147,0.1618332521623508,5.7722740282538965
motor,2025-03-31 13:01:23.157773,105.4000015258789,51.20000076293945
motor,2025-03-31 13:01:23.159763,105.4000015258789,51.11000061035156
motor,2025-03-31 13:01:23.179985,105.4000015258789,51.20000076293945
motor,2025-03-31 13:01:23.244129,105.4000015258789,51.20000076293945
motor,2025-03-31 13:01:23.244479,105.4000015258789,51.18000030517578
motor,2025-03-31 13:01:23.259689,105.5,51.189998626708984
motor,2025-03-31 13:01:23.323403,105.30000305175781,51.189998626708984
motor,2025-03-31 13:01:23.323738,105.4000015258789,51.11000061035156
motor,2025-03-31 13:01:23.341033,105.4000015258789,51.11000061035156
motor,2025-03-31 13:01:23.414223,105.5,51.20000076293945
motor,2025-03-31 13:01:23.414702,105.19999694824219,51.189998626708984
motor,2025-03-31 13:01:23.419172,105.5,51.11000061035156
odom,2025-03-31 13:01:23.420557,3.7996443469005734,0.20707171500936122,51.732725450632046,-0.8556704568825353,-0.08418451303438454,7.347729525472512
motor,2025-03-31 13:01:23.467836,105.4000015258789,51.11000061035156
motor,2025-03-31 13:01:23.468175,105.5,51.189998626708984
motor,2025-03-31 13:01:23.480358,105.5,51.11000061035156
motor,2025-03-31 13:01:23.499612,105.5,51.11000061035156
motor,2025-03-31 13:01:23.520006,105.5,51.18000030517578
motor,2025-03-31 13:01:23.546206,105.4000015258789,51.18000030517578
motor,2025-03-31 13:01:23.559723,105.5,51.189998626708984
motor,2025-03-31 13:01:23.588428,105.19999694824219,51.18000030517578
motor,2025-03-31 13:01:23.600393,105.5,51.189998626708984
motor,2025-03-31 13:01:23.623074,105.5,51.189998626708984
motor,2025-03-31 13:01:23.643459,105.5,51.189998626708984
motor,2025-03-31 13:01:23.660395,105.5,51.279998779296875
motor,2025-03-31 13:01:23.680466,105.4000015258789,51.189998626708984
odom,2025-03-31 13:01:23.687633,3.840281733340572,0.2897747296485509,58.54635209579496,-0.7458609343718688,-0.06900443849409767,8.306187284986647
motor,2025-03-31 13:01:23.719199,105.4000015258789,51.20000076293945
motor,2025-03-31 13:01:23.720889,105.5,51.189998626708984
motor,2025-03-31 13:01:23.740850,105.4000015258789,51.11000061035156
motor,2025-03-31 13:01:23.799097,105.5,51.189998626708984
motor,2025-03-31 13:01:23.799538,105.4000015258789,51.11000061035156
motor,2025-03-31 13:01:23.821723,105.5,51.11000061035156
motor,2025-03-31 13:01:23.840338,105.4000015258789,51.189998626708984
motor,2025-03-31 13:01:23.860097,105.5,51.189998626708984
motor,2025-03-31 13:01:23.900862,105.4000015258789,51.11000061035156
motor,2025-03-31 13:01:23.901228,105.5,51.20000076293945
motor,2025-03-31 13:01:23.924127,105.5,51.189998626708984
motor,2025-03-31 13:01:23.944057,105.5,51.189998626708984
motor,2025-03-31 13:01:23.963899,105.5,51.20000076293945
odom,2025-03-31 13:01:23.976232,3.872212997848192,0.3772771128024303,65.38591188737159,-0.688432200131519,-0.054980238462041586,8.461294550688821
motor,2025-03-31 13:01:24.004646,105.4000015258789,51.189998626708984
motor,2025-03-31 13:01:24.008131,105.4000015258789,51.189998626708984
motor,2025-03-31 13:01:24.041204,105.4000015258789,51.189998626708984
motor,2025-03-31 13:01:24.041564,105.4000015258789,51.189998626708984
motor,2025-03-31 13:01:24.060106,105.4000015258789,51.11000061035156
motor,2025-03-31 13:01:24.134914,105.4000015258789,51.18000030517578
motor,2025-03-31 13:01:24.135282,105.5,51.189998626708984
motor,2025-03-31 13:01:24.139771,105.4000015258789,51.11000061035156
motor,2025-03-31 13:01:24.159701,105.4000015258789,51.189998626708984
motor,2025-03-31 13:01:24.187381,105.5,51.189998626708984
motor,2025-03-31 13:01:24.203070,105.19999694824219,51.189998626708984
motor,2025-03-31 13:01:24.231381,105.19999694824219,51.189998626708984
motor,2025-03-31 13:01:24.239634,105.5,51.11000061035156
odom,2025-03-31 13:01:24.260324,3.887587040204376,0.4609254088907506,72.45739708980182,-0.6861823274491711,-0.08581185736883733,10.282488910572733
motor,2025-03-31 13:01:24.262952,105.5,51.189998626708984
motor,2025-03-31 13:01:24.290759,105.4000015258789,51.11000061035156
motor,2025-03-31 13:01:24.300786,105.4000015258789,51.189998626708984
motor,2025-03-31 13:01:24.345993,105.4000015258789,51.18000030517578
motor,2025-03-31 13:01:24.346388,105.4000015258789,51.18000030517578
motor,2025-03-31 13:01:24.360059,105.5,51.189998626708984
motor,2025-03-31 13:01:24.406529,105.5,51.189998626708984
motor,2025-03-31 13:01:24.406929,105.4000015258789,51.11000061035156
motor,2025-03-31 13:01:24.458772,105.5,51.20000076293945
motor,2025-03-31 13:01:24.459208,105.4000015258789,51.20000076293945
motor,2025-03-31 13:01:24.459700,105.4000015258789,51.11000061035156
motor,2025-03-31 13:01:24.514910,105.4000015258789,51.20000076293945
motor,2025-03-31 13:01:24.515340,105.30000305175781,51.20000076293945
motor,2025-03-31 13:01:24.519912,105.4000015258789,51.20000076293945
motor,2025-03-31 13:01:24.539760,105.4000015258789,51.20000076293945
motor,2025-03-31 13:01:24.560591,105.5,51.20000076293945
odom,2025-03-31 13:01:24.573491,3.9119553226534154,0.555736213435161,78.9560921379107,-0.7232531294279155,0.04259240130545757,10.19897851378026
motor,2025-03-31 13:01:24.615383,105.4000015258789,51.11000061035156
motor,2025-03-31 13:01:24.615738,105.4000015258789,51.11000061035156
motor,2025-03-31 13:01:24.620011,105.4000015258789,51.11000061035156
motor,2025-03-31 13:01:24.640908,105.4000015258789,51.11000061035156
motor,2025-03-31 13:01:24.659935,105.5,51.20000076293945
motor,2025-03-31 13:01:24.679822,105.5,51.20000076293945
motor,2025-03-31 13:01:24.704751,105.30000305175781,51.20000076293945
motor,2025-03-31 13:01:24.742767,105.4000015258789,51.20000076293945
motor,2025-03-31 13:01:24.743173,105.5,51.20000076293945
motor,2025-03-31 13:01:24.764192,105.4000015258789,51.20000076293945
motor,2025-03-31 13:01:24.779958,105.4000015258789,51.11000061035156
motor,2025-03-31 13:01:24.801549,105.4000015258789,51.119998931884766
motor,2025-03-31 13:01:24.819845,105.4000015258789,51.189998626708984
odom,2025-03-31 13:01:24.841767,3.941483725372393,0.6365141452957812,83.47413879847423,-0.6804477126497445,0.16403986794643932,11.856686679388016
motor,2025-03-31 13:01:24.844784,105.5,51.189998626708984
motor,2025-03-31 13:01:24.863462,105.4000015258789,51.189998626708984
motor,2025-03-31 13:01:24.879364,105.5,51.20000076293945
motor,2025-03-31 13:01:24.899303,105.4000015258789,51.20000076293945
motor,2025-03-31 13:01:24.919120,105.4000015258789,51.11000061035156
odom,2025-03-31 13:01:24.945486,3.9500688933486003,0.6544539601042626,83.60091947636936,-0.1391136427640686,0.048375180619093947,10.805618207174996
motor,2025-03-31 13:01:24.947043,105.4000015258789,51.11000061035156
motor,2025-03-31 13:01:24.959541,105.30000305175781,51.20000076293945
motor,2025-03-31 13:01:24.979531,105.4000015258789,51.11000061035156
motor,2025-03-31 13:01:25.000032,105.19999694824219,51.11000061035156
motor,2025-03-31 13:01:25.021986,105.4000015258789,51.189998626708984
odom,2025-03-31 13:01:25.024759,3.952525853409017,0.6451485458181587,83.61669808531556,0.0730781185994568,0.028306832683005788,11.883507321188342
motor,2025-03-31 13:01:25.049630,105.4000015258789,51.11000061035156
motor,2025-03-31 13:01:25.060089,105.5,51.20000076293945
motor,2025-03-31 13:01:25.079670,105.5,51.20000076293945
motor,2025-03-31 13:01:25.099839,105.4000015258789,51.11000061035156
motor,2025-03-31 13:01:25.120195,105.5,51.20000076293945
odom,2025-03-31 13:01:25.128863,3.960760502897486,0.6161457491398747,83.13588560921346,0.20590516754426688,0.08619428191090313,10.742874917226473
motor,2025-03-31 13:01:25.139753,105.30000305175781,51.20000076293945
motor,2025-03-31 13:01:25.159891,105.19999694824219,51.189998626708984
motor,2025-03-31 13:01:25.179816,105.30000305175781,51.20000076293945
motor,2025-03-31 13:01:25.199879,105.0999984741211,51.20000076293945
motor,2025-03-31 13:01:25.224000,105.30000305175781,51.119998931884766
motor,2025-03-31 13:01:25.239971,105.30000305175781,51.20000076293945
odom,2025-03-31 13:01:25.257971,3.95390921238616,0.5622024956117984,83.06580458117486,0.4423863623138367,-0.002348270282552755,11.794933487667373
motor,2025-03-31 13:01:25.259784,105.19999694824219,51.20000076293945
motor,2025-03-31 13:01:25.279531,105.19999694824219,51.20000076293945
motor,2025-03-31 13:01:25.299675,105.19999694824219,51.20000076293945
motor,2025-03-31 13:01:25.324297,105.30000305175781,51.20000076293945
motor,2025-03-31 13:01:25.340436,105.30000305175781,51.20000076293945
motor,2025-03-31 13:01:25.359878,105.30000305175781,51.119998931884766
motor,2025-03-31 13:01:25.379840,105.19999694824219,51.189998626708984
odom,2025-03-31 13:01:25.387501,3.9530027792500086,0.5079666385531153,83.68847715854628,0.3998220767570258,0.03747079451495356,10.813384040411636
motor,2025-03-31 13:01:25.400801,105.30000305175781,51.20000076293945
motor,2025-03-31 13:01:25.426583,105.19999694824219,51.11000061035156
motor,2025-03-31 13:01:25.440090,105.19999694824219,51.20000076293945
motor,2025-03-31 13:01:25.460052,105.19999694824219,51.11000061035156
motor,2025-03-31 13:01:25.480347,105.19999694824219,51.20000076293945
motor,2025-03-31 13:01:25.499546,105.30000305175781,51.209999084472656
motor,2025-03-31 13:01:25.520308,105.19999694824219,51.72999954223633
motor,2025-03-31 13:01:25.539814,105.30000305175781,52.41999816894531
motor,2025-03-31 13:01:25.561547,105.30000305175781,52.95000076293945
odom,2025-03-31 13:01:25.565815,3.928064994643847,0.4245435547919323,85.96491467300571,0.6914724134385174,-0.1546633507238841,12.209624219206628
motor,2025-03-31 13:01:25.580058,105.19999694824219,53.91999816894531
motor,2025-03-31 13:01:25.599492,105.19999694824219,54.380001068115234
motor,2025-03-31 13:01:25.619869,105.19999694824219,54.720001220703125
motor,2025-03-31 13:01:25.639838,105.19999694824219,55.25
motor,2025-03-31 13:01:25.663187,105.19999694824219,55.689998626708984
motor,2025-03-31 13:01:25.679902,105.19999694824219,56.290000915527344
motor,2025-03-31 13:01:25.700139,105.19999694824219,57.18000030517578
motor,2025-03-31 13:01:25.719897,105.30000305175781,57.540000915527344
motor,2025-03-31 13:01:25.739696,105.19999694824219,57.88999938964844
motor,2025-03-31 13:01:25.766010,105.19999694824219,58.06999969482422
motor,2025-03-31 13:01:25.778944,105.30000305175781,58.41999816894531
motor,2025-03-31 13:01:25.799705,105.0999984741211,58.599998474121094
odom,2025-03-31 13:01:25.815572,3.90951922980687,0.34875680523927344,90.16128651411154,0.6170068571445221,-0.15282971327317085,12.820212190312725
motor,2025-03-31 13:01:25.819931,105.19999694824219,59.650001525878906
motor,2025-03-31 13:01:25.839725,105.19999694824219,60.16999816894531
motor,2025-03-31 13:01:25.868580,105.19999694824219,60.540000915527344
motor,2025-03-31 13:01:25.884210,105.30000305175781,60.720001220703125
motor,2025-03-31 13:01:25.900278,105.30000305175781,61.2400016784668
motor,2025-03-31 13:01:25.920290,105.30000305175781,61.599998474121094
motor,2025-03-31 13:01:25.941525,105.30000305175781,62.63999938964844
motor,2025-03-31 13:01:25.981756,105.30000305175781,63.16999816894531
motor,2025-03-31 13:01:25.982159,105.30000305175781,64.05000305175781
motor,2025-03-31 13:01:26.005848,105.30000305175781,64.94000244140625
odom,2025-03-31 13:01:26.017727,3.940594993407071,0.27802061320184884,93.76264552278664,0.5382980288515065,0.19543695039700423,12.12986107876872
motor,2025-03-31 13:01:26.020259,105.30000305175781,65.6500015258789
motor,2025-03-31 13:01:26.046298,105.30000305175781,66.5999984741211
motor,2025-03-31 13:01:26.062882,105.30000305175781,67.73999786376953
motor,2025-03-31 13:01:26.090255,105.19999694824219,68.72000122070312
motor,2025-03-31 13:01:26.104114,105.30000305175781,69.5
motor,2025-03-31 13:01:26.120949,105.30000305175781,70.29000091552734
motor,2025-03-31 13:01:26.143859,105.30000305175781,70.7300033569336
motor,2025-03-31 13:01:26.160131,105.30000305175781,70.91000366210938
motor,2025-03-31 13:01:26.180399,105.19999694824219,71.43000030517578
motor,2025-03-31 13:01:26.229580,105.30000305175781,71.79000091552734
motor,2025-03-31 13:01:26.229937,105.19999694824219,72.05000305175781
odom,2025-03-31 13:01:26.286524,3.8877633060621535,0.15140876048043886,100.17956739831135,0.9390995138701413,-0.6058815182284131,14.24320979569487
motor,2025-03-31 13:01:26.297897,105.30000305175781,72.31999969482422
motor,2025-03-31 13:01:26.298330,105.30000305175781,72.66999816894531
motor,2025-03-31 13:01:26.298624,105.30000305175781,73.45999908447266
motor,2025-03-31 13:01:26.299870,105.30000305175781,73.37000274658203
motor,2025-03-31 13:01:26.358916,105.30000305175781,73.62999725341797
motor,2025-03-31 13:01:26.359237,105.19999694824219,73.72000122070312
motor,2025-03-31 13:01:26.382198,105.19999694824219,73.54000091552734
motor,2025-03-31 13:01:26.399966,105.30000305175781,73.7300033569336
motor,2025-03-31 13:01:26.419568,105.30000305175781,73.9800033569336
motor,2025-03-31 13:01:26.439991,105.30000305175781,73.9800033569336
motor,2025-03-31 13:01:26.459905,105.19999694824219,73.80999755859375
motor,2025-03-31 13:01:26.484683,105.0999984741211,73.80000305175781
motor,2025-03-31 13:01:26.499881,105.0999984741211,73.9800033569336
motor,2025-03-31 13:01:26.564560,105.0999984741211,73.36000061035156
motor,2025-03-31 13:01:26.564765,105.0999984741211,73.2699966430664
odom,2025-03-31 13:01:26.583476,3.8979885244028374,0.06641611022751237,107.8400535613293,0.6215507197117979,-0.12059120868027269,13.920543384749829
motor,2025-03-31 13:01:26.586071,105.19999694824219,73.01000213623047
motor,2025-03-31 13:01:26.599695,104.69999694824219,73.2699966430664
motor,2025-03-31 13:01:26.640198,105.0999984741211,72.66999816894531
motor,2025-03-31 13:01:26.640524,105.0,72.66999816894531
motor,2025-03-31 13:01:26.659789,105.0,72.48999786376953
motor,2025-03-31 13:01:26.687422,105.0,72.48999786376953
motor,2025-03-31 13:01:26.699255,104.69999694824219,72.48999786376953
motor,2025-03-31 13:01:26.729609,104.9000015258789,72.38999938964844
motor,2025-03-31 13:01:26.742472,104.9000015258789,72.48999786376953
motor,2025-03-31 13:01:26.761904,104.9000015258789,72.4000015258789
motor,2025-03-31 13:01:26.789868,104.9000015258789,72.13999938964844
motor,2025-03-31 13:01:26.799493,104.9000015258789,72.05000305175781
motor,2025-03-31 13:01:26.819776,104.9000015258789,71.95999908447266
motor,2025-03-31 13:01:26.841302,104.69999694824219,71.61000061035156
motor,2025-03-31 13:01:26.860766,104.69999694824219,71.87000274658203
odom,2025-03-31 13:01:26.880092,3.934963168772103,-0.023274103387267916,116.78830376422425,0.7875336663981443,-0.06038256553725505,16.595497389458213
motor,2025-03-31 13:01:26.880535,104.69999694824219,71.69000244140625
motor,2025-03-31 13:01:26.899029,104.69999694824219,71.87000274658203
motor,2025-03-31 13:01:26.926062,104.80000305175781,71.61000061035156
motor,2025-03-31 13:01:26.940020,104.5999984741211,71.43000030517578
motor,2025-03-31 13:01:26.963331,104.5999984741211,71.43000030517578
motor,2025-03-31 13:01:26.980494,104.5999984741211,70.9800033569336
motor,2025-03-31 13:01:26.999420,104.30000305175781,70.7300033569336
motor,2025-03-31 13:01:27.019906,104.30000305175781,70.6500015258789
motor,2025-03-31 13:01:27.040003,103.80000305175781,70.37999725341797
motor,2025-03-31 13:01:27.069824,103.4000015258789,70.19999694824219
motor,2025-03-31 13:01:27.079929,103.19999694824219,70.0199966430664
motor,2025-03-31 13:01:27.099618,103.0999984741211,69.83999633789062
motor,2025-03-31 13:01:27.120645,103.0999984741211,69.75
motor,2025-03-31 13:01:27.140093,103.0999984741211,69.73999786376953
odom,2025-03-31 13:01:27.154505,3.986505304420538,-0.15062091807014183,123.97504842853174,1.0937607920019867,-0.23128894215098908,17.607737353971924
motor,2025-03-31 13:01:27.166002,103.19999694824219,69.48999786376953
motor,2025-03-31 13:01:27.179929,103.19999694824219,69.48999786376953
motor,2025-03-31 13:01:27.205034,103.19999694824219,69.30999755859375
motor,2025-03-31 13:01:27.219660,103.19999694824219,69.30999755859375
motor,2025-03-31 13:01:27.240017,103.0999984741211,69.22000122070312
motor,2025-03-31 13:01:27.259885,103.0999984741211,69.1500015258789
motor,2025-03-31 13:01:27.281039,103.0999984741211,69.31999969482422
motor,2025-03-31 13:01:27.300996,103.30000305175781,68.95999908447266
motor,2025-03-31 13:01:27.319661,103.30000305175781,68.77999877929688
motor,2025-03-31 13:01:27.339874,103.30000305175781,68.87000274658203
motor,2025-03-31 13:01:27.362422,103.30000305175781,68.77999877929688
motor,2025-03-31 13:01:27.380078,103.30000305175781,68.87000274658203
motor,2025-03-31 13:01:27.403371,103.30000305175781,68.69999694824219
motor,2025-03-31 13:01:27.419948,103.30000305175781,68.61000061035156
motor,2025-03-31 13:01:27.439652,103.30000305175781,68.61000061035156
motor,2025-03-31 13:01:27.459785,103.30000305175781,68.44000244140625
odom,2025-03-31 13:01:27.476627,4.074548007738135,-0.20730364015655584,131.3898080418208,0.7454464447965166,0.2114512642620099,16.969412628360878
motor,2025-03-31 13:01:27.479205,103.30000305175781,68.43000030517578
motor,2025-03-31 13:01:27.505632,103.30000305175781,68.44000244140625
motor,2025-03-31 13:01:27.519725,103.30000305175781,68.44000244140625
motor,2025-03-31 13:01:27.539679,103.30000305175781,68.62000274658203
motor,2025-03-31 13:01:27.560366,103.30000305175781,68.44000244140625
motor,2025-03-31 13:01:27.584794,103.30000305175781,68.2699966430664
motor,2025-03-31 13:01:27.608393,103.30000305175781,68.33999633789062
motor,2025-03-31 13:01:27.620396,103.30000305175781,68.26000213623047
motor,2025-03-31 13:01:27.643123,103.30000305175781,68.61000061035156
motor,2025-03-31 13:01:27.660370,103.30000305175781,68.2699966430664
motor,2025-03-31 13:01:27.680609,103.30000305175781,68.2699966430664
motor,2025-03-31 13:01:27.710660,103.4000015258789,68.43000030517578
odom,2025-03-31 13:01:27.730498,4.169939518245068,-0.300035022310232,136.76788754016337,1.0824481346316894,-0.018095998450174712,19.42492282522497
motor,2025-03-31 13:01:27.750278,103.5,68.43000030517578
motor,2025-03-31 13:01:27.750682,103.5999984741211,68.33999633789062
motor,2025-03-31 13:01:27.759534,103.80000305175781,68.26000213623047
motor,2025-03-31 13:01:27.782076,104.9000015258789,68.69999694824219
motor,2025-03-31 13:01:27.800185,105.4000015258789,68.2699966430664
motor,2025-03-31 13:01:27.820574,106.0,68.2699966430664
motor,2025-03-31 13:01:27.874783,106.0999984741211,68.2699966430664
motor,2025-03-31 13:01:27.883469,106.0999984741211,68.26000213623047
motor,2025-03-31 13:01:27.883810,106.19999694824219,68.33999633789062
motor,2025-03-31 13:01:27.928802,106.30000305175781,68.43000030517578
motor,2025-03-31 13:01:27.929212,106.19999694824219,68.44000244140625
motor,2025-03-31 13:01:27.939649,106.30000305175781,68.44000244140625
odom,2025-03-31 13:01:27.958465,4.2914481143647425,-0.3572252778537855,140.6770655659409,0.964982325882116,0.24270995081101324,18.19203266763489
motor,2025-03-31 13:01:27.988784,106.30000305175781,68.2699966430664
motor,2025-03-31 13:01:27.989136,106.5999984741211,68.26000213623047
motor,2025-03-31 13:01:27.999701,106.9000015258789,68.5199966430664
motor,2025-03-31 13:01:28.020010,107.30000305175781,68.79000091552734
motor,2025-03-31 13:01:28.039946,107.4000015258789,68.62000274658203
motor,2025-03-31 13:01:28.059984,107.4000015258789,68.62999725341797
motor,2025-03-31 13:01:28.079943,107.4000015258789,68.62999725341797
motor,2025-03-31 13:01:28.099630,107.4000015258789,68.62999725341797
motor,2025-03-31 13:01:28.120034,107.5,68.79000091552734
odom,2025-03-31 13:01:28.138021,4.411054971829247,-0.37854662465205435,143.44662557808536,0.8859855160059421,0.4406917824512345,20.391533902363445
motor,2025-03-31 13:01:28.139921,107.4000015258789,69.05999755859375
motor,2025-03-31 13:01:28.202285,107.4000015258789,68.97000122070312
motor,2025-03-31 13:01:28.202628,107.5,68.79000091552734
motor,2025-03-31 13:01:28.221759,107.4000015258789,68.87000274658203
motor,2025-03-31 13:01:28.240783,107.4000015258789,69.05000305175781
motor,2025-03-31 13:01:28.259546,107.4000015258789,68.77999877929688
odom,2025-03-31 13:01:28.297473,4.471841354345006,-0.4253046995602266,144.70765385542657,0.6226190320524742,-0.02474407439787802,20.52094296361346
motor,2025-03-31 13:01:28.325617,107.5,69.13999938964844
motor,2025-03-31 13:01:28.326008,107.4000015258789,69.30999755859375
motor,2025-03-31 13:01:28.374668,107.5,69.30999755859375
motor,2025-03-31 13:01:28.375011,107.5,69.13999938964844
motor,2025-03-31 13:01:28.380122,107.4000015258789,69.22000122070312
odom,2025-03-31 13:01:28.381587,4.483887577076743,-0.41812309899364747,144.82051218542236,0.042282648334493,0.09488648479745838,18.722165001727312
motor,2025-03-31 13:01:28.437518,107.4000015258789,69.1500015258789
motor,2025-03-31 13:01:28.437869,107.4000015258789,69.4000015258789
motor,2025-03-31 13:01:28.440031,107.4000015258789,69.22000122070312
motor,2025-03-31 13:01:28.462090,107.5,69.30999755859375
motor,2025-03-31 13:01:28.479846,107.5,69.31999969482422
odom,2025-03-31 13:01:28.488231,4.483664165845461,-0.3824253876802798,144.81190275535621,-0.169018794694953,0.23654781122152774,20.58345531446376
motor,2025-03-31 13:01:28.499324,107.5,69.48999786376953
motor,2025-03-31 13:01:28.529061,107.4000015258789,68.77999877929688
motor,2025-03-31 13:01:28.539356,107.5,68.77999877929688
motor,2025-03-31 13:01:28.562988,107.4000015258789,68.87000274658203
motor,2025-03-31 13:01:28.579273,107.4000015258789,68.70999908447266
motor,2025-03-31 13:01:28.601686,107.4000015258789,68.5199966430664
motor,2025-03-31 13:01:28.619933,107.4000015258789,68.5199966430664
odom,2025-03-31 13:01:28.620791,4.424792715475272,-0.385187634496543,145.18679019163932,-0.3456091736599653,-0.26519095692468736,18.730022817817485
motor,2025-03-31 13:01:28.639912,107.5,68.26000213623047
motor,2025-03-31 13:01:28.687990,107.5,68.2699966430664
motor,2025-03-31 13:01:28.688356,107.4000015258789,68.08999633789062
motor,2025-03-31 13:01:28.704039,107.4000015258789,68.36000061035156
motor,2025-03-31 13:01:28.719750,107.5,67.91999816894531
motor,2025-03-31 13:01:28.739389,107.5,68.2699966430664
motor,2025-03-31 13:01:28.759570,107.4000015258789,68.16999816894531
odom,2025-03-31 13:01:28.777623,4.364937585877636,-0.3696596760465688,146.00784864438626,-0.47493085386315353,-0.1677039750350525,20.756549458647566
motor,2025-03-31 13:01:28.815231,107.5,67.9000015258789
motor,2025-03-31 13:01:28.815559,107.4000015258789,67.81999969482422
motor,2025-03-31 13:01:28.820858,107.4000015258789,67.55999755859375
motor,2025-03-31 13:01:28.841849,107.5,67.37999725341797
motor,2025-03-31 13:01:28.862202,107.5999984741211,67.20999908447266
motor,2025-03-31 13:01:28.880464,107.5999984741211,67.04000091552734
odom,2025-03-31 13:01:28.936642,4.293809496021229,-0.3625852189958549,146.89347821609618,-0.5179272708075042,-0.26877215143063454,20.929150622352886
motor,2025-03-31 13:01:28.946264,107.69999694824219,66.1500015258789
motor,2025-03-31 13:01:28.946597,107.80000305175781,65.79000091552734
motor,2025-03-31 13:01:28.991865,107.9000015258789,65.44999694824219
motor,2025-03-31 13:01:28.992211,108.30000305175781,64.91999816894531
motor,2025-03-31 13:01:28.999210,108.5999984741211,64.4000015258789
motor,2025-03-31 13:01:29.023067,108.80000305175781,64.2300033569336
motor,2025-03-31 13:01:29.040340,108.80000305175781,63.70000076293945
motor,2025-03-31 13:01:29.060023,108.80000305175781,63.689998626708984
motor,2025-03-31 13:01:29.116561,108.9000015258789,63.689998626708984
motor,2025-03-31 13:01:29.117187,108.80000305175781,63.34000015258789
motor,2025-03-31 13:01:29.119910,108.80000305175781,62.97999954223633
motor,2025-03-31 13:01:29.142533,108.80000305175781,62.97999954223633
odom,2025-03-31 13:01:29.145945,4.256505997050535,-0.3094355478055148,149.08033719363718,-0.4382175935712071,0.1952624209303923,19.223913533015665
motor,2025-03-31 13:01:29.159928,109.0,62.9900016784668
motor,2025-03-31 13:01:29.180917,109.0,63.16999816894531
motor,2025-03-31 13:01:29.199709,109.5,62.97999954223633
motor,2025-03-31 13:01:29.219902,109.9000015258789,62.9900016784668
motor,2025-03-31 13:01:29.244829,110.30000305175781,62.630001068115234
motor,2025-03-31 13:01:29.259650,110.5,62.290000915527344
odom,2025-03-31 13:01:29.277959,4.2002378228236195,-0.29189285382512664,149.96472143802106,-0.46817474556905747,-0.10567428901792181,21.31372111409222
motor,2025-03-31 13:01:29.279848,110.5,62.279998779296875
motor,2025-03-31 13:01:29.299634,110.5999984741211,62.290000915527344
motor,2025-03-31 13:01:29.319934,110.5999984741211,62.279998779296875
motor,2025-03-31 13:01:29.365950,110.5,62.45000076293945
motor,2025-03-31 13:01:29.366261,110.5,62.63999938964844
motor,2025-03-31 13:01:29.382609,110.5999984741211,62.810001373291016
motor,2025-03-31 13:01:29.400191,110.5,62.810001373291016
motor,2025-03-31 13:01:29.420847,110.5,62.29999923706055
motor,2025-03-31 13:01:29.474438,110.5999984741211,62.290000915527344
motor,2025-03-31 13:01:29.474774,110.5,62.290000915527344
motor,2025-03-31 13:01:29.479916,110.5,62.290000915527344
odom,2025-03-31 13:01:29.481665,4.162901823023449,-0.24171824118215257,152.18052672844377,-0.4179311145039381,0.19958298739298472,19.66889724090794
motor,2025-03-31 13:01:29.535254,110.5999984741211,62.650001525878906
motor,2025-03-31 13:01:29.535641,110.5999984741211,62.459999084472656
motor,2025-03-31 13:01:29.539202,110.5,62.63999938964844
motor,2025-03-31 13:01:29.603712,110.5999984741211,62.459999084472656
motor,2025-03-31 13:01:29.604063,110.5999984741211,62.290000915527344
motor,2025-03-31 13:01:29.623975,110.5,62.02000045776367
motor,2025-03-31 13:01:29.640066,110.5,62.459999084472656
motor,2025-03-31 13:01:29.659586,110.5999984741211,62.459999084472656
odom,2025-03-31 13:01:29.664575,4.146342218243667,-0.18791510259842806,153.91119494495112,-0.31379724960391736,0.3342046080043647,21.87575999503442
motor,2025-03-31 13:01:29.716817,110.5,62.810001373291016
motor,2025-03-31 13:01:29.717140,110.5,62.470001220703125
motor,2025-03-31 13:01:29.725795,110.69999694824219,62.29999923706055
motor,2025-03-31 13:01:29.767866,110.69999694824219,62.290000915527344
motor,2025-03-31 13:01:29.768224,110.80000305175781,62.119998931884766
motor,2025-03-31 13:01:29.780094,110.80000305175781,62.63999938964844
motor,2025-03-31 13:01:29.836434,110.5,62.650001525878906
motor,2025-03-31 13:01:29.836832,110.80000305175781,62.81999969482422
motor,2025-03-31 13:01:29.840231,110.69999694824219,62.81999969482422
motor,2025-03-31 13:01:29.859624,110.69999694824219,62.209999084472656
motor,2025-03-31 13:01:29.879955,110.80000305175781,62.459999084472656
motor,2025-03-31 13:01:29.899897,110.69999694824219,62.099998474121094
odom,2025-03-31 13:01:29.921835,4.1348594536823775,-0.11343429984211677,156.51235680482438,-0.297481241777157,0.4714432566514643,20.20640519735051
motor,2025-03-31 13:01:29.964770,110.69999694824219,62.290000915527344
motor,2025-03-31 13:01:29.965209,110.69999694824219,62.209999084472656
motor,2025-03-31 13:01:29.979972,110.69999694824219,62.9900016784668
motor,2025-03-31 13:01:29.999918,110.5,63.09000015258789
motor,2025-03-31 13:01:30.021911,110.69999694824219,62.470001220703125
motor,2025-03-31 13:01:30.040240,110.69999694824219,62.119998931884766
motor,2025-03-31 13:01:30.063420,110.69999694824219,61.849998474121094
motor,2025-03-31 13:01:30.079915,110.80000305175781,62.099998474121094
motor,2025-03-31 13:01:30.100254,110.80000305175781,62.459999084472656
odom,2025-03-31 13:01:30.104296,4.102780936068151,-0.07902912124290794,158.23651171084092,-0.3465617110884552,0.16338121419555296,22.494632901868005
motor,2025-03-31 13:01:30.119867,110.80000305175781,62.650001525878906
motor,2025-03-31 13:01:30.142788,111.0,62.9900016784668
motor,2025-03-31 13:01:30.166192,110.9000015258789,62.63999938964844
motor,2025-03-31 13:01:30.180375,110.80000305175781,62.279998779296875
motor,2025-03-31 13:01:30.199949,110.80000305175781,62.099998474121094
motor,2025-03-31 13:01:30.220482,110.9000015258789,61.93000030517578
motor,2025-03-31 13:01:30.241921,110.80000305175781,62.11000061035156
odom,2025-03-31 13:01:30.260556,4.065537983539124,-0.054422627472413596,159.37793277519702,-0.35398666045174076,0.08062363533413226,22.624207909494732
motor,2025-03-31 13:01:30.287341,110.80000305175781,61.93000030517578
motor,2025-03-31 13:01:30.287689,110.9000015258789,62.11000061035156
motor,2025-03-31 13:01:30.300081,110.80000305175781,62.36000061035156
motor,2025-03-31 13:01:30.319829,110.9000015258789,61.93000030517578
motor,2025-03-31 13:01:30.343728,110.80000305175781,61.56999969482422
motor,2025-03-31 13:01:30.371347,110.9000015258789,61.40999984741211
motor,2025-03-31 13:01:30.384769,111.0,61.40999984741211
motor,2025-03-31 13:01:30.401644,110.80000305175781,61.47999954223633
odom,2025-03-31 13:01:30.416063,4.020963951337591,-0.04376205018720961,160.3920530459501,-0.33749134179354334,-0.03640955504544427,20.73361790870431
motor,2025-03-31 13:01:30.421460,110.80000305175781,61.56999969482422
motor,2025-03-31 13:01:30.444770,110.80000305175781,61.220001220703125
motor,2025-03-31 13:01:30.459934,110.80000305175781,60.880001068115234
motor,2025-03-31 13:01:30.480084,110.69999694824219,60.880001068115234
motor,2025-03-31 13:01:30.500135,110.9000015258789,60.880001068115234
motor,2025-03-31 13:01:30.519735,110.69999694824219,61.04999923706055
motor,2025-03-31 13:01:30.541164,110.69999694824219,61.040000915527344
motor,2025-03-31 13:01:30.563849,110.80000305175781,61.40999984741211
odom,2025-03-31 13:01:30.570687,3.98804378538835,-0.02784522018405277,161.47395293742812,-0.2948012485563582,0.03764788699046227,22.9056656694368
motor,2025-03-31 13:01:30.583747,110.69999694824219,61.22999954223633
motor,2025-03-31 13:01:30.599901,110.80000305175781,61.04999923706055
motor,2025-03-31 13:01:30.623649,110.80000305175781,60.880001068115234
motor,2025-03-31 13:01:30.648253,110.69999694824219,60.529998779296875
motor,2025-03-31 13:01:30.662310,110.69999694824219,60.70000076293945
motor,2025-03-31 13:01:30.684768,110.69999694824219,61.22999954223633
odom,2025-03-31 13:01:30.699701,3.95489899324854,-0.0204185884746289,162.31448391554915,-0.2505977736387813,-0.022171552563686,20.98227560408241
motor,2025-03-31 13:01:30.700038,110.80000305175781,61.40999984741211
motor,2025-03-31 13:01:30.719877,110.69999694824219,61.04999923706055
motor,2025-03-31 13:01:30.746074,110.80000305175781,60.529998779296875
motor,2025-03-31 13:01:30.761123,110.80000305175781,60.0099983215332
motor,2025-03-31 13:01:30.786530,110.80000305175781,59.81999969482422
motor,2025-03-31 13:01:30.799926,110.69999694824219,59.290000915527344
motor,2025-03-31 13:01:30.820042,110.80000305175781,60.0
motor,2025-03-31 13:01:30.840046,110.80000305175781,60.16999816894531
odom,2025-03-31 13:01:30.854313,3.9343729151262608,0.004730419247138108,163.51834271461365,-0.2186087007538875,0.14911223198997925,23.26432815702864
motor,2025-03-31 13:01:30.859995,110.9000015258789,60.529998779296875
motor,2025-03-31 13:01:30.882387,110.80000305175781,60.36000061035156
motor,2025-03-31 13:01:30.900032,110.9000015258789,59.81999969482422
motor,2025-03-31 13:01:30.919950,110.9000015258789,59.470001220703125
motor,2025-03-31 13:01:30.939720,110.80000305175781,59.290000915527344
motor,2025-03-31 13:01:30.959503,110.80000305175781,59.220001220703125
motor,2025-03-31 13:01:30.987659,110.9000015258789,59.81999969482422
motor,2025-03-31 13:01:30.999372,110.9000015258789,60.27000045776367
odom,2025-03-31 13:01:31.009267,3.918622621409615,0.029957587105044432,164.6105267120838,-0.1618642719759142,0.14901087110850075,21.25359981837407
motor,2025-03-31 13:01:31.019133,110.9000015258789,60.349998474121094
motor,2025-03-31 13:01:31.039449,110.9000015258789,60.349998474121094
motor,2025-03-31 13:01:31.059776,110.9000015258789,59.56999969482422
motor,2025-03-31 13:01:31.089219,111.0999984741211,59.650001525878906
motor,2025-03-31 13:01:31.103457,111.0999984741211,59.650001525878906
motor,2025-03-31 13:01:31.120208,111.0,59.65999984741211
odom,2025-03-31 13:01:31.140239,3.9041697173213024,0.04814388367821455,165.35333800345404,-0.15107553342799268,0.11334284772769125,23.46374543859192
motor,2025-03-31 13:01:31.140986,111.0999984741211,60.16999816894531
motor,2025-03-31 13:01:31.163874,111.0,59.810001373291016
motor,2025-03-31 13:01:31.189762,111.0999984741211,59.81999969482422
motor,2025-03-31 13:01:31.202260,111.30000305175781,60.0099983215332
motor,2025-03-31 13:01:31.221694,111.4000015258789,59.65999984741211
motor,2025-03-31 13:01:31.242290,111.80000305175781,59.83000183105469
odom,2025-03-31 13:01:31.248414,3.875350842359345,0.03517417283447989,165.396604383315,-0.20047476184397273,-0.16137691947011074,23.507888744219226
motor,2025-03-31 13:01:31.263503,112.0999984741211,59.81999969482422
motor,2025-03-31 13:01:31.281620,112.5999984741211,60.18000030517578
motor,2025-03-31 13:01:31.300103,112.5999984741211,60.36000061035156
motor,2025-03-31 13:01:31.319933,112.5999984741211,59.56999969482422
motor,2025-03-31 13:01:31.347138,112.69999694824219,59.65999984741211
motor,2025-03-31 13:01:31.367988,112.5999984741211,59.470001220703125
odom,2025-03-31 13:01:31.379587,3.8414236668331863,0.016880282212575117,165.43551996278475,-0.20925186501072474,-0.19443857644766088,21.397518645140497
motor,2025-03-31 13:01:31.379947,112.69999694824219,59.65999984741211
motor,2025-03-31 13:01:31.427846,112.69999694824219,60.16999816894531
motor,2025-03-31 13:01:31.428388,112.80000305175781,60.16999816894531
motor,2025-03-31 13:01:31.440180,112.9000015258789,60.36000061035156
odom,2025-03-31 13:01:31.484494,3.816704320064745,0.012337695547457176,165.80682946596158,-0.1858751407242706,-0.0851239643251247,23.539457859110623
motor,2025-03-31 13:01:31.500197,112.9000015258789,60.0
motor,2025-03-31 13:01:31.500516,112.80000305175781,59.650001525878906
motor,2025-03-31 13:01:31.565240,112.5999984741211,59.290000915527344
odom,2025-03-31 13:01:31.589086,3.7887974557211908,0.003643546192559851,166.11203360370226,-0.1851882329141931,-0.11211842054728968,21.47227208544703
motor,2025-03-31 13:01:31.613296,112.5999984741211,59.650001525878906
motor,2025-03-31 13:01:31.617327,112.69999694824219,61.04999923706055
motor,2025-03-31 13:01:31.617674,112.5999984741211,60.16999816894531
motor,2025-03-31 13:01:31.629214,112.9000015258789,59.83000183105469
motor,2025-03-31 13:01:31.640567,112.80000305175781,59.290000915527344
motor,2025-03-31 13:01:31.660619,112.80000305175781,59.83000183105469
motor,2025-03-31 13:01:31.685559,112.80000305175781,60.36000061035156
motor,2025-03-31 13:01:31.710492,112.9000015258789,60.880001068115234
odom,2025-03-31 13:01:31.719761,3.7745152477728703,0.014822074492670714,167.04206179260697,-0.13393341433778858,0.06271608444714459,23.772960101179024
motor,2025-03-31 13:01:31.720980,112.5999984741211,60.70000076293945
motor,2025-03-31 13:01:31.739713,112.80000305175781,60.16999816894531
motor,2025-03-31 13:01:31.760033,112.5999984741211,59.81999969482422
motor,2025-03-31 13:01:31.780431,112.9000015258789,59.560001373291016
motor,2025-03-31 13:01:31.804022,112.80000305175781,60.349998474121094
motor,2025-03-31 13:01:31.820078,112.5999984741211,60.529998779296875
motor,2025-03-31 13:01:31.839854,112.9000015258789,60.70000076293945
odom,2025-03-31 13:01:31.848626,3.7563719657884493,0.021614342164531147,167.93598232506008,-0.1415457136718344,0.021053854196202298,21.650734798971396
motor,2025-03-31 13:01:31.860020,112.80000305175781,60.70000076293945
motor,2025-03-31 13:01:31.879613,112.80000305175781,60.099998474121094
motor,2025-03-31 13:01:31.908348,112.9000015258789,60.16999816894531
motor,2025-03-31 13:01:31.922225,112.9000015258789,60.36000061035156
motor,2025-03-31 13:01:31.939968,112.80000305175781,60.61000061035156
motor,2025-03-31 13:01:31.959958,112.9000015258789,60.529998779296875
motor,2025-03-31 13:01:31.980662,112.9000015258789,60.349998474121094
odom,2025-03-31 13:01:32.004852,3.745715937517281,0.03903629588917084,169.26122926318092,-0.11181776438742645,0.12335870183458153,24.08400999013038
motor,2025-03-31 13:01:32.008209,112.80000305175781,60.529998779296875
motor,2025-03-31 13:01:32.025622,112.9000015258789,60.349998474121094
motor,2025-03-31 13:01:32.039816,112.80000305175781,60.45000076293945
motor,2025-03-31 13:01:32.060173,112.80000305175781,60.709999084472656
motor,2025-03-31 13:01:32.082954,112.5999984741211,60.880001068115234
motor,2025-03-31 13:01:32.110648,112.69999694824219,60.709999084472656
motor,2025-03-31 13:01:32.120050,112.9000015258789,60.0
motor,2025-03-31 13:01:32.140054,112.80000305175781,60.349998474121094
motor,2025-03-31 13:01:32.159962,112.9000015258789,60.70000076293945
odom,2025-03-31 13:01:32.161072,3.7340451025661445,0.05279422483240488,170.41170205183062,-0.1123444026692961,0.09461550711919052,24.214057855581324
motor,2025-03-31 13:01:32.185979,112.69999694824219,61.41999816894531
motor,2025-03-31 13:01:32.230428,112.9000015258789,62.29999923706055
motor,2025-03-31 13:01:32.230750,112.80000305175781,63.0
motor,2025-03-31 13:01:32.240060,112.9000015258789,64.83999633789062
motor,2025-03-31 13:01:32.259889,112.9000015258789,65.80000305175781
odom,2025-03-31 13:01:32.265705,3.7149533697341974,0.049211690277926504,170.942099298448,-0.13540902686210446,-0.04844552110527728,22.088628907727337
motor,2025-03-31 13:01:32.281919,112.80000305175781,67.05000305175781
motor,2025-03-31 13:01:32.299791,112.9000015258789,68.08999633789062
motor,2025-03-31 13:01:32.319972,112.80000305175781,68.62999725341797
motor,2025-03-31 13:01:32.340104,112.9000015258789,69.66999816894531
motor,2025-03-31 13:01:32.360020,112.9000015258789,69.69000244140625
odom,2025-03-31 13:01:32.371425,3.6933972293198956,0.04031272091752147,171.16603640121969,-0.1623013688674795,-0.0985494865018063,24.323555787838828
motor,2025-03-31 13:01:32.379881,112.80000305175781,70.4800033569336
motor,2025-03-31 13:01:32.399985,112.80000305175781,71.2699966430664
motor,2025-03-31 13:01:32.419916,112.80000305175781,72.4000015258789
motor,2025-03-31 13:01:32.439825,112.69999694824219,72.5
motor,2025-03-31 13:01:32.459901,112.80000305175781,72.86000061035156
odom,2025-03-31 13:01:32.477607,3.6729108659143104,0.03675027159934984,171.52874204787432,-0.16059103046068315,-0.05322232947701046,24.35741431177022
motor,2025-03-31 13:01:32.479725,112.69999694824219,73.56999969482422
motor,2025-03-31 13:01:32.499563,112.80000305175781,74.62000274658203
motor,2025-03-31 13:01:32.519462,112.5999984741211,74.97000122070312
motor,2025-03-31 13:01:32.541952,112.9000015258789,75.31999969482422
motor,2025-03-31 13:01:32.559748,112.80000305175781,75.76000213623047
motor,2025-03-31 13:01:32.579689,112.9000015258789,76.36000061035156
motor,2025-03-31 13:01:32.604547,112.9000015258789,76.55000305175781
odom,2025-03-31 13:01:32.607116,3.6580108586295417,0.047544834018190534,172.23275134265273,-0.12017531944402741,0.06431553531436171,22.26892509626616
motor,2025-03-31 13:01:32.622217,112.9000015258789,77.05999755859375
motor,2025-03-31 13:01:32.640121,112.9000015258789,77.06999969482422
motor,2025-03-31 13:01:32.660180,112.80000305175781,77.33999633789062
motor,2025-03-31 13:01:32.679813,112.9000015258789,77.43000030517578
odom,2025-03-31 13:01:32.687183,3.647586445807212,0.05750425928956962,172.57406810755717,-0.09461324371206181,0.06941720652973345,24.51560149202224
motor,2025-03-31 13:01:32.699585,112.9000015258789,77.25
motor,2025-03-31 13:01:32.724543,112.80000305175781,77.33000183105469
motor,2025-03-31 13:01:32.769483,112.80000305175781,77.5
motor,2025-03-31 13:01:32.769909,112.80000305175781,77.8499984741211
motor,2025-03-31 13:01:32.779917,112.80000305175781,77.94999694824219
motor,2025-03-31 13:01:32.800676,112.80000305175781,77.1500015258789
odom,2025-03-31 13:01:32.814928,3.6483758450288115,0.08601096769754471,173.4023601625785,-0.018423290708351185,0.2100965632884944,22.38212062095162
motor,2025-03-31 13:01:32.826817,112.9000015258789,76.55000305175781
motor,2025-03-31 13:01:32.839816,112.80000305175781,76.27999877929688
motor,2025-03-31 13:01:32.859808,112.80000305175781,76.37000274658203
motor,2025-03-31 13:01:32.879735,112.80000305175781,76.11000061035156
odom,2025-03-31 13:01:32.896880,3.6423672638280937,0.0969386090159162,173.5345003025089,-0.058617562819141815,0.08288125619845939,24.655053212485218
motor,2025-03-31 13:01:32.901808,112.80000305175781,76.19000244140625
motor,2025-03-31 13:01:32.952071,112.80000305175781,76.11000061035156
motor,2025-03-31 13:01:32.952446,112.80000305175781,75.38999938964844
motor,2025-03-31 13:01:32.961101,112.80000305175781,74.5999984741211
motor,2025-03-31 13:01:32.979769,112.80000305175781,74.33999633789062
odom,2025-03-31 13:01:33.002503,3.6183144966901626,0.09614432273994772,173.7590764187474,-0.17633890165124888,-0.025198156732981918,22.447122757144154
motor,2025-03-31 13:01:33.004155,112.80000305175781,73.91000366210938
motor,2025-03-31 13:01:33.074392,113.4000015258789,72.75
motor,2025-03-31 13:01:33.074754,113.9000015258789,71.80000305175781
motor,2025-03-31 13:01:33.079290,114.80000305175781,70.73999786376953
odom,2025-03-31 13:01:33.083234,3.601940968175076,0.09722800058627232,173.82210105789778,-0.1335160888614044,-0.005575706420873314,24.706031705670384
motor,2025-03-31 13:01:33.107041,116.69999694824219,69.94000244140625
motor,2025-03-31 13:01:33.120298,118.0,68.9800033569336
motor,2025-03-31 13:01:33.139540,118.19999694824219,68.44999694824219
motor,2025-03-31 13:01:33.159865,118.19999694824219,67.22000122070312
motor,2025-03-31 13:01:33.179832,118.30000305175781,66.69000244140625
odom,2025-03-31 13:01:33.187790,3.5736849310911216,0.09242972097919185,173.91550523580122,-0.22459407486626864,-0.06322445147580025,24.710959286259712
motor,2025-03-31 13:01:33.209363,118.0999984741211,66.5199966430664
motor,2025-03-31 13:01:33.244025,118.19999694824219,65.80000305175781
motor,2025-03-31 13:01:33.244413,118.19999694824219,65.72000122070312
motor,2025-03-31 13:01:33.261117,118.19999694824219,65.7300033569336
odom,2025-03-31 13:01:33.293816,3.542543407615207,0.08515605423266871,173.91632340693968,-0.22363705631711198,-0.07801197409638873,22.48136209526514
motor,2025-03-31 13:01:33.340434,118.5,64.4000015258789
motor,2025-03-31 13:01:33.340875,118.5,63.869998931884766
motor,2025-03-31 13:01:33.341209,118.5,63.689998626708984
motor,2025-03-31 13:01:33.397873,118.5,63.52000045776367
motor,2025-03-31 13:01:33.398747,118.4000015258789,62.97999954223633
motor,2025-03-31 13:01:33.400196,118.4000015258789,62.63999938964844
motor,2025-03-31 13:01:33.424556,118.4000015258789,62.810001373291016
motor,2025-03-31 13:01:33.441024,118.5,62.290000915527344
odom,2025-03-31 13:01:33.447398,3.504645348143186,0.09279693116861144,174.80924772077842,-0.3133585218238155,0.03408708037338805,24.875317630569224
motor,2025-03-31 13:01:33.498940,118.5,61.7599983215332
motor,2025-03-31 13:01:33.499768,118.5,60.689998626708984
motor,2025-03-31 13:01:33.500516,118.5,60.52000045776367
motor,2025-03-31 13:01:33.519988,118.5,59.65999984741211
motor,2025-03-31 13:01:33.542918,118.4000015258789,59.470001220703125
motor,2025-03-31 13:01:33.559502,118.4000015258789,59.290000915527344
motor,2025-03-31 13:01:33.580597,118.5999984741211,59.470001220703125
motor,2025-03-31 13:01:33.599807,119.69999694824219,59.220001220703125
odom,2025-03-31 13:01:33.601092,3.483579064419347,0.11061921064293705,175.89679499450537,-0.1648959149163796,0.1203691423372793,22.7134643121181
motor,2025-03-31 13:01:33.631475,120.69999694824219,58.68000030517578
motor,2025-03-31 13:01:33.663002,121.0999984741211,58.41999816894531
motor,2025-03-31 13:01:33.663848,121.30000305175781,58.86000061035156
motor,2025-03-31 13:01:33.679982,121.30000305175781,59.119998931884766
odom,2025-03-31 13:01:33.705271,3.4610706973997165,0.10948887748982708,176.06571890544845,-0.18235841824591603,-0.021774511374189814,25.04155441038489
motor,2025-03-31 13:01:33.705841,121.5,58.59000015258789
motor,2025-03-31 13:01:33.721334,121.5,57.79999923706055
motor,2025-03-31 13:01:33.747856,121.4000015258789,58.04999923706055
motor,2025-03-31 13:01:33.761028,121.69999694824219,58.7599983215332
motor,2025-03-31 13:01:33.781052,122.69999694824219,58.939998626708984
odom,2025-03-31 13:01:33.784080,3.4453098168151937,0.11163813872451721,176.15691690256327,-0.12906636599187535,0.00884924612400987,25.00502018518298
motor,2025-03-31 13:01:33.800767,122.9000015258789,58.2400016784668
motor,2025-03-31 13:01:33.822051,124.19999694824219,58.060001373291016
motor,2025-03-31 13:01:33.873387,124.80000305175781,58.2400016784668
motor,2025-03-31 13:01:33.873753,124.9000015258789,58.41999816894531
motor,2025-03-31 13:01:33.879804,125.0999984741211,58.060001373291016
odom,2025-03-31 13:01:33.888484,3.424842742293148,0.11310272655254894,176.1625085723622,-0.15187580403655024,0.0006773129791786243,22.757209319881824
motor,2025-03-31 13:01:33.900242,126.0999984741211,58.41999816894531
motor,2025-03-31 13:01:33.969418,127.4000015258789,58.5
odom,2025-03-31 13:01:33.970421,3.4129043949031086,0.10948111430750691,175.9986628756628,-0.09483404360790468,-0.03617001349184258,24.990891334766683
motor,2025-03-31 13:01:33.970962,127.69999694824219,58.41999816894531
motor,2025-03-31 13:01:33.981031,128.5,58.939998626708984
motor,2025-03-31 13:01:34.000002,129.8000030517578,58.77000045776367
motor,2025-03-31 13:01:34.022945,130.3000030517578,57.88999938964844
motor,2025-03-31 13:01:34.043296,131.0,58.41999816894531
odom,2025-03-31 13:01:34.050157,3.4001943666685928,0.1137317474664719,176.1515513939312,-0.09600541133779943,0.02508468403016823,22.76310474303701
motor,2025-03-31 13:01:34.059859,133.10000610351562,58.939998626708984
motor,2025-03-31 13:01:34.086430,133.60000610351562,58.77000045776367
motor,2025-03-31 13:01:34.101713,135.0,58.59000015258789
odom,2025-03-31 13:01:34.130094,3.3915370375861573,0.11995267130975049,176.37165885440885,-0.07360324089767399,0.04612052235054955,25.0806821546874
motor,2025-03-31 13:01:34.136013,135.1999969482422,59.470001220703125
motor,2025-03-31 13:01:34.206921,135.6999969482422,59.65999984741211
motor,2025-03-31 13:01:34.207318,135.6999969482422,59.470001220703125
motor,2025-03-31 13:01:34.219479,135.6999969482422,60.16999816894531
odom,2025-03-31 13:01:34.233620,3.3756456113745568,0.12878162389161996,176.76373358497355,-0.13294873814094121,0.06432545186936343,25.064085685113547
motor,2025-03-31 13:01:34.239941,135.6999969482422,60.79999923706055
motor,2025-03-31 13:01:34.259961,135.6999969482422,60.70000076293945
odom,2025-03-31 13:01:34.289896,3.3734631362126497,0.13188011072385958,176.7781911758652,-0.01742346854196861,0.02199757150520503,22.844848199295495
motor,2025-03-31 13:01:34.340944,135.6999969482422,60.709999084472656
motor,2025-03-31 13:01:34.341316,135.6999969482422,61.060001373291016
odom,2025-03-31 13:01:34.345839,3.3690207214853674,0.13329615547596896,176.82874576705623,-0.03672527169406258,0.009503764624597741,25.109538052435845
motor,2025-03-31 13:01:34.350056,135.6999969482422,61.22999954223633
motor,2025-03-31 13:01:34.361614,136.0,61.7599983215332
motor,2025-03-31 13:01:34.379647,135.6999969482422,61.7599983215332
odom,2025-03-31 13:01:34.401200,3.3646861498538296,0.13626189598613458,176.86748242195569,-0.033246934558380896,0.020172874186175218,22.85679070175125
motor,2025-03-31 13:01:34.413955,135.6999969482422,61.93000030517578
motor,2025-03-31 13:01:34.425586,135.89999389648438,61.7599983215332
motor,2025-03-31 13:01:34.449572,135.89999389648438,61.93000030517578
odom,2025-03-31 13:01:34.455764,3.360867138364441,0.13735541858633996,176.8992911553634,-0.03156387075786195,0.007216131042538705,25.164854687657645
motor,2025-03-31 13:01:34.471004,136.1999969482422,62.279998779296875
motor,2025-03-31 13:01:34.481057,136.10000610351562,62.189998626708984
motor,2025-03-31 13:01:34.500234,136.39999389648438,61.91999816894531
odom,2025-03-31 13:01:34.535279,3.353794732129094,0.14133402373960965,177.0410958800079,-0.05915378835524669,0.029365697849137402,25.147691606252764
motor,2025-03-31 13:01:34.550616,136.5,61.40999984741211
motor,2025-03-31 13:01:34.550973,136.39999389648438,62.099998474121094
motor,2025-03-31 13:01:34.566388,136.39999389648438,61.91999816894531
motor,2025-03-31 13:01:34.581428,136.39999389648438,62.279998779296875
odom,2025-03-31 13:01:34.590302,3.352162181972444,0.1401520640470475,177.00917101363063,-0.011608401457915403,-0.00936519855387266,22.86218618499556
motor,2025-03-31 13:01:34.648962,136.39999389648438,61.56999969482422
motor,2025-03-31 13:01:34.649317,136.39999389648438,61.58000183105469
odom,2025-03-31 13:01:34.667889,3.341942988462994,0.1453479099404764,177.22283055190817,-0.08529198107429709,0.03828420744487456,25.224212552612638
motor,2025-03-31 13:01:34.668967,136.39999389648438,62.11000061035156
odom,2025-03-31 13:01:34.724955,3.337376612128858,0.14633731483886825,177.2291873506142,-0.03405639071438135,0.005671341595378134,22.856889267368302
motor,2025-03-31 13:01:34.727656,136.39999389648438,62.11000061035156
motor,2025-03-31 13:01:34.727924,136.39999389648438,62.11000061035156
motor,2025-03-31 13:01:34.742032,136.5,62.099998474121094
motor,2025-03-31 13:01:34.759932,136.39999389648438,62.290000915527344
motor,2025-03-31 13:01:34.779577,136.39999389648438,62.290000915527344
odom,2025-03-31 13:01:34.804245,3.32936637002435,0.1461057067630561,177.3004685604075,-0.06517334824710151,-0.004964152195000233,25.239826644120765
motor,2025-03-31 13:01:34.811874,136.39999389648438,62.11000061035156
motor,2025-03-31 13:01:34.821086,136.39999389648438,61.58000183105469
motor,2025-03-31 13:01:34.846271,136.39999389648438,62.459999084472656
motor,2025-03-31 13:01:34.859714,136.39999389648438,61.939998626708984
odom,2025-03-31 13:01:34.883059,3.3197017482478857,0.14482377210112288,177.4154745156226,-0.07808713358465054,-0.01396603498483949,25.194954563368086
motor,2025-03-31 13:01:34.911911,136.39999389648438,61.7599983215332
motor,2025-03-31 13:01:34.912302,136.39999389648438,62.11000061035156
motor,2025-03-31 13:01:34.919965,136.39999389648438,61.7599983215332
motor,2025-03-31 13:01:34.940392,136.39999389648438,61.93000030517578
motor,2025-03-31 13:01:34.959968,136.39999389648438,61.93000030517578
odom,2025-03-31 13:01:34.961454,3.309600853594084,0.1493160424956539,177.49675323804223,-0.07614263066829251,0.02995251327130865,22.929126018320304
motor,2025-03-31 13:01:34.995332,136.39999389648438,61.93000030517578
motor,2025-03-31 13:01:34.999908,136.39999389648438,62.63999938964844
motor,2025-03-31 13:01:35.023403,136.39999389648438,62.11000061035156
motor,2025-03-31 13:01:35.039257,136.39999389648438,62.11000061035156
odom,2025-03-31 13:01:35.040062,3.2989689835269362,0.1482992068983733,177.53500340785246,-0.08620752938279137,-0.0120054826028762,25.25170594228993
motor,2025-03-31 13:01:35.060081,136.39999389648438,61.7599983215332
motor,2025-03-31 13:01:35.080673,136.39999389648438,61.93000030517578
motor,2025-03-31 13:01:35.100764,136.39999389648438,62.29999923706055
odom,2025-03-31 13:01:35.118532,3.291521029929727,0.14854430988288425,177.58828610607867,-0.06059283172874666,-0.0005571940974430171,25.203410013830158
motor,2025-03-31 13:01:35.119579,136.39999389648438,61.7599983215332
motor,2025-03-31 13:01:35.140125,136.39999389648438,62.11000061035156
motor,2025-03-31 13:01:35.165603,136.39999389648438,61.939998626708984
odom,2025-03-31 13:01:35.173470,3.286966920022934,0.1494742596832425,177.60933243477743,-0.0339869657530588,0.005474540653826611,22.958497120228195
motor,2025-03-31 13:01:35.180820,136.39999389648438,61.93000030517578
motor,2025-03-31 13:01:35.221630,136.39999389648438,62.099998474121094
motor,2025-03-31 13:01:35.222062,136.5,62.11000061035156
odom,2025-03-31 13:01:35.228314,3.2825834305231254,0.1469549292846328,177.5982340743082,-0.03475469855367415,-0.02196176710111534,25.205115022973267
motor,2025-03-31 13:01:35.239994,136.39999389648438,62.459999084472656
motor,2025-03-31 13:01:35.261613,136.60000610351562,62.11000061035156
motor,2025-03-31 13:01:35.283570,136.39999389648438,61.93000030517578
motor,2025-03-31 13:01:35.299823,136.5,61.93000030517578
odom,2025-03-31 13:01:35.307215,3.27118226101393,0.14568594746086722,177.69424681121833,-0.08413091965514313,-0.012808917252283364,23.006970927985197
motor,2025-03-31 13:01:35.335957,136.39999389648438,62.099998474121094
motor,2025-03-31 13:01:35.340720,136.39999389648438,62.630001068115234
motor,2025-03-31 13:01:35.365986,136.39999389648438,62.11000061035156
odom,2025-03-31 13:01:35.386042,3.2640529509068816,0.1478821799146964,177.773445667181,-0.05853209787829896,0.015568991540816238,25.191154944710508
motor,2025-03-31 13:01:35.388897,136.39999389648438,62.11000061035156
motor,2025-03-31 13:01:35.399640,136.39999389648438,61.93000030517578
motor,2025-03-31 13:01:35.419487,136.5,61.40999984741211
motor,2025-03-31 13:01:35.439806,136.5,62.630001068115234
motor,2025-03-31 13:01:35.459363,136.39999389648438,62.459999084472656
odom,2025-03-31 13:01:35.464884,3.25287627401122,0.14813150463622865,177.8870965157494,-0.09115967650364172,-0.001328585129398604,25.319200904088408
motor,2025-03-31 13:01:35.492055,136.39999389648438,62.20000076293945
motor,2025-03-31 13:01:35.500971,136.39999389648438,61.75
motor,2025-03-31 13:01:35.519865,136.39999389648438,62.290000915527344
odom,2025-03-31 13:01:35.545671,3.2434449174359328,0.15056834869170876,178.06831459185534,-0.07031243801603715,0.015659215147492078,22.982682368425316
motor,2025-03-31 13:01:35.607963,136.5,62.099998474121094
motor,2025-03-31 13:01:35.611871,136.5,61.91999816894531
motor,2025-03-31 13:01:35.612210,136.39999389648438,62.11000061035156
odom,2025-03-31 13:01:35.625411,3.2325274835266047,0.15221568821074058,178.19231718373666,-0.08935085224512794,0.010611723326658344,25.345297512817528
motor,2025-03-31 13:01:35.652162,136.5,62.72999954223633
motor,2025-03-31 13:01:35.652517,136.5,63.15999984741211
motor,2025-03-31 13:01:35.669328,136.39999389648438,62.279998779296875
motor,2025-03-31 13:01:35.679898,136.39999389648438,62.630001068115234
motor,2025-03-31 13:01:35.699819,136.39999389648438,62.9900016784668
odom,2025-03-31 13:01:35.705546,3.2245797817245747,0.15437231034061627,178.27680216048967,-0.0592252130455173,0.014173392222042487,23.00926662127924
motor,2025-03-31 13:01:35.723215,136.5,63.34000015258789
motor,2025-03-31 13:01:35.740142,136.39999389648438,63.869998931884766
odom,2025-03-31 13:01:35.786010,3.2169627714697273,0.15514990571508344,178.35409556078648,-0.06224369378768946,0.004552366472381148,25.373386094159653
motor,2025-03-31 13:01:35.834650,136.39999389648438,63.43000030517578
motor,2025-03-31 13:01:35.835006,136.39999389648438,63.5099983215332
motor,2025-03-31 13:01:35.839465,136.5,63.68000030517578
motor,2025-03-31 13:01:35.860090,136.39999389648438,63.869998931884766
odom,2025-03-31 13:01:35.866375,3.207744062115655,0.1544430568501196,178.42069396108405,-0.0748409697562845,-0.007818440610719795,25.34404916848095
motor,2025-03-31 13:01:35.903946,136.39999389648438,64.02999877929688
motor,2025-03-31 13:01:35.904318,136.39999389648438,63.86000061035156
motor,2025-03-31 13:01:35.923556,136.39999389648438,63.869998931884766
motor,2025-03-31 13:01:35.939803,136.39999389648438,65.97000122070312
odom,2025-03-31 13:01:35.946936,3.1997679108531427,0.15500806548331605,178.50129920133082,-0.059157853151236395,0.002637930260645189,23.07184080698991
motor,2025-03-31 13:01:35.963279,136.39999389648438,67.04000091552734
motor,2025-03-31 13:01:36.023408,136.39999389648438,70.91000366210938
motor,2025-03-31 13:01:36.023763,136.5,71.95999908447266
motor,2025-03-31 13:01:36.024075,136.39999389648438,73.80999755859375
odom,2025-03-31 13:01:36.026676,3.1926532906512457,0.15570719589642645,178.59724803542022,-0.05804372478493497,0.004272138934765709,25.37710527294576
motor,2025-03-31 13:01:36.039588,136.39999389648438,75.7300033569336
motor,2025-03-31 13:01:36.060013,136.39999389648438,76.08000183105469
motor,2025-03-31 13:01:36.079672,136.39999389648438,76.36000061035156
motor,2025-03-31 13:01:36.101601,136.39999389648438,76.5199966430664
odom,2025-03-31 13:01:36.107410,3.18462148586586,0.1557812380971608,178.68190365322997,-0.05941701122290954,-0.0008192197402857023,23.071638880507585
motor,2025-03-31 13:01:36.145306,136.39999389648438,77.68000030517578
motor,2025-03-31 13:01:36.145673,136.5,78.72000122070312
motor,2025-03-31 13:01:36.160105,136.39999389648438,79.08999633789062
motor,2025-03-31 13:01:36.181212,136.39999389648438,79.3499984741211
odom,2025-03-31 13:01:36.187801,3.1757777888570864,0.15957790069733369,178.92933172072725,-0.07268530023282717,0.029608359950688275,25.466951157186386
motor,2025-03-31 13:01:36.204020,136.39999389648438,79.69999694824219
motor,2025-03-31 13:01:36.220681,136.39999389648438,80.31999969482422
motor,2025-03-31 13:01:36.245904,136.5,80.66999816894531
motor,2025-03-31 13:01:36.259709,136.39999389648438,81.0199966430664
odom,2025-03-31 13:01:36.293417,3.159308612756358,0.16589127428119574,179.29540406705163,-0.13437182027607386,0.04962426993417639,25.414004485378083
motor,2025-03-31 13:01:36.322721,136.39999389648438,81.11000061035156
motor,2025-03-31 13:01:36.323104,136.39999389648438,81.19999694824219
motor,2025-03-31 13:01:36.339671,136.39999389648438,80.76000213623047
motor,2025-03-31 13:01:36.360052,136.39999389648438,80.2300033569336
odom,2025-03-31 13:01:36.373381,3.1452189588472734,0.16910086098986235,179.5303534263244,-0.10454993992602613,0.022916412357557467,23.2082913444272
motor,2025-03-31 13:01:36.385198,136.39999389648438,78.81999969482422
motor,2025-03-31 13:01:36.410537,136.39999389648438,77.58999633789062
motor,2025-03-31 13:01:36.421010,136.39999389648438,76.54000091552734
motor,2025-03-31 13:01:36.462141,136.39999389648438,75.22000122070312
motor,2025-03-31 13:01:36.462485,136.5,74.25
odom,2025-03-31 13:01:36.476959,3.129293143064144,0.17605694875014824,179.88163229549284,-0.12960637223685817,0.05629100308130417,25.526903196846373
motor,2025-03-31 13:01:36.486369,136.39999389648438,73.45999908447266
motor,2025-03-31 13:01:36.560793,136.5,72.4000015258789
motor,2025-03-31 13:01:36.561190,136.39999389648438,72.05000305175781
odom,2025-03-31 13:01:36.581209,3.105305476765176,0.17296703113357859,-179.90819968220887,-0.17773226733969033,-0.02260475340802118,-23.26042243796033
motor,2025-03-31 13:01:36.589661,136.39999389648438,71.69999694824219
motor,2025-03-31 13:01:36.599955,136.39999389648438,72.20999908447266
motor,2025-03-31 13:01:36.620567,136.39999389648438,74.16000366210938
motor,2025-03-31 13:01:36.640035,136.5,77.1500015258789
motor,2025-03-31 13:01:36.675061,136.39999389648438,78.37999725341797
motor,2025-03-31 13:01:36.680732,136.39999389648438,79.54000091552734
odom,2025-03-31 13:01:36.685451,3.085520763386532,0.17558355793903258,-179.5018059963305,-0.16058381123521492,0.02265958565119782,-25.458591351096487
motor,2025-03-31 13:01:36.702574,136.39999389648438,80.8499984741211
motor,2025-03-31 13:01:36.719929,136.39999389648438,83.5
motor,2025-03-31 13:01:36.778893,136.39999389648438,85.41999816894531
motor,2025-03-31 13:01:36.779319,136.39999389648438,85.87000274658203
motor,2025-03-31 13:01:36.779761,136.39999389648438,87.52999877929688
odom,2025-03-31 13:01:36.790412,3.0648573943402546,0.1757652200852119,-179.19973535163447,-0.16826945017322273,0.003830227009135338,-25.475025882794924
motor,2025-03-31 13:01:36.799664,136.39999389648438,88.7699966430664
motor,2025-03-31 13:01:36.822020,136.39999389648438,89.58000183105469
odom,2025-03-31 13:01:36.894191,3.0490953363909443,0.1765402984354865,-178.83475881312515,-0.11658089699009705,0.008112091961612174,-23.11363554950829
motor,2025-03-31 13:01:36.896416,136.39999389648438,89.81999969482422
motor,2025-03-31 13:01:36.896740,136.39999389648438,90.43000030517578
motor,2025-03-31 13:01:36.900001,136.39999389648438,91.05000305175781
motor,2025-03-31 13:01:36.920282,136.39999389648438,92.27999877929688
motor,2025-03-31 13:01:36.939780,136.5,94.56999969482422
motor,2025-03-31 13:01:36.984842,136.39999389648438,96.1500015258789
motor,2025-03-31 13:01:36.985211,136.39999389648438,97.7300033569336
odom,2025-03-31 13:01:36.998606,3.030507894853829,0.1776170401582914,-178.4065983725168,-0.15132720799175345,0.01299660422045638,-25.401193414267244
motor,2025-03-31 13:01:37.000136,136.39999389648438,100.9800033569336
motor,2025-03-31 13:01:37.022812,136.39999389648438,102.83999633789062
motor,2025-03-31 13:01:37.039419,136.39999389648438,105.6500015258789
motor,2025-03-31 13:01:37.059428,136.39999389648438,107.94000244140625
motor,2025-03-31 13:01:37.080468,136.39999389648438,109.87000274658203
motor,2025-03-31 13:01:37.100240,136.39999389648438,113.73999786376953
odom,2025-03-31 13:01:37.102471,3.004006880932255,0.17746273713294464,-178.00416204611122,-0.19561751029511187,0.005676744927792268,-22.941841173074753
motor,2025-03-31 13:01:37.125040,136.39999389648438,115.8499984741211
odom,2025-03-31 13:01:37.204830,2.9827603511061382,0.1749311634740198,-177.56579885571674,-0.1739588476836255,-0.013265350956594344,-25.269293459533486
motor,2025-03-31 13:01:37.213543,136.39999389648438,117.79000091552734
motor,2025-03-31 13:01:37.213927,136.39999389648438,119.80000305175781
motor,2025-03-31 13:01:37.214258,136.39999389648438,120.87000274658203
motor,2025-03-31 13:01:37.214565,136.39999389648438,121.4800033569336
motor,2025-03-31 13:01:37.228674,136.39999389648438,122.44999694824219
motor,2025-03-31 13:01:37.306001,136.39999389648438,123.33000183105469
motor,2025-03-31 13:01:37.306391,136.39999389648438,123.68000030517578
motor,2025-03-31 13:01:37.307757,136.39999389648438,124.0199966430664
odom,2025-03-31 13:01:37.308271,2.95977549675327,0.17464886497032334,-177.1146808618402,-0.1871883251422232,0.007131015781649517,-25.191333973455187
motor,2025-03-31 13:01:37.329164,136.39999389648438,124.73999786376953
motor,2025-03-31 13:01:37.375439,136.39999389648438,125.06999969482422
motor,2025-03-31 13:01:37.375793,136.5,125.44000244140625
motor,2025-03-31 13:01:37.380345,136.39999389648438,125.44000244140625
motor,2025-03-31 13:01:37.408291,136.39999389648438,125.97000122070312
motor,2025-03-31 13:01:37.420081,136.39999389648438,126.30999755859375
motor,2025-03-31 13:01:37.439930,136.39999389648438,126.5
motor,2025-03-31 13:01:37.460001,136.39999389648438,126.31999969482422
motor,2025-03-31 13:01:37.480024,136.39999389648438,126.5
motor,2025-03-31 13:01:37.500058,136.39999389648438,127.02999877929688
odom,2025-03-31 13:01:37.508359,2.9062195349432893,0.17192258298945087,-175.34929757228926,-0.3965846628234348,0.012023635939517609,-22.643684924050437
motor,2025-03-31 13:01:37.519995,136.39999389648438,127.37999725341797
motor,2025-03-31 13:01:37.539896,136.3000030517578,127.38999938964844
motor,2025-03-31 13:01:37.561755,136.39999389648438,127.4800033569336
odom,2025-03-31 13:01:37.612751,2.883102088279404,0.17248143997034904,-174.84281111599032,-0.1869275870054415,0.02143661013717664,-24.829559812476095
motor,2025-03-31 13:01:37.616853,136.39999389648438,127.37999725341797
motor,2025-03-31 13:01:37.617293,136.39999389648438,128.0800018310547
motor,2025-03-31 13:01:37.619345,136.39999389648438,128.24000549316406
motor,2025-03-31 13:01:37.639927,133.8000030517578,128.42999267578125
motor,2025-03-31 13:01:37.727860,127.80000305175781,127.56999969482422
motor,2025-03-31 13:01:37.728214,125.0,127.91000366210938
motor,2025-03-31 13:01:37.740131,115.80000305175781,128.7899932861328
odom,2025-03-31 13:01:37.740746,2.8452791404059767,0.1822358102040469,-174.5337409031254,-0.2720383982599112,0.09862410209333461,-22.566472621546627
motor,2025-03-31 13:01:37.759708,107.19999694824219,128.61000061035156
motor,2025-03-31 13:01:37.780840,97.5,128.27000427246094
motor,2025-03-31 13:01:37.800082,95.5,127.83000183105469
motor,2025-03-31 13:01:37.819969,93.19999694824219,128.7899932861328
motor,2025-03-31 13:01:37.841370,91.30000305175781,125.98999786376953
motor,2025-03-31 13:01:37.859603,91.0999984741211,124.13999938964844
motor,2025-03-31 13:01:37.879546,91.0,121.56999969482422
odom,2025-03-31 13:01:37.892205,2.8139127754760036,0.17796447113034647,-173.6107637246646,-0.25755885645873594,-0.006138809531800582,-24.66038437270813
motor,2025-03-31 13:01:37.899900,90.80000305175781,118.76000213623047
motor,2025-03-31 13:01:37.920853,90.80000305175781,117.16999816894531
motor,2025-03-31 13:01:37.943855,90.69999694824219,116.12000274658203
motor,2025-03-31 13:01:37.959649,90.69999694824219,114.88999938964844
motor,2025-03-31 13:01:37.979684,89.19999694824219,112.5999984741211
motor,2025-03-31 13:01:38.000017,88.0999984741211,110.94000244140625
odom,2025-03-31 13:01:38.019857,2.790469076693448,0.17883812272942656,-172.7906655959419,-0.18812451984464523,0.030953340963948507,-24.508465321093805
motor,2025-03-31 13:01:38.022447,84.0,106.70999908447266
motor,2025-03-31 13:01:38.045780,82.69999694824219,106.08000183105469
motor,2025-03-31 13:01:38.060161,80.0,105.37000274658203
motor,2025-03-31 13:01:38.080656,78.9000015258789,104.66999816894531
motor,2025-03-31 13:01:38.100486,76.0999984741211,104.41999816894531
motor,2025-03-31 13:01:38.124555,74.30000305175781,103.69999694824219
motor,2025-03-31 13:01:38.148188,72.19999694824219,102.83999633789062
odom,2025-03-31 13:01:38.148612,2.753517601956427,0.17137123853536051,-172.0096856761901,-0.27857549591670683,-0.016715173078306216,-22.224460842112418
motor,2025-03-31 13:01:38.159576,71.5,101.95999908447266
motor,2025-03-31 13:01:38.183372,70.9000015258789,100.98999786376953
motor,2025-03-31 13:01:38.199539,69.19999694824219,99.31999969482422
motor,2025-03-31 13:01:38.220911,69.19999694824219,98.86000061035156
motor,2025-03-31 13:01:38.250687,66.5999984741211,96.58000183105469
odom,2025-03-31 13:01:38.252468,2.724092532541714,0.16817647104982708,-171.53205786431732,-0.24052863896591173,0.00954054336352575,-24.348297305054253
motor,2025-03-31 13:01:38.259831,66.30000305175781,95.80000305175781
motor,2025-03-31 13:01:38.279787,66.0999984741211,95.0999984741211
motor,2025-03-31 13:01:38.299957,65.5999984741211,93.69999694824219
motor,2025-03-31 13:01:38.319130,65.4000015258789,92.9000015258789
motor,2025-03-31 13:01:38.353356,65.4000015258789,92.44000244140625
motor,2025-03-31 13:01:38.359742,65.4000015258789,91.55999755859375
motor,2025-03-31 13:01:38.379644,65.4000015258789,90.33000183105469
odom,2025-03-31 13:01:38.380435,2.686953405514233,0.16449509146510213,-170.9598262361075,-0.27605846792002176,0.01630070125542351,-22.10922280345506
motor,2025-03-31 13:01:38.399541,65.4000015258789,89.9800033569336
motor,2025-03-31 13:01:38.420001,65.4000015258789,89.20999908447266
motor,2025-03-31 13:01:38.440646,65.4000015258789,88.56999969482422
motor,2025-03-31 13:01:38.462090,65.4000015258789,88.56999969482422
odom,2025-03-31 13:01:38.508750,2.652538893999031,0.16142289166271814,-170.8395033035679,-0.2803248401112337,0.019893287777599477,-24.25229620231481
motor,2025-03-31 13:01:38.520213,65.4000015258789,87.70999908447266
motor,2025-03-31 13:01:38.520601,65.4000015258789,87.70999908447266
motor,2025-03-31 13:01:38.539113,65.4000015258789,86.2699966430664
motor,2025-03-31 13:01:38.559583,65.4000015258789,84.18000030517578
motor,2025-03-31 13:01:38.622385,65.4000015258789,82.23999786376953
motor,2025-03-31 13:01:38.622750,65.4000015258789,82.23999786376953
motor,2025-03-31 13:01:38.623203,65.0999984741211,81.36000061035156
odom,2025-03-31 13:01:38.634065,2.6188943655597186,0.15257098017302725,-170.81715767254968,-0.28218884432889935,-0.027458418704897583,-24.296664677216626
motor,2025-03-31 13:01:38.640057,64.69999694824219,80.30999755859375
motor,2025-03-31 13:01:38.659945,64.0,78.81999969482422
motor,2025-03-31 13:01:38.687485,63.400001525878906,77.58999633789062
motor,2025-03-31 13:01:38.701245,62.900001525878906,75.4800033569336
motor,2025-03-31 13:01:38.720505,62.29999923706055,73.37000274658203
motor,2025-03-31 13:01:38.750953,62.099998474121094,71.43000030517578
odom,2025-03-31 13:01:38.759278,2.5740305635189094,0.16903624976856024,-170.94619272775174,-0.308880646288888,0.17267871234777574,-22.09262857065152
motor,2025-03-31 13:01:38.762480,60.599998474121094,67.20999908447266
motor,2025-03-31 13:01:38.779462,60.0,65.0999984741211
motor,2025-03-31 13:01:38.804829,58.29999923706055,62.459999084472656
motor,2025-03-31 13:01:38.821318,55.900001525878906,60.349998474121094
motor,2025-03-31 13:01:38.840992,55.29999923706055,59.290000915527344
odom,2025-03-31 13:01:38.861067,2.5459002632006156,0.16817235366342678,-171.0471960551612,-0.227331046291785,0.028693490563496887,-24.30553560543876
motor,2025-03-31 13:01:38.866913,53.0,57.529998779296875
motor,2025-03-31 13:01:38.884230,52.29999923706055,55.599998474121094
motor,2025-03-31 13:01:38.903700,50.599998474121094,54.540000915527344
motor,2025-03-31 13:01:38.919957,50.70000076293945,52.70000076293945
motor,2025-03-31 13:01:38.947773,50.20000076293945,51.90999984741211
motor,2025-03-31 13:01:38.967010,49.400001525878906,51.20000076293945
motor,2025-03-31 13:01:38.984804,49.29999923706055,51.20000076293945
motor,2025-03-31 13:01:39.008264,48.70000076293945,51.11000061035156
odom,2025-03-31 13:01:39.009728,2.515278457824837,0.1602705213687537,-171.71545071191932,-0.23290776227481455,-0.025239145702711057,-22.20121697671941
motor,2025-03-31 13:01:39.026898,49.20000076293945,51.11000061035156
motor,2025-03-31 13:01:39.094629,48.5,51.11000061035156
motor,2025-03-31 13:01:39.095456,48.20000076293945,51.189998626708984
motor,2025-03-31 13:01:39.115967,48.0,51.119998931884766
odom,2025-03-31 13:01:39.133066,2.475073644100717,0.15802773781223534,-171.4297858254727,-0.3272707865004525,0.03080560081720336,-24.424949875779223
motor,2025-03-31 13:01:39.135448,48.099998474121094,51.29999923706055
motor,2025-03-31 13:01:39.177807,48.0,51.290000915527344
motor,2025-03-31 13:01:39.178634,48.0,51.279998779296875
motor,2025-03-31 13:01:39.208357,48.0,51.290000915527344
motor,2025-03-31 13:01:39.209192,48.0,51.290000915527344
odom,2025-03-31 13:01:39.255723,2.4307418845135276,0.15882251034390793,-170.8687660677544,-0.35511521255834344,0.06362860845529039,-24.265343888761574
motor,2025-03-31 13:01:39.256912,48.099998474121094,51.29999923706055
motor,2025-03-31 13:01:39.257228,48.099998474121094,51.290000915527344
motor,2025-03-31 13:01:39.279490,48.099998474121094,51.290000915527344
motor,2025-03-31 13:01:39.280592,48.79999923706055,51.20000076293945
motor,2025-03-31 13:01:39.314630,50.099998474121094,51.20000076293945
motor,2025-03-31 13:01:39.322510,50.599998474121094,51.20000076293945
motor,2025-03-31 13:01:39.377314,50.70000076293945,51.11000061035156
motor,2025-03-31 13:01:39.378421,51.29999923706055,51.119998931884766
motor,2025-03-31 13:01:39.379231,52.599998474121094,51.209999084472656
odom,2025-03-31 13:01:39.379975,2.380135546678294,0.17427661905247702,-170.88680723063058,-0.3514167238953469,0.17211741837529906,-22.056333634655953
motor,2025-03-31 13:01:39.400610,55.400001525878906,51.119998931884766
motor,2025-03-31 13:01:39.419727,55.900001525878906,51.29999923706055
motor,2025-03-31 13:01:39.441557,56.0,54.90999984741211
motor,2025-03-31 13:01:39.460557,55.900001525878906,55.06999969482422
motor,2025-03-31 13:01:39.479816,56.20000076293945,55.70000076293945
motor,2025-03-31 13:01:39.499705,58.400001525878906,60.349998474121094
odom,2025-03-31 13:01:39.507914,2.347770403800322,0.17268659268400652,-170.99424188111806,-0.26219786037237913,0.028452348881674056,-24.290089712389122
motor,2025-03-31 13:01:39.519908,67.69999694824219,63.349998474121094
motor,2025-03-31 13:01:39.540242,73.19999694824219,65.29000091552734
motor,2025-03-31 13:01:39.559944,74.80000305175781,67.20999908447266
motor,2025-03-31 13:01:39.580946,79.80000305175781,68.72000122070312
motor,2025-03-31 13:01:39.599960,90.80000305175781,70.55999755859375
motor,2025-03-31 13:01:39.619103,91.0,74.33999633789062
odom,2025-03-31 13:01:39.637172,2.3150564308763153,0.17098772047585523,-171.1407270795574,-0.24131010451500587,0.02487955640656505,-22.119956539868603
motor,2025-03-31 13:01:39.639267,91.30000305175781,78.66000366210938
motor,2025-03-31 13:01:39.665486,95.5999984741211,84.81999969482422
motor,2025-03-31 13:01:39.683920,97.80000305175781,89.37999725341797
motor,2025-03-31 13:01:39.699682,102.30000305175781,95.0999984741211
motor,2025-03-31 13:01:39.719925,104.4000015258789,98.26000213623047
motor,2025-03-31 13:01:39.739705,106.80000305175781,102.83999633789062
motor,2025-03-31 13:01:39.764390,108.4000015258789,106.37000274658203
odom,2025-03-31 13:01:39.766169,2.282884462875684,0.16736761569944827,-171.3194088260891,-0.2634075600255477,0.010397522062470637,-24.346721381669962
motor,2025-03-31 13:01:39.785770,110.9000015258789,109.5199966430664
motor,2025-03-31 13:01:39.800027,114.0999984741211,112.25
motor,2025-03-31 13:01:39.822220,115.9000015258789,113.93000030517578
motor,2025-03-31 13:01:39.841190,115.80000305175781,115.94000244140625
motor,2025-03-31 13:01:39.864509,116.19999694824219,118.06999969482422
motor,2025-03-31 13:01:39.892008,116.5999984741211,119.38999938964844
odom,2025-03-31 13:01:39.895489,2.248409332660173,0.1646613340798892,-171.49050224151014,-0.28048807527527914,0.019716996413010817,-24.336735869882933
motor,2025-03-31 13:01:39.900210,117.30000305175781,121.75
motor,2025-03-31 13:01:39.919933,117.9000015258789,122.0999984741211
motor,2025-03-31 13:01:39.940429,118.0,123.86000061035156
motor,2025-03-31 13:01:39.965877,118.19999694824219,124.91000366210938
motor,2025-03-31 13:01:39.990321,118.5,125.44000244140625
motor,2025-03-31 13:01:40.001075,118.5,126.31999969482422
motor,2025-03-31 13:01:40.020395,119.0999984741211,126.5
odom,2025-03-31 13:01:40.025127,2.2164978364593964,0.1639766157141499,-171.56564721564325,-0.23457918253250584,0.029655694962390015,-22.18161371473312
motor,2025-03-31 13:01:40.039927,119.30000305175781,127.55000305175781
motor,2025-03-31 13:01:40.071580,119.69999694824219,127.7300033569336
motor,2025-03-31 13:01:40.092962,119.69999694824219,128.42999267578125
motor,2025-03-31 13:01:40.099791,119.69999694824219,129.13999938964844
motor,2025-03-31 13:01:40.120139,119.69999694824219,129.13999938964844
motor,2025-03-31 13:01:40.142854,119.5999984741211,127.88999938964844
odom,2025-03-31 13:01:40.152131,2.1788076083643944,0.16215583654921445,-171.7216979686679,-0.30574977874689224,0.029507933133890153,-24.39759257014957
motor,2025-03-31 13:01:40.160725,119.5999984741211,124.91000366210938
motor,2025-03-31 13:01:40.179717,119.69999694824219,120.08000183105469
motor,2025-03-31 13:01:40.200000,119.5999984741211,115.58999633789062
motor,2025-03-31 13:01:40.220224,119.5999984741211,112.25
motor,2025-03-31 13:01:40.240047,119.69999694824219,110.58999633789062
motor,2025-03-31 13:01:40.259807,119.69999694824219,108.81999969482422
motor,2025-03-31 13:01:40.279868,119.69999694824219,107.5999984741211
motor,2025-03-31 13:01:40.299580,119.5999984741211,105.13999938964844
odom,2025-03-31 13:01:40.302362,2.139575522819225,0.15675393059183204,-172.8523581066624,-0.32227596721585033,-0.003893526165874317,-24.5523238454215
motor,2025-03-31 13:01:40.320132,119.69999694824219,104.26000213623047
motor,2025-03-31 13:01:40.340472,119.5999984741211,103.62999725341797
motor,2025-03-31 13:01:40.360238,119.5999984741211,102.83999633789062
motor,2025-03-31 13:01:40.380326,119.69999694824219,101.77999877929688
motor,2025-03-31 13:01:40.399607,119.69999694824219,101.33000183105469
motor,2025-03-31 13:01:40.419953,119.69999694824219,100.37000274658203
motor,2025-03-31 13:01:40.439811,119.69999694824219,99.8499984741211
odom,2025-03-31 13:01:40.454704,2.1012092497922894,0.1566976602955867,-174.0040593054911,-0.2825771115503033,0.029260856710901697,-22.487422065777295
motor,2025-03-31 13:01:40.460036,119.69999694824219,99.4800033569336
motor,2025-03-31 13:01:40.484660,119.69999694824219,99.05000305175781
motor,2025-03-31 13:01:40.506980,119.69999694824219,98.61000061035156
motor,2025-03-31 13:01:40.530538,119.5999984741211,98.3499984741211
motor,2025-03-31 13:01:40.539984,119.69999694824219,97.91000366210938
motor,2025-03-31 13:01:40.564633,119.69999694824219,97.91999816894531
motor,2025-03-31 13:01:40.581454,119.5999984741211,97.55999755859375
motor,2025-03-31 13:01:40.604263,119.5999984741211,97.02999877929688
motor,2025-03-31 13:01:40.625071,119.69999694824219,96.8499984741211
odom,2025-03-31 13:01:40.630290,2.0601036488257973,0.15764545565557164,-175.27284509001692,-0.33313835989448065,0.03529658033929567,-24.92437848134021
motor,2025-03-31 13:01:40.640654,119.69999694824219,96.1500015258789
motor,2025-03-31 13:01:40.659579,119.69999694824219,96.5
motor,2025-03-31 13:01:40.680742,119.69999694824219,96.33000183105469
motor,2025-03-31 13:01:40.706530,119.69999694824219,95.80000305175781
motor,2025-03-31 13:01:40.720026,120.0999984741211,96.33000183105469
motor,2025-03-31 13:01:40.740352,121.0999984741211,96.1500015258789
odom,2025-03-31 13:01:40.758289,2.029195018393577,0.1641608452319805,-176.51599860957236,-0.2251121519517138,0.06195299420653802,-22.7716104519648
motor,2025-03-31 13:01:40.759670,122.69999694824219,96.1500015258789
motor,2025-03-31 13:01:40.780980,123.19999694824219,95.9800033569336
motor,2025-03-31 13:01:40.811723,124.30000305175781,95.2699966430664
motor,2025-03-31 13:01:40.820505,124.69999694824219,95.2699966430664
motor,2025-03-31 13:01:40.839922,125.4000015258789,95.2699966430664
motor,2025-03-31 13:01:40.859872,125.80000305175781,95.2699966430664
motor,2025-03-31 13:01:40.879767,125.9000015258789,95.2699966430664
odom,2025-03-31 13:01:40.906339,1.9972263541118074,0.16639389123707848,-177.68104696472818,-0.25941816232968085,0.028707105879931416,-25.25692205818328
motor,2025-03-31 13:01:40.912185,125.9000015258789,95.2699966430664
motor,2025-03-31 13:01:40.919691,125.9000015258789,95.63999938964844
motor,2025-03-31 13:01:40.944848,125.9000015258789,95.80000305175781
motor,2025-03-31 13:01:40.963469,125.9000015258789,96.33000183105469
motor,2025-03-31 13:01:40.986437,125.9000015258789,96.33000183105469
motor,2025-03-31 13:01:41.000914,125.9000015258789,97.02999877929688
motor,2025-03-31 13:01:41.023129,125.9000015258789,97.37999725341797
odom,2025-03-31 13:01:41.030261,1.9614418200457746,0.1655093724930075,-177.81731868012383,-0.29158138862991884,0.003902203987719356,-25.282625810857045
motor,2025-03-31 13:01:41.086205,125.9000015258789,98.97000122070312
motor,2025-03-31 13:01:41.089918,125.9000015258789,100.0199966430664
motor,2025-03-31 13:01:41.090292,125.9000015258789,100.73999786376953
motor,2025-03-31 13:01:41.099221,125.9000015258789,102.30999755859375
motor,2025-03-31 13:01:41.119253,125.9000015258789,103.7300033569336
odom,2025-03-31 13:01:41.133442,1.9410108328596845,0.16993670657051016,-177.2957262741588,-0.1498073443172113,0.039947617635149354,-22.94940571633879
motor,2025-03-31 13:01:41.139246,125.9000015258789,104.61000061035156
motor,2025-03-31 13:01:41.163209,125.9000015258789,105.73999786376953
motor,2025-03-31 13:01:41.186159,125.9000015258789,106.79000091552734
motor,2025-03-31 13:01:41.224033,125.9000015258789,107.58999633789062
motor,2025-03-31 13:01:41.224518,125.9000015258789,109.06999969482422
motor,2025-03-31 13:01:41.240134,125.80000305175781,110.13999938964844
motor,2025-03-31 13:01:41.259835,125.80000305175781,111.9000015258789
motor,2025-03-31 13:01:41.282423,125.9000015258789,113.56999969482422
motor,2025-03-31 13:01:41.307832,125.80000305175781,114.54000091552734
motor,2025-03-31 13:01:41.327572,125.80000305175781,116.6500015258789
odom,2025-03-31 13:01:41.339947,1.888636772942824,0.15290753255595205,-175.07098601437002,-0.43621375989732375,-0.10137106348730894,-24.846972543027256
motor,2025-03-31 13:01:41.341648,125.9000015258789,117.44999694824219
motor,2025-03-31 13:01:41.359881,125.9000015258789,120.5199966430664
motor,2025-03-31 13:01:41.379843,125.9000015258789,121.04000091552734
motor,2025-03-31 13:01:41.402615,125.9000015258789,123.95999908447266
motor,2025-03-31 13:01:41.427621,125.9000015258789,125.37000274658203
motor,2025-03-31 13:01:41.439731,125.9000015258789,125.97000122070312
motor,2025-03-31 13:01:41.459977,125.80000305175781,126.8499984741211
motor,2025-03-31 13:01:41.482209,125.9000015258789,127.37999725341797
motor,2025-03-31 13:01:41.510156,125.80000305175781,127.91000366210938
motor,2025-03-31 13:01:41.530718,125.9000015258789,128.61000061035156
motor,2025-03-31 13:01:41.540569,125.9000015258789,129.13999938964844
motor,2025-03-31 13:01:41.560014,125.9000015258789,128.9600067138672
motor,2025-03-31 13:01:41.580619,125.9000015258789,129.3300018310547
odom,2025-03-31 13:01:41.600551,1.853178634279123,0.1470940321591807,-172.5970868600238,-0.2922875786633393,-0.009737618392206725,-24.5180626558117
motor,2025-03-31 13:01:41.604408,125.80000305175781,130.72000122070312
motor,2025-03-31 13:01:41.627079,125.9000015258789,130.47000122070312
motor,2025-03-31 13:01:41.639418,126.0999984741211,130.72000122070312
motor,2025-03-31 13:01:41.659227,126.0999984741211,131.60000610351562
motor,2025-03-31 13:01:41.679699,125.80000305175781,131.25
motor,2025-03-31 13:01:41.709410,125.9000015258789,131.97000122070312
motor,2025-03-31 13:01:41.729754,126.0999984741211,131.9499969482422
motor,2025-03-31 13:01:41.739764,125.9000015258789,132.3000030517578
motor,2025-03-31 13:01:41.759831,125.9000015258789,132.47999572753906
odom,2025-03-31 13:01:41.760272,1.8302815568077977,0.13896733419551366,-170.49151423878442,-0.17715509394115933,-0.03134070413941336,-22.033439255636313
motor,2025-03-31 13:01:41.780072,125.9000015258789,132.47999572753906
motor,2025-03-31 13:01:41.800138,125.9000015258789,132.3000030517578
motor,2025-03-31 13:01:41.821513,126.0999984741211,132.66000366210938
motor,2025-03-31 13:01:41.868237,125.9000015258789,133.36000061035156
motor,2025-03-31 13:01:41.868586,125.9000015258789,133.10000610351562
motor,2025-03-31 13:01:41.879948,125.9000015258789,132.5
motor,2025-03-31 13:01:41.899768,125.9000015258789,133.4499969482422
motor,2025-03-31 13:01:41.919538,125.9000015258789,133.5399932861328
motor,2025-03-31 13:01:41.940132,125.9000015258789,133.36000061035156
odom,2025-03-31 13:01:41.943992,1.806523190589268,0.12488293510655547,-168.71316549659562,-0.21179884136202162,-0.07447569281594549,-23.93596013915139
motor,2025-03-31 13:01:41.960296,125.9000015258789,132.47999572753906
motor,2025-03-31 13:01:41.980134,125.80000305175781,133.5399932861328
motor,2025-03-31 13:01:41.999847,125.9000015258789,132.66000366210938
motor,2025-03-31 13:01:42.020124,126.0999984741211,132.94000244140625
motor,2025-03-31 13:01:42.039994,125.80000305175781,132.8300018310547
motor,2025-03-31 13:01:42.060304,126.0999984741211,133.00999450683594
motor,2025-03-31 13:01:42.079953,125.9000015258789,132.66000366210938
motor,2025-03-31 13:01:42.099954,125.9000015258789,133.00999450683594
odom,2025-03-31 13:01:42.104558,1.7783422205308759,0.10837386918625991,-167.54449682230208,-0.2302741806945735,-0.07440875110851232,-21.666772920646736
motor,2025-03-31 13:01:42.126561,126.0,132.47999572753906
motor,2025-03-31 13:01:42.139995,125.80000305175781,132.3000030517578
motor,2025-03-31 13:01:42.162129,125.9000015258789,133.6199951171875
motor,2025-03-31 13:01:42.180176,126.0999984741211,132.8300018310547
motor,2025-03-31 13:01:42.200766,125.9000015258789,132.1300048828125
motor,2025-03-31 13:01:42.252020,125.9000015258789,132.3000030517578
motor,2025-03-31 13:01:42.252407,126.0999984741211,132.8300018310547
motor,2025-03-31 13:01:42.268041,125.9000015258789,132.8300018310547
motor,2025-03-31 13:01:42.279666,125.9000015258789,132.11000061035156
motor,2025-03-31 13:01:42.299858,125.9000015258789,132.47999572753906
odom,2025-03-31 13:01:42.305912,1.7460482636696546,0.09792286078608613,-164.7931657439756,-0.27559500824618793,-0.013121326998840591,-23.379226259973244
motor,2025-03-31 13:01:42.323062,125.9000015258789,132.8300018310547
motor,2025-03-31 13:01:42.344090,126.0999984741211,131.9499969482422
motor,2025-03-31 13:01:42.360337,125.9000015258789,132.0399932861328
motor,2025-03-31 13:01:42.379945,125.9000015258789,132.32000732421875
motor,2025-03-31 13:01:42.399841,125.9000015258789,132.47999572753906
motor,2025-03-31 13:01:42.425702,125.9000015258789,131.8800048828125
motor,2025-03-31 13:01:42.446314,125.9000015258789,132.32000732421875
motor,2025-03-31 13:01:42.460000,125.9000015258789,131.4199981689453
motor,2025-03-31 13:01:42.479651,126.0999984741211,131.9499969482422
odom,2025-03-31 13:01:42.483494,1.7194137940402248,0.08669055038372761,-162.54447904680907,-0.21324322565072443,-0.02019739211403512,-21.02206701828332
motor,2025-03-31 13:01:42.502386,125.9000015258789,132.57000732421875
motor,2025-03-31 13:01:42.525704,126.0,131.9499969482422
motor,2025-03-31 13:01:42.548611,125.9000015258789,131.08999633789062
motor,2025-03-31 13:01:42.559393,125.80000305175781,131.9499969482422
motor,2025-03-31 13:01:42.579679,125.80000305175781,132.3000030517578
motor,2025-03-31 13:01:42.600101,125.9000015258789,131.86000061035156
motor,2025-03-31 13:01:42.620052,125.9000015258789,130.8300018310547
motor,2025-03-31 13:01:42.661869,126.0,131.97000122070312
motor,2025-03-31 13:01:42.662222,125.9000015258789,131.25999450683594
motor,2025-03-31 13:01:42.680756,126.0999984741211,131.0
odom,2025-03-31 13:01:42.684350,1.6923907931827546,0.06656135485237877,-160.12846972518955,-0.2621796322098801,-0.07920948572558079,-22.71603651693521
motor,2025-03-31 13:01:42.699782,125.9000015258789,131.44000244140625
motor,2025-03-31 13:01:42.719823,125.9000015258789,131.5500030517578
motor,2025-03-31 13:01:42.740024,126.0,131.6199951171875
motor,2025-03-31 13:01:42.760032,125.80000305175781,131.4199981689453
motor,2025-03-31 13:01:42.779901,126.0999984741211,131.17999267578125
motor,2025-03-31 13:01:42.799844,126.0,131.25999450683594
motor,2025-03-31 13:01:42.819787,126.0999984741211,131.72000122070312
motor,2025-03-31 13:01:42.839924,126.0999984741211,131.7899932861328
motor,2025-03-31 13:01:42.860351,126.0999984741211,130.91000366210938
motor,2025-03-31 13:01:42.879821,126.0999984741211,131.25999450683594
odom,2025-03-31 13:01:42.888767,1.656048521227786,0.04953279743129367,-156.99120235933856,-0.3267013840336526,-0.011963272785199007,-22.319422247678176
motor,2025-03-31 13:01:42.900190,126.0999984741211,131.60000610351562
motor,2025-03-31 13:01:42.923019,126.0999984741211,131.44000244140625
motor,2025-03-31 13:01:42.939766,126.0999984741211,131.0
motor,2025-03-31 13:01:42.960036,125.9000015258789,131.44000244140625
motor,2025-03-31 13:01:42.980433,125.80000305175781,131.44000244140625
motor,2025-03-31 13:01:42.999928,125.80000305175781,130.83999633789062
motor,2025-03-31 13:01:43.020037,125.9000015258789,130.55999755859375
motor,2025-03-31 13:01:43.042072,126.0,131.08999633789062
motor,2025-03-31 13:01:43.060545,126.0999984741211,131.4199981689453
motor,2025-03-31 13:01:43.079798,126.0,131.25999450683594
odom,2025-03-31 13:01:43.096868,1.6221496057866147,0.026284240722612942,-153.72860667281483,-0.30121323237404357,-0.04325373564264471,-19.862880099022266
motor,2025-03-31 13:01:43.105189,125.9000015258789,131.25999450683594
motor,2025-03-31 13:01:43.126865,125.9000015258789,130.55999755859375
motor,2025-03-31 13:01:43.149881,125.9000015258789,131.07000732421875
motor,2025-03-31 13:01:43.162299,125.9000015258789,131.9499969482422
motor,2025-03-31 13:01:43.182762,126.0999984741211,131.44000244140625
motor,2025-03-31 13:01:43.199451,126.0999984741211,130.91000366210938
motor,2025-03-31 13:01:43.219793,126.0999984741211,131.60000610351562
motor,2025-03-31 13:01:43.247303,126.0999984741211,131.0
motor,2025-03-31 13:01:43.265653,126.0,131.08999633789062
odom,2025-03-31 13:01:43.279560,1.5890944791653785,-0.0003234515772147159,-151.51230270534077,-0.34013487700969003,-0.062086511467326265,-21.54684827126332
motor,2025-03-31 13:01:43.294857,126.0999984741211,130.74000549316406
motor,2025-03-31 13:01:43.301934,125.9000015258789,132.66000366210938
motor,2025-03-31 13:01:43.319464,126.0999984741211,131.0
motor,2025-03-31 13:01:43.347216,125.80000305175781,130.02000427246094
motor,2025-03-31 13:01:43.367273,126.0999984741211,130.89999389648438
motor,2025-03-31 13:01:43.379618,126.0999984741211,130.89999389648438
motor,2025-03-31 13:01:43.399984,125.9000015258789,130.3000030517578
motor,2025-03-31 13:01:43.419598,125.9000015258789,130.64999389648438
motor,2025-03-31 13:01:43.447814,126.0999984741211,130.55999755859375
motor,2025-03-31 13:01:43.459942,125.9000015258789,130.5399932861328
motor,2025-03-31 13:01:43.479839,125.9000015258789,131.4199981689453
motor,2025-03-31 13:01:43.504901,126.0999984741211,130.74000549316406
odom,2025-03-31 13:01:43.510712,1.5573705010303704,-0.026572832849773173,-147.9268121029199,-0.33244919112592863,-0.043957850278686074,-21.026736946778065
motor,2025-03-31 13:01:43.519902,126.0999984741211,130.5399932861328
motor,2025-03-31 13:01:43.539851,125.9000015258789,131.07000732421875
motor,2025-03-31 13:01:43.577801,126.0999984741211,131.44000244140625
motor,2025-03-31 13:01:43.583049,126.0,130.97999572753906
motor,2025-03-31 13:01:43.599588,125.9000015258789,130.80999755859375
motor,2025-03-31 13:01:43.658067,125.9000015258789,131.7899932861328
motor,2025-03-31 13:01:43.658512,126.0999984741211,131.25
motor,2025-03-31 13:01:43.659302,126.0999984741211,130.72000122070312
motor,2025-03-31 13:01:43.679133,126.0999984741211,130.72000122070312
motor,2025-03-31 13:01:43.700272,126.0999984741211,131.0
motor,2025-03-31 13:01:43.719224,126.0999984741211,130.74000549316406
odom,2025-03-31 13:01:43.741872,1.5363599706527942,-0.054842287320821186,-144.9167339131402,-0.2472284102586248,-0.08174443671597806,-18.698511979688497
motor,2025-03-31 13:01:43.759166,125.9000015258789,130.80999755859375
motor,2025-03-31 13:01:43.759485,125.80000305175781,130.5399932861328
motor,2025-03-31 13:01:43.779660,125.9000015258789,130.55999755859375
motor,2025-03-31 13:01:43.799917,125.9000015258789,130.80999755859375
motor,2025-03-31 13:01:43.819556,125.9000015258789,131.08999633789062
motor,2025-03-31 13:01:43.839717,125.9000015258789,130.5399932861328
motor,2025-03-31 13:01:43.859829,126.0999984741211,130.3699951171875
motor,2025-03-31 13:01:43.879824,125.9000015258789,131.44000244140625
motor,2025-03-31 13:01:43.899766,125.9000015258789,131.07000732421875
motor,2025-03-31 13:01:43.919803,126.0999984741211,129.67999267578125
motor,2025-03-31 13:01:43.939928,125.80000305175781,130.02999877929688
odom,2025-03-31 13:01:43.946551,1.5077801935297341,-0.08487998499667097,-141.7000594432815,-0.3347973322825366,-0.04779666026043682,-20.172710344780175
motor,2025-03-31 13:01:43.962133,125.9000015258789,129.67999267578125
motor,2025-03-31 13:01:43.981701,125.0,126.51000213623047
motor,2025-03-31 13:01:43.999863,115.9000015258789,121.41000366210938
motor,2025-03-31 13:01:44.023345,102.30000305175781,116.12000274658203
motor,2025-03-31 13:01:44.042279,98.5999984741211,113.13999938964844
motor,2025-03-31 13:01:44.062388,91.30000305175781,108.83000183105469
motor,2025-03-31 13:01:44.095173,91.0999984741211,106.55000305175781
motor,2025-03-31 13:01:44.122850,91.0,105.30999755859375
motor,2025-03-31 13:01:44.125797,90.80000305175781,104.69999694824219
motor,2025-03-31 13:01:44.141270,90.9000015258789,103.7300033569336
motor,2025-03-31 13:01:44.167170,90.69999694824219,102.1500015258789
odom,2025-03-31 13:01:44.175058,1.4818601853448368,-0.11559592587255914,-138.3974402214772,-0.2942091067684315,-0.042593809682943046,-17.866401199247175
motor,2025-03-31 13:01:44.187822,90.5,100.38999938964844
motor,2025-03-31 13:01:44.199879,88.80000305175781,97.66000366210938
motor,2025-03-31 13:01:44.219825,86.80000305175781,95.0999984741211
motor,2025-03-31 13:01:44.240514,84.80000305175781,92.9800033569336
motor,2025-03-31 13:01:44.269361,83.30000305175781,90.01000213623047
motor,2025-03-31 13:01:44.288373,81.5999984741211,88.41000366210938
motor,2025-03-31 13:01:44.299977,79.0999984741211,86.12000274658203
motor,2025-03-31 13:01:44.319506,77.69999694824219,84.19000244140625
motor,2025-03-31 13:01:44.394419,77.0999984741211,82.77999877929688
motor,2025-03-31 13:01:44.394787,75.80000305175781,80.94999694824219
motor,2025-03-31 13:01:44.395119,75.0,79.44000244140625
motor,2025-03-31 13:01:44.399931,72.69999694824219,77.68000030517578
motor,2025-03-31 13:01:44.419574,71.69999694824219,75.4800033569336
motor,2025-03-31 13:01:44.440029,70.69999694824219,74.41999816894531
motor,2025-03-31 13:01:44.459614,70.4000015258789,71.95999908447266
motor,2025-03-31 13:01:44.479749,70.19999694824219,70.55000305175781
motor,2025-03-31 13:01:44.501406,69.80000305175781,69.31999969482422
odom,2025-03-31 13:01:44.501950,1.4499946450720267,-0.1453907349727441,-134.60974381762284,-0.35515444128885376,0.014349466334601182,-19.142099680069514
motor,2025-03-31 13:01:44.519859,69.0999984741211,68.0999984741211
motor,2025-03-31 13:01:44.539772,68.9000015258789,67.20999908447266
motor,2025-03-31 13:01:44.559946,68.9000015258789,65.80000305175781
motor,2025-03-31 13:01:44.580251,68.9000015258789,65.18000030517578
motor,2025-03-31 13:01:44.599842,68.9000015258789,64.31999969482422
motor,2025-03-31 13:01:44.619808,69.0,62.97999954223633
motor,2025-03-31 13:01:44.640637,68.9000015258789,61.77000045776367
motor,2025-03-31 13:01:44.659825,68.9000015258789,61.04999923706055
motor,2025-03-31 13:01:44.680086,68.9000015258789,60.529998779296875
motor,2025-03-31 13:01:44.699881,69.0999984741211,59.83000183105469
motor,2025-03-31 13:01:44.719642,69.0999984741211,59.130001068115234
odom,2025-03-31 13:01:44.728310,1.4288189700091525,-0.1828722196205039,-131.398612290594,-0.34256505114407604,-0.07240052204527826,-18.652236757553858
motor,2025-03-31 13:01:44.739462,69.0999984741211,58.41999816894531
motor,2025-03-31 13:01:44.759991,69.0999984741211,57.88999938964844
motor,2025-03-31 13:01:44.780512,69.0999984741211,57.18000030517578
motor,2025-03-31 13:01:44.800040,69.0999984741211,56.65999984741211
motor,2025-03-31 13:01:44.820135,69.0999984741211,55.95000076293945
motor,2025-03-31 13:01:44.840193,69.0999984741211,55.06999969482422
motor,2025-03-31 13:01:44.859808,69.0999984741211,54.81999969482422
motor,2025-03-31 13:01:44.883002,69.0999984741211,54.290000915527344
motor,2025-03-31 13:01:44.901780,69.0999984741211,54.810001373291016
motor,2025-03-31 13:01:44.919896,69.0999984741211,55.70000076293945
motor,2025-03-31 13:01:44.939952,69.0999984741211,56.400001525878906
motor,2025-03-31 13:01:44.961463,69.0999984741211,57.54999923706055
odom,2025-03-31 13:01:44.961946,1.4049012148663702,-0.21860112133075726,-128.04475714847484,-0.31757037739447364,-0.023574410922622833,-16.551960596145047
motor,2025-03-31 13:01:44.983807,69.0999984741211,58.779998779296875
motor,2025-03-31 13:01:45.004589,69.19999694824219,62.119998931884766
motor,2025-03-31 13:01:45.019813,69.19999694824219,65.62999725341797
motor,2025-03-31 13:01:45.042037,69.19999694824219,66.69000244140625
motor,2025-03-31 13:01:45.059946,69.19999694824219,68.0999984741211
motor,2025-03-31 13:01:45.087823,69.4000015258789,69.94999694824219
motor,2025-03-31 13:01:45.107671,69.0999984741211,72.23999786376953
motor,2025-03-31 13:01:45.120612,69.0999984741211,73.9800033569336
motor,2025-03-31 13:01:45.139928,69.4000015258789,75.04000091552734
motor,2025-03-31 13:01:45.160000,69.4000015258789,76.37000274658203
odom,2025-03-31 13:01:45.170880,1.3888136479877295,-0.2511700591960305,-124.39545157122625,-0.2930166017028832,-0.041745143408806584,-17.689891515213326
motor,2025-03-31 13:01:45.179690,69.4000015258789,77.94999694824219
motor,2025-03-31 13:01:45.211776,69.4000015258789,78.91000366210938
motor,2025-03-31 13:01:45.219420,69.4000015258789,79.3499984741211
motor,2025-03-31 13:01:45.240941,69.4000015258789,80.06999969482422
motor,2025-03-31 13:01:45.260387,69.5999984741211,80.66999816894531
motor,2025-03-31 13:01:45.279828,69.69999694824219,81.19999694824219
motor,2025-03-31 13:01:45.299881,69.80000305175781,81.7300033569336
motor,2025-03-31 13:01:45.319829,69.9000015258789,82.5199966430664
motor,2025-03-31 13:01:45.339903,69.9000015258789,83.04000091552734
motor,2025-03-31 13:01:45.360030,70.0999984741211,83.66000366210938
odom,2025-03-31 13:01:45.378759,1.3769851324437161,-0.2760831505331279,-121.57975497335727,-0.20276817262951136,-0.021962506664340714,-15.692778102535229
motor,2025-03-31 13:01:45.379847,70.0999984741211,84.01000213623047
motor,2025-03-31 13:01:45.400305,70.0999984741211,84.98999786376953
motor,2025-03-31 13:01:45.419884,70.5999984741211,86.83999633789062
motor,2025-03-31 13:01:45.440029,70.9000015258789,89.04000091552734
motor,2025-03-31 13:01:45.459335,70.9000015258789,89.56999969482422
motor,2025-03-31 13:01:45.480037,71.0999984741211,91.58000183105469
motor,2025-03-31 13:01:45.499918,71.4000015258789,92.97000122070312
motor,2025-03-31 13:01:45.519934,71.9000015258789,95.11000061035156
motor,2025-03-31 13:01:45.540619,71.9000015258789,96.33000183105469
motor,2025-03-31 13:01:45.559262,72.19999694824219,98.0999984741211
motor,2025-03-31 13:01:45.582517,72.19999694824219,99.8499984741211
motor,2025-03-31 13:01:45.605216,72.4000015258789,101.25
odom,2025-03-31 13:01:45.615352,1.352727196088406,-0.2851919531320978,-119.97725978578616,-0.16301830129879716,0.13410350378548774,-17.058711130728707
motor,2025-03-31 13:01:45.622853,72.4000015258789,102.2300033569336
motor,2025-03-31 13:01:45.643919,72.5999984741211,103.36000061035156
motor,2025-03-31 13:01:45.659200,72.69999694824219,105.38999938964844
odom,2025-03-31 13:01:45.674729,1.3532567418181083,-0.2845594039414998,-120.02644798529379,0.006008017100963742,-0.0010494659021460001,-15.48767162241725
motor,2025-03-31 13:01:45.679545,72.69999694824219,106.52999877929688
motor,2025-03-31 13:01:45.705036,72.9000015258789,108.11000061035156
motor,2025-03-31 13:01:45.720669,72.9000015258789,109.18000030517578
odom,2025-03-31 13:01:45.734347,1.3537119067788717,-0.28083620483569915,-120.12716835249722,0.028041946438731872,0.011994054784294663,-17.047907241620134
motor,2025-03-31 13:01:45.739698,73.0999984741211,110.30999755859375
motor,2025-03-31 13:01:45.759474,73.0999984741211,111.37000274658203
motor,2025-03-31 13:01:45.780698,73.0999984741211,112.08999633789062
motor,2025-03-31 13:01:45.804805,73.5,112.94999694824219
motor,2025-03-31 13:01:45.825195,73.5,112.52999877929688
motor,2025-03-31 13:01:45.839550,73.5999984741211,111.72000122070312
odom,2025-03-31 13:01:45.844106,1.3642920933162543,-0.26241402958618126,-120.61554811142692,0.17319589460665202,0.002255232116356331,-17.163832969930862
motor,2025-03-31 13:01:45.859500,73.69999694824219,110.94000244140625
motor,2025-03-31 13:01:45.879331,73.69999694824219,111.30000305175781
motor,2025-03-31 13:01:45.904949,74.0,110.05999755859375
motor,2025-03-31 13:01:45.925488,74.4000015258789,108.4800033569336
motor,2025-03-31 13:01:45.939589,74.69999694824219,107.06999969482422
odom,2025-03-31 13:01:45.956080,1.3681055861532132,-0.23774605651322175,-120.7365381932802,0.17134940785619504,0.06905086379854318,-15.596012794575703
motor,2025-03-31 13:01:45.959788,75.4000015258789,105.83999633789062
motor,2025-03-31 13:01:45.979652,75.5999984741211,105.48999786376953
motor,2025-03-31 13:01:45.999859,75.9000015258789,104.5999984741211
motor,2025-03-31 13:01:46.027923,76.30000305175781,104.23999786376953
motor,2025-03-31 13:01:46.039431,76.5999984741211,104.5999984741211
odom,2025-03-31 13:01:46.091958,1.3881182783068262,-0.20249592326635474,-120.87293360593046,0.32977154455731766,0.007413836196751571,-17.16722157823006
motor,2025-03-31 13:01:46.099289,76.5999984741211,103.55000305175781
motor,2025-03-31 13:01:46.099733,76.69999694824219,103.37999725341797
motor,2025-03-31 13:01:46.100811,77.0999984741211,103.02999877929688
motor,2025-03-31 13:01:46.132651,77.4000015258789,102.31999969482422
motor,2025-03-31 13:01:46.141089,77.5999984741211,102.30999755859375
motor,2025-03-31 13:01:46.159518,77.5,102.58999633789062
motor,2025-03-31 13:01:46.184196,77.5,101.87999725341797
motor,2025-03-31 13:01:46.199940,77.5,101.5999984741211
motor,2025-03-31 13:01:46.221073,77.69999694824219,101.5999984741211
odom,2025-03-31 13:01:46.229449,1.4106335285402718,-0.16375052950747632,-120.86024798255323,0.3316248354601469,0.004046228116861232,-15.611441925896663
motor,2025-03-31 13:01:46.240231,77.80000305175781,101.5999984741211
motor,2025-03-31 13:01:46.264734,77.80000305175781,101.08000183105469
motor,2025-03-31 13:01:46.284508,77.80000305175781,101.2699966430664
motor,2025-03-31 13:01:46.299907,78.0999984741211,100.7300033569336
motor,2025-03-31 13:01:46.324564,77.5,100.9000015258789
odom,2025-03-31 13:01:46.338552,1.4127172883853203,-0.13053620292225349,-120.90964907569779,0.24088982757632735,0.12443796563423863,-17.1925832300348
motor,2025-03-31 13:01:46.349111,79.0999984741211,100.37000274658203
motor,2025-03-31 13:01:46.359769,79.80000305175781,100.36000061035156
motor,2025-03-31 13:01:46.416217,80.19999694824219,100.37000274658203
motor,2025-03-31 13:01:46.416569,80.0999984741211,100.44999694824219
motor,2025-03-31 13:01:46.421057,80.0999984741211,100.19999694824219
motor,2025-03-31 13:01:46.441345,80.0999984741211,99.66000366210938
motor,2025-03-31 13:01:46.459956,80.0999984741211,99.73999786376953
odom,2025-03-31 13:01:46.470012,1.44242774665697,-0.08560414891883368,-120.72342933161356,0.3980734795673395,-0.0191241541606619,-15.588845473619001
motor,2025-03-31 13:01:46.516961,80.30000305175781,99.91999816894531
motor,2025-03-31 13:01:46.518104,81.0,100.0199966430664
motor,2025-03-31 13:01:46.522798,81.5999984741211,99.8499984741211
motor,2025-03-31 13:01:46.542119,81.5,99.66999816894531
motor,2025-03-31 13:01:46.578296,81.5999984741211,99.8499984741211
motor,2025-03-31 13:01:46.581295,81.5,99.48999786376953
motor,2025-03-31 13:01:46.600164,81.5,98.44999694824219
odom,2025-03-31 13:01:46.603205,1.4647953228182244,-0.04805171308000144,-120.78289220101976,0.35637711983842185,2.0834539371280516e-05,-17.18778001275576
motor,2025-03-31 13:01:46.658789,81.69999694824219,96.8499984741211
motor,2025-03-31 13:01:46.659158,81.69999694824219,96.5
motor,2025-03-31 13:01:46.660860,81.69999694824219,95.2699966430664
motor,2025-03-31 13:01:46.681696,82.0,94.38999938964844
motor,2025-03-31 13:01:46.713013,82.4000015258789,93.86000061035156
odom,2025-03-31 13:01:46.737587,1.4835062973661464,-0.011413412346183843,-120.70217972560626,0.33444316356634013,0.02132874466878491,-17.160749072283014
motor,2025-03-31 13:01:46.799342,82.5999984741211,92.45999908447266
motor,2025-03-31 13:01:46.799678,82.5999984741211,91.5
odom,2025-03-31 13:01:46.872289,1.5036566931927142,0.023375961889990533,-121.06952957466602,0.29711813559112954,0.005132399496475278,-15.618522038696616
motor,2025-03-31 13:01:46.887488,82.69999694824219,90.5199966430664
motor,2025-03-31 13:01:46.887870,82.80000305175781,89.98999786376953
motor,2025-03-31 13:01:46.890206,82.80000305175781,89.29000091552734
motor,2025-03-31 13:01:46.890560,82.69999694824219,89.38999938964844
motor,2025-03-31 13:01:46.899354,82.5999984741211,91.05000305175781
motor,2025-03-31 13:01:46.924819,82.80000305175781,91.41000366210938
motor,2025-03-31 13:01:46.951343,82.69999694824219,92.02999877929688
motor,2025-03-31 13:01:46.959073,82.69999694824219,92.0999984741211
motor,2025-03-31 13:01:46.980983,83.0,92.27999877929688
odom,2025-03-31 13:01:46.982222,1.5131778354959684,0.05338855663890334,-121.36668722558268,0.24891760892830805,0.06098190464079322,-17.241027435357488
motor,2025-03-31 13:01:46.999442,83.0,92.27999877929688
motor,2025-03-31 13:01:47.023539,82.9000015258789,92.45999908447266
motor,2025-03-31 13:01:47.039598,82.9000015258789,92.62000274658203
motor,2025-03-31 13:01:47.059688,82.9000015258789,92.62999725341797
motor,2025-03-31 13:01:47.086871,83.0999984741211,92.45999908447266
odom,2025-03-31 13:01:47.092743,1.522546300537533,0.08089064845902902,-121.92158892252621,0.23007405484583845,0.053583961941824736,-17.301758338642415
motor,2025-03-31 13:01:47.099865,83.80000305175781,92.80000305175781
motor,2025-03-31 13:01:47.120262,85.0,92.80000305175781
motor,2025-03-31 13:01:47.159240,85.30000305175781,92.9800033569336
motor,2025-03-31 13:01:47.159717,85.30000305175781,92.80999755859375
motor,2025-03-31 13:01:47.196945,85.30000305175781,92.9800033569336
motor,2025-03-31 13:01:47.199095,85.30000305175781,93.16000366210938
motor,2025-03-31 13:01:47.219297,85.5999984741211,93.16000366210938
odom,2025-03-31 13:01:47.227044,1.5359408837810002,0.10946359025329384,-122.77934171300038,0.23174111338614392,0.03117956924589434,-15.878494118350257
motor,2025-03-31 13:01:47.239282,85.5999984741211,93.16000366210938
motor,2025-03-31 13:01:47.260075,85.5999984741211,93.16000366210938
motor,2025-03-31 13:01:47.298025,85.5999984741211,93.16000366210938
motor,2025-03-31 13:01:47.299742,85.5999984741211,93.33999633789062
motor,2025-03-31 13:01:47.359131,85.5999984741211,93.3499984741211
motor,2025-03-31 13:01:47.359534,85.5999984741211,93.33999633789062
motor,2025-03-31 13:01:47.379482,85.5999984741211,93.31999969482422
motor,2025-03-31 13:01:47.399598,85.5,93.51000213623047
motor,2025-03-31 13:01:47.419886,85.5999984741211,93.3499984741211
motor,2025-03-31 13:01:47.473688,85.5999984741211,93.33999633789062
motor,2025-03-31 13:01:47.474043,85.5999984741211,93.5
motor,2025-03-31 13:01:47.479574,85.5999984741211,93.77999877929688
motor,2025-03-31 13:01:47.499618,85.5,93.5
motor,2025-03-31 13:01:47.549639,85.30000305175781,93.69000244140625
motor,2025-03-31 13:01:47.550015,85.30000305175781,93.5
motor,2025-03-31 13:01:47.563644,85.30000305175781,93.5
motor,2025-03-31 13:01:47.603126,85.30000305175781,93.51000213623047
motor,2025-03-31 13:01:47.603481,85.80000305175781,93.69000244140625
motor,2025-03-31 13:01:47.621527,87.0,93.41999816894531
odom,2025-03-31 13:01:47.640958,1.5530467391531522,0.13058564929550828,-125.33425604314976,0.2206409770316685,-0.01414556528431383,-17.794048843188158
motor,2025-03-31 13:01:47.680040,90.69999694824219,93.69000244140625
motor,2025-03-31 13:01:47.680453,90.80000305175781,93.5
motor,2025-03-31 13:01:47.699281,90.80000305175781,93.86000061035156
motor,2025-03-31 13:01:47.718887,90.80000305175781,93.86000061035156
motor,2025-03-31 13:01:47.738829,91.0,93.69000244140625
odom,2025-03-31 13:01:47.750501,1.5649936268573,0.15132947821251902,-125.76454972225493,0.17629973226814222,0.017988199721126436,-16.249715820018714
motor,2025-03-31 13:01:47.766804,91.0,93.69000244140625
motor,2025-03-31 13:01:47.779395,91.0,93.69999694824219
motor,2025-03-31 13:01:47.804523,91.0,93.69000244140625
motor,2025-03-31 13:01:47.819757,91.0,93.69000244140625
motor,2025-03-31 13:01:47.839661,90.80000305175781,93.87999725341797
odom,2025-03-31 13:01:47.858960,1.577070512573273,0.16401142970800361,-126.03107080119553,0.1410846015658152,-0.018747001183419914,-17.87682117452453
motor,2025-03-31 13:01:47.870000,90.80000305175781,93.86000061035156
motor,2025-03-31 13:01:47.879744,91.0,93.69000244140625
motor,2025-03-31 13:01:47.917206,91.0,93.69000244140625
odom,2025-03-31 13:01:47.918613,1.5769395751849926,0.16427845879009892,-126.08240548405692,0.0011312856714997205,0.002145980188050005,-17.949802972672604
motor,2025-03-31 13:01:47.921626,91.0,93.69000244140625
motor,2025-03-31 13:01:47.940221,90.9000015258789,93.69000244140625
motor,2025-03-31 13:01:47.960047,91.0,93.69000244140625
odom,2025-03-31 13:01:47.978277,1.5774833654156484,0.16258455518614567,-126.0180828751313,-0.007762801302430254,-0.010612801039486018,-16.255876716525353
motor,2025-03-31 13:01:47.979746,91.0,93.86000061035156
motor,2025-03-31 13:01:48.000340,90.9000015258789,93.8499984741211
motor,2025-03-31 13:01:48.020800,90.80000305175781,94.04000091552734
odom,2025-03-31 13:01:48.037224,1.577665791559175,0.16324713357488835,-126.0145890759323,0.005245239082419687,0.0019737380462891358,-17.93557889392086
motor,2025-03-31 13:01:48.041700,90.80000305175781,94.04000091552734
motor,2025-03-31 13:01:48.060593,90.9000015258789,93.86000061035156
motor,2025-03-31 13:01:48.084909,91.0,93.86000061035156
odom,2025-03-31 13:01:48.096606,1.5814670994073665,0.1614139881024816,-125.99498293608819,0.005560626796351156,-0.030751520829728863,-16.283484465929842
motor,2025-03-31 13:01:48.099669,90.80000305175781,94.04000091552734
motor,2025-03-31 13:01:48.119928,91.0,94.04000091552734
odom,2025-03-31 13:01:48.155846,1.5821919810176803,0.16119807753680648,-126.03996985044216,0.002053712645938624,-0.005814507130643163,-17.935041719953446
motor,2025-03-31 13:01:48.191806,90.9000015258789,93.87999725341797
motor,2025-03-31 13:01:48.192178,91.0,93.87999725341797
motor,2025-03-31 13:01:48.200131,91.0,94.05000305175781
odom,2025-03-31 13:01:48.238813,1.580333962438284,0.1513733645949915,-125.88911602318687,-0.07355439066294306,-0.03458070331108148,-17.860215561072657
motor,2025-03-31 13:01:48.248970,90.80000305175781,94.04000091552734
motor,2025-03-31 13:01:48.249309,91.0,93.87999725341797
motor,2025-03-31 13:01:48.264302,90.9000015258789,93.87999725341797
motor,2025-03-31 13:01:48.279743,90.9000015258789,93.86000061035156
motor,2025-03-31 13:01:48.314058,91.0,93.86000061035156
motor,2025-03-31 13:01:48.321794,90.9000015258789,93.86000061035156
motor,2025-03-31 13:01:48.342266,91.0,93.87999725341797
odom,2025-03-31 13:01:48.345552,1.5711629938604632,0.12926511006666966,-125.4556909130378,-0.17282182250914035,-0.03966398881409294,-16.22111806566398
motor,2025-03-31 13:01:48.361089,90.9000015258789,93.87999725341797
motor,2025-03-31 13:01:48.381875,91.0,93.9800033569336
motor,2025-03-31 13:01:48.425981,90.80000305175781,94.04000091552734
motor,2025-03-31 13:01:48.426464,91.0,93.86000061035156
motor,2025-03-31 13:01:48.447273,91.0,93.87999725341797
motor,2025-03-31 13:01:48.461157,91.0,93.86000061035156
motor,2025-03-31 13:01:48.483871,91.0,93.86000061035156
odom,2025-03-31 13:01:48.501469,1.5601685492382587,0.09960452230791521,-124.25052004231601,-0.2501165424275735,-0.0619532929631133,-17.664923134966106
motor,2025-03-31 13:01:48.535076,90.9000015258789,94.02999877929688
motor,2025-03-31 13:01:48.535421,91.0,93.86000061035156
motor,2025-03-31 13:01:48.539368,91.0,93.86000061035156
motor,2025-03-31 13:01:48.571443,90.9000015258789,94.04000091552734
motor,2025-03-31 13:01:48.586245,91.0,93.86000061035156
motor,2025-03-31 13:01:48.599527,91.0,94.04000091552734
motor,2025-03-31 13:01:48.619915,90.80000305175781,94.22000122070312
motor,2025-03-31 13:01:48.639770,91.0,94.04000091552734
motor,2025-03-31 13:01:48.659814,90.9000015258789,94.11000061035156
odom,2025-03-31 13:01:48.684101,1.5448316696526283,0.06505284213926768,-122.60658375180945,-0.3038288267551086,-0.04633494462404099,-17.397649891804022
motor,2025-03-31 13:01:48.688794,91.0,94.04000091552734
motor,2025-03-31 13:01:48.699261,91.0,94.04000091552734
motor,2025-03-31 13:01:48.719823,91.0,94.04000091552734
motor,2025-03-31 13:01:48.739873,91.0,94.19999694824219
motor,2025-03-31 13:01:48.759212,91.0,94.04000091552734
motor,2025-03-31 13:01:48.790731,91.0,94.02999877929688
motor,2025-03-31 13:01:48.799447,91.0,94.22000122070312
motor,2025-03-31 13:01:48.819895,91.0,94.02999877929688
motor,2025-03-31 13:01:48.839961,91.0,93.94999694824219
motor,2025-03-31 13:01:48.859751,90.9000015258789,94.02999877929688
odom,2025-03-31 13:01:48.868323,1.5280814955565956,0.026986621407308724,-120.82967673964737,-0.3056744608921678,-0.03795931853759275,-15.619233692748876
motor,2025-03-31 13:01:48.879727,91.0,94.04000091552734
motor,2025-03-31 13:01:48.900063,91.0,94.2300033569336
motor,2025-03-31 13:01:48.919525,91.0,94.56999969482422
motor,2025-03-31 13:01:48.940326,91.0,94.56999969482422
motor,2025-03-31 13:01:48.959429,91.0,94.56999969482422
motor,2025-03-31 13:01:48.979569,91.0,94.56999969482422
motor,2025-03-31 13:01:48.999640,91.0,94.73999786376953
motor,2025-03-31 13:01:49.019766,90.9000015258789,94.73999786376953
motor,2025-03-31 13:01:49.039911,91.0,94.56999969482422
odom,2025-03-31 13:01:49.052260,1.5139891249362325,-0.012285986011190894,-118.81095212048449,-0.33498887595539334,-0.053483872952070896,-16.859285466704392
motor,2025-03-31 13:01:49.060087,90.9000015258789,94.56999969482422
motor,2025-03-31 13:01:49.082928,91.0,94.56999969482422
motor,2025-03-31 13:01:49.100104,91.0,94.48999786376953
motor,2025-03-31 13:01:49.119830,91.0,94.58000183105469
motor,2025-03-31 13:01:49.139793,91.0,94.48999786376953
motor,2025-03-31 13:01:49.159875,91.0,94.58000183105469
motor,2025-03-31 13:01:49.183624,90.9000015258789,94.73999786376953
motor,2025-03-31 13:01:49.199861,91.0,94.56999969482422
motor,2025-03-31 13:01:49.218856,90.9000015258789,94.56999969482422
odom,2025-03-31 13:01:49.237751,1.4968868942865103,-0.05255964163122295,-116.39254090541858,-0.3236552407280141,-0.01913799947673104,-15.052917098878059
motor,2025-03-31 13:01:49.238879,91.0,94.56999969482422
motor,2025-03-31 13:01:49.259092,91.0,94.58000183105469
motor,2025-03-31 13:01:49.285999,91.0,94.58000183105469
motor,2025-03-31 13:01:49.302678,91.0,94.56999969482422
motor,2025-03-31 13:01:49.319841,90.9000015258789,94.55000305175781
motor,2025-03-31 13:01:49.339716,90.9000015258789,94.56999969482422
motor,2025-03-31 13:01:49.359390,91.0,94.56999969482422
motor,2025-03-31 13:01:49.382611,90.9000015258789,94.56999969482422
odom,2025-03-31 13:01:49.397416,1.4787804952444283,-0.09425928227544822,-114.75376470814359,-0.3694397279726975,-0.008272772993274172,-16.280130411861446
motor,2025-03-31 13:01:49.404648,90.9000015258789,94.56999969482422
motor,2025-03-31 13:01:49.419435,91.0,94.48999786376953
motor,2025-03-31 13:01:49.439921,91.0,94.58000183105469
motor,2025-03-31 13:01:49.459132,90.9000015258789,94.56999969482422
motor,2025-03-31 13:01:49.479900,91.0,94.66999816894531
motor,2025-03-31 13:01:49.507395,90.9000015258789,94.56999969482422
motor,2025-03-31 13:01:49.520351,91.0,94.4800033569336
motor,2025-03-31 13:01:49.540251,91.0,94.48999786376953
odom,2025-03-31 13:01:49.556983,1.461283023372795,-0.13422577314318274,-113.36989576429833,-0.3554751999891215,0.0017004894784818042,-16.121856132236864
motor,2025-03-31 13:01:49.561129,91.0,94.58000183105469
motor,2025-03-31 13:01:49.579830,91.0,94.56999969482422
motor,2025-03-31 13:01:49.609651,90.9000015258789,94.73999786376953
motor,2025-03-31 13:01:49.619463,91.0,94.56999969482422
motor,2025-03-31 13:01:49.639768,91.0,94.56999969482422
motor,2025-03-31 13:01:49.660102,91.0,94.58000183105469
motor,2025-03-31 13:01:49.679555,91.0,94.58000183105469
odom,2025-03-31 13:01:49.718232,1.4538558256832204,-0.1667984197995638,-111.74224172271062,-0.24410771859742175,-0.038214427445263585,-14.42362186019489
odom,2025-03-31 13:01:49.903351,1.431968890587677,-0.19951557516129215,-110.2215571386175,-0.3121712020263121,0.07529123343580298,-15.693716390005761
odom,2025-03-31 13:01:50.061064,1.4211201167053193,-0.22803519062698624,-108.93671929955298,-0.2252843515920695,0.007433881505731503,-14.045240466849775
odom,2025-03-31 13:01:50.218329,1.4149420953077156,-0.2548925487065257,-107.57084316721279,-0.22401481488592662,-0.018088314054364226,-15.310878882840777
odom,2025-03-31 13:01:50.402463,1.4111569638054444,-0.2813178778545782,-106.01427117408261,-0.21572520845205748,-0.02979135678852546,-15.094345904340642
odom,2025-03-31 13:01:50.562842,1.4065955552424072,-0.3053176373495018,-104.71852657227426,-0.1801750574394055,-0.012463835117784932,-13.512001576830393
odom,2025-03-31 13:01:50.853730,1.3910054231357518,-0.3306721624814075,-102.50704068479372,-0.22935617603090178,0.07933080230956602,-14.587693541923587
odom,2025-03-31 13:01:51.017616,1.3896247368131502,-0.3577373419345663,-101.0964465487648,-0.19860064981916004,-0.028534309769307688,-13.063381699828183
odom,2025-03-31 13:01:51.205887,1.3969571026121566,-0.38271151387302166,-98.9324197598392,-0.1915598502609347,-0.09052761647935133,-14.055520921171828
odom,2025-03-31 13:01:51.368286,1.3971752201340837,-0.4108310271217923,-97.49756119106158,-0.22656428800362305,-0.031607610194966336,-13.842909555483484
odom,2025-03-31 13:01:51.555244,1.393983832476869,-0.4392233930188057,-95.63054275456258,-0.21163232589006595,0.0028914531292912635,-12.364274264749632
odom,2025-03-31 13:01:51.740388,1.3942636629005933,-0.4620915279522913,-94.02512059702545,-0.18547816426500946,-0.015334449692040092,-13.35457329684407
odom,2025-03-31 13:01:51.899686,1.3960857486649811,-0.49039972270353077,-92.64521199056286,-0.20891705132474608,-0.02316810523304295,-11.98170161810603
odom,2025-03-31 13:01:52.084874,1.3985443192204359,-0.5187143192862773,-91.32403434712592,-0.22939844392817385,-0.02527153362615556,-12.942882679428754
odom,2025-03-31 13:01:52.245210,1.3983808297897524,-0.5506681282745751,-90.31785989056934,-0.26076006457437145,-0.00011244683371809418,-12.863639052580716
odom,2025-03-31 13:01:52.405586,1.3996317338758661,-0.5846550092606627,-89.36481898107739,-0.25144182152479494,-0.0064641849561973665,-11.53505579298488
odom,2025-03-31 13:01:52.540172,1.3945692922672988,-0.621653056093191,-88.73527168631217,-0.2999004913689305,0.0478007739715038,-12.594815000188431
odom,2025-03-31 13:01:52.650937,1.3908329259724455,-0.658281352268905,-88.10465489368386,-0.270162417752269,0.03662251524462907,-11.386510379292465
odom,2025-03-31 13:01:52.761490,1.3917208609349936,-0.6939447668227529,-87.70133182011706,-0.2903811390416263,0.004421941612022468,-12.46076905543614
odom,2025-03-31 13:01:52.870664,1.394727336058803,-0.7355233281379554,-87.41974104628135,-0.33964427361355903,-0.009223141304247496,-12.435676349153368
odom,2025-03-31 13:01:52.981115,1.3895720464130144,-0.7725023935160046,-87.41773778904381,-0.27140320107172444,0.05039360644973648,-11.28018953145201
odom,2025-03-31 13:01:53.089363,1.396966963563188,-0.8173474055358135,-87.6232463507957,-0.3674765056941769,-0.04503594182112672,-12.457290676955385
odom,2025-03-31 13:01:53.196655,1.4001247937891483,-0.8580956307445058,-87.52898729411838,-0.3022334856356564,-0.010344725675271895,-11.303610761102668
